status_code,response_time,response_length,header_count,cookie_count,redirect_count,framework_encoded,server_encoded,authentication,param_count,form_count,endpoint_count,depth,has_password_field,has_file_upload,has_search_form,label
500,1216,8285,2,1,2,5,0,0,7,0,5,0,0,1,1,Header
200,194,1000,0,1,0,0,0,1,0,0,2,2,0,0,0,Information
200,228,1864,0,1,0,0,0,1,13,1,3,3,1,0,0,Safe
200,223,1717,0,1,0,0,0,1,13,1,3,3,1,0,0,Safe
200,197,1114,0,1,0,0,0,1,3,1,3,3,0,0,0,Authorization
200,196,1000,0,1,0,0,0,1,0,0,3,3,0,0,0,Safe
200,396,1000,0,1,0,0,0,1,1,0,3,3,0,0,0,Input Validation
200,236,1000,0,1,0,0,0,1,0,0,4,4,0,0,0,Information
500,1609,3175,0,1,0,0,4,1,3,2,5,4,1,0,0,Header
200,198,1000,0,1,0,0,0,1,0,0,3,3,0,0,0,Safe
200,680,8953,7,0,2,2,3,0,7,2,9,4,0,0,1,Input Validation
200,868,1000,0,1,0,0,0,1,13,0,3,3,1,0,0,Input Validation
500,1152,4857,0,3,0,2,3,1,5,0,1,0,0,1,0,Header
200,199,1099,0,1,0,0,0,1,1,1,3,3,0,0,0,Safe
200,210,1195,0,1,0,0,0,1,5,1,3,3,1,0,0,Safe
200,236,1000,0,1,0,0,0,1,0,0,4,4,0,0,0,Information
200,199,1099,0,1,0,0,0,1,1,1,3,3,0,0,0,Safe
200,200,1000,0,1,0,0,0,1,0,0,3,3,0,0,0,Safe
200,234,1000,0,1,0,0,0,1,1,0,3,3,0,0,0,Safe
200,214,1012,0,1,0,0,0,1,1,1,3,3,0,0,0,Authorization
200,202,1201,0,1,0,0,0,1,5,1,3,3,0,0,0,Authorization
200,228,1924,0,1,0,0,0,1,13,1,3,3,1,0,0,Input Validation
200,186,1000,0,1,0,0,0,1,0,0,1,1,0,0,0,Information
403,899,4133,3,2,0,3,1,0,2,2,8,3,0,0,1,Session
200,202,1000,0,1,0,0,0,1,0,0,3,3,0,0,0,Information
200,197,1042,0,1,0,0,0,1,1,1,3,3,0,0,0,Safe
200,208,1000,0,1,0,0,0,1,0,0,3,3,0,0,0,Information
200,204,1261,0,1,0,0,0,1,1,1,3,3,0,0,0,Input Validation
400,1652,6318,4,3,1,2,2,1,2,1,3,1,1,0,0,Session
200,898,1000,0,1,0,0,0,1,13,0,3,3,1,0,0,Input Validation
400,1908,3737,1,3,1,4,3,1,0,2,8,0,1,0,0,Session
200,214,1000,0,1,0,0,0,1,0,0,4,4,0,0,0,Safe
200,250,1000,0,1,0,0,0,1,0,0,4,4,0,0,0,Input Validation
200,604,1000,0,1,0,0,0,1,1,0,3,3,0,0,0,Input Validation
200,196,1000,0,1,0,0,0,1,0,0,3,3,0,0,0,Safe
200,222,1729,0,1,0,0,0,1,13,1,3,3,1,0,0,Safe
403,144,7339,6,1,1,1,2,1,1,0,6,3,1,1,1,Authentication
200,348,1000,0,1,0,0,0,1,5,0,3,3,1,0,0,Input Validation
500,1280,452,3,3,0,5,4,0,1,0,8,3,0,1,1,Configuration
200,1026,3822,0,1,1,0,0,1,7,2,9,2,0,0,1,Header
200,200,1000,0,1,0,0,0,1,0,0,3,3,0,0,0,Information
200,222,1000,0,1,0,0,0,1,0,0,3,3,0,0,0,Input Validation
200,212,1000,0,1,0,0,0,1,0,0,3,3,0,0,0,Safe
200,426,1000,0,1,0,0,0,1,5,0,3,3,1,0,0,Input Validation
200,197,1051,0,1,0,0,0,1,1,1,3,3,0,0,0,Authorization
200,196,1000,0,1,0,0,0,1,0,0,3,3,0,0,0,Safe
200,748,1000,0,1,0,0,0,1,13,0,3,3,1,0,0,Safe
200,336,1000,0,1,0,0,0,1,5,0,3,3,1,0,0,Safe
200,264,1000,0,1,0,0,0,1,1,0,3,3,0,0,0,Input Validation
200,796,1000,0,1,0,0,0,1,13,0,3,3,1,0,0,Input Validation
200,1006,1000,0,1,0,0,0,1,13,0,3,3,1,0,0,Input Validation
500,1184,6379,1,1,0,3,4,0,0,2,2,2,0,1,0,Input Validation
200,200,1000,0,1,0,0,0,1,0,0,3,3,0,0,0,Safe
200,206,1000,0,1,0,0,0,1,0,0,3,3,0,0,0,Safe
200,985,6871,2,0,1,3,4,0,7,1,1,0,1,0,1,Header
302,880,2861,0,0,1,5,4,1,0,1,6,1,0,1,1,Header
200,227,1819,0,1,0,0,0,1,13,1,3,3,1,0,0,Input Validation
200,380,1000,0,1,0,0,0,1,1,0,3,3,0,0,0,Input Validation
200,196,1000,0,1,0,0,0,1,0,0,3,3,0,0,0,Safe
200,354,1000,0,1,0,0,0,1,5,0,3,3,0,0,0,Safe
403,140,8821,2,3,2,5,2,1,1,1,9,3,0,1,0,Header
200,202,1000,0,1,0,0,0,1,0,0,3,3,0,0,0,Safe
200,696,1000,0,1,0,0,0,1,13,0,3,3,1,0,0,Safe
302,1063,7279,2,3,0,0,4,0,1,2,7,3,0,1,0,Configuration
200,238,1000,0,1,0,0,0,1,0,0,4,4,0,0,0,Input Validation
200,194,1000,0,1,0,0,0,1,0,0,3,3,0,0,0,Safe
200,214,1012,0,1,0,0,0,1,1,1,3,3,0,0,0,Safe
302,1769,6786,2,0,0,5,4,0,0,0,9,1,1,1,0,Header
200,180,1000,0,1,0,0,0,1,0,0,2,2,0,0,0,Information
200,348,1000,0,1,0,0,0,1,1,0,3,3,0,0,0,Input Validation
200,178,1000,0,1,0,0,0,1,0,0,1,1,0,0,0,Information
200,239,2173,0,1,0,0,0,1,13,1,3,3,1,0,0,Input Validation
200,808,1000,0,1,0,0,0,1,13,0,3,3,1,0,0,Input Validation
200,1912,2668,7,0,2,2,2,1,7,2,3,0,1,0,1,Authentication
200,364,1000,0,1,0,0,0,1,1,0,3,3,0,0,0,Input Validation
200,221,1234,0,1,0,0,0,1,1,1,3,3,0,0,0,Input Validation
200,196,1000,0,1,0,0,0,1,0,0,3,3,0,0,0,Input Validation
200,194,1000,0,1,0,0,0,1,0,0,3,3,0,0,0,Safe
200,150,1000,0,1,0,0,0,1,0,0,0,0,0,0,0,Information
200,214,1012,0,1,0,0,0,1,1,1,3,3,0,0,0,Safe
200,246,1000,0,1,0,0,0,1,0,0,5,5,0,0,0,Information
200,198,1000,0,1,0,0,0,1,0,0,3,3,0,0,0,Safe
200,200,1000,0,1,0,0,0,1,0,0,3,3,0,0,0,Safe
200,328,1000,0,1,0,0,0,1,5,0,3,3,1,0,0,Safe
200,196,1000,0,1,0,0,0,1,0,0,3,3,0,0,0,Safe
200,490,1000,0,1,0,0,0,1,5,0,3,3,1,0,0,Input Validation
200,178,1000,0,1,0,0,0,1,0,0,2,2,0,0,0,Safe
200,200,1000,0,1,0,0,0,1,0,0,3,3,0,0,0,Information
200,806,1000,0,1,0,0,0,1,13,0,3,3,1,0,0,Input Validation
200,408,1000,0,1,0,0,0,1,5,0,3,3,1,0,0,Input Validation
403,223,626,0,4,1,3,4,1,7,0,3,3,0,0,0,Session
200,227,1816,0,1,0,0,0,1,13,1,3,3,1,0,0,Authorization
200,402,1000,0,1,0,0,0,1,3,0,3,3,0,0,0,Input Validation
200,150,1000,0,1,0,0,0,1,0,0,0,0,0,0,0,Input Validation
200,210,1198,0,1,0,0,0,1,5,1,3,3,1,0,0,Safe
200,182,1000,0,1,0,0,0,1,0,0,2,2,0,0,0,Input Validation
200,188,1000,0,1,0,0,0,1,0,0,3,3,0,0,0,Safe
302,162,9132,2,1,2,4,4,0,3,2,9,3,1,0,1,Header
200,150,1000,0,1,0,0,0,1,0,0,0,0,0,0,0,Input Validation
400,92,2006,6,0,2,2,3,1,3,0,3,2,1,0,1,Authentication
200,1989,7933,5,1,0,2,4,1,4,0,4,1,1,0,1,Input Validation
200,202,1000,0,1,0,0,0,1,0,0,3,3,0,0,0,Input Validation
200,266,1000,0,1,0,0,0,1,1,0,3,3,0,0,0,Input Validation
200,224,1786,0,1,0,0,0,1,13,1,3,3,1,0,0,Safe
200,204,1000,0,1,0,0,0,1,0,0,3,3,0,0,0,Information
200,188,1000,0,1,0,0,0,1,0,0,3,3,0,0,0,Safe
200,422,1000,0,1,0,0,0,1,5,0,3,3,1,0,0,Input Validation
200,194,1000,0,1,0,0,0,1,0,0,2,2,0,0,0,Safe
200,196,1000,0,1,0,0,0,1,0,0,3,3,0,0,0,Safe
200,209,1174,0,1,0,0,0,1,5,1,3,3,1,0,0,Safe
200,198,1123,0,1,0,0,0,1,3,1,3,3,0,0,0,Safe
200,672,1000,0,1,0,0,0,1,13,0,3,3,1,0,0,Safe
200,196,1000,0,1,0,0,0,1,0,0,3,3,0,0,0,Safe
200,192,1000,0,1,0,0,0,1,0,0,3,3,0,0,0,Safe
200,231,2017,0,1,0,0,0,1,13,1,3,3,1,0,0,Safe
200,205,1279,0,1,0,0,0,1,5,1,3,3,0,0,0,Input Validation
200,246,1000,0,1,0,0,0,1,0,0,5,5,0,0,0,Information
500,1609,3175,0,1,0,0,4,1,3,2,5,4,1,0,0,Header
200,406,1000,0,1,0,0,0,1,5,0,3,3,1,0,0,Input Validation
200,346,1000,0,1,0,0,0,1,3,0,3,3,0,0,0,Input Validation
200,198,1000,0,1,0,0,0,1,0,0,3,3,0,0,0,Safe
200,182,1000,0,1,0,0,0,1,0,0,2,2,0,0,0,Safe
200,470,6317,3,1,1,2,4,1,1,1,7,2,1,0,0,Session
403,1338,3042,1,1,0,1,0,1,6,2,3,4,1,1,1,Header
200,204,1000,0,1,0,0,0,1,0,0,3,3,0,0,0,Information
403,1512,302,7,2,0,5,4,1,1,1,6,2,1,1,1,Authentication
200,352,1000,0,1,0,0,0,1,1,0,3,3,0,0,0,Input Validation
200,178,1000,0,1,0,0,0,1,0,0,2,2,0,0,0,Safe
200,396,1000,0,1,0,0,0,1,1,0,3,3,0,0,0,Input Validation
200,247,1383,3,3,2,2,3,0,6,0,5,0,1,0,1,Input Validation
200,222,1723,0,1,0,0,0,1,13,1,3,3,1,0,0,Safe
200,244,1000,0,1,0,0,0,1,0,0,4,4,0,0,0,Input Validation
400,67,868,3,2,2,1,1,1,3,0,2,2,0,1,0,Configuration
200,196,1000,0,1,0,0,0,1,0,0,3,3,0,0,0,Safe
200,214,1012,0,1,0,0,0,1,1,1,3,3,0,0,0,Authorization
200,212,1000,0,1,0,0,0,1,0,0,3,3,0,0,0,Safe
200,199,1099,0,1,0,0,0,1,1,1,3,3,0,0,0,Safe
200,210,1423,0,1,0,0,0,1,5,1,3,3,0,0,0,Input Validation
200,216,1000,0,1,0,0,0,1,0,0,4,4,0,0,0,Safe
200,330,1000,0,1,0,0,0,1,5,0,3,3,0,0,0,Safe
200,188,1000,0,1,0,0,0,1,0,0,3,3,0,0,0,Safe
200,210,1204,0,1,0,0,0,1,5,1,3,3,1,0,0,Safe
200,412,1000,0,1,0,0,0,1,3,0,3,3,0,0,0,Input Validation
500,532,1649,6,0,0,5,4,1,6,1,5,4,1,0,1,Input Validation
500,988,4905,3,3,2,5,2,1,4,1,9,3,1,0,1,Configuration
200,346,1000,0,1,0,0,0,1,1,0,3,3,0,0,0,Input Validation
200,828,1000,0,1,0,0,0,1,13,0,3,3,1,0,0,Input Validation
200,210,1189,0,1,0,0,0,1,5,1,3,3,1,0,0,Authorization
200,209,1168,0,1,0,0,0,1,5,1,3,3,1,0,0,Authorization
200,730,1000,0,1,0,0,0,1,13,0,3,3,1,0,0,Safe
200,198,1000,0,1,0,0,0,1,0,0,3,3,0,0,0,Safe
200,186,1000,0,1,0,0,0,1,0,0,3,3,0,0,0,Input Validation
200,210,1000,0,1,0,0,0,1,0,0,3,3,0,0,0,Input Validation
200,203,1231,0,1,0,0,0,1,1,1,3,3,0,0,0,Input Validation
403,88,7794,2,0,0,5,0,0,1,0,2,2,1,1,1,Configuration
200,204,1000,0,1,0,0,0,1,0,0,3,3,0,0,0,Information
200,166,1000,0,1,0,0,0,1,0,0,1,1,0,0,0,Input Validation
302,1506,1091,0,3,2,2,1,0,2,0,5,4,1,0,0,Header
200,322,1000,0,1,0,0,0,1,1,0,3,3,0,0,0,Input Validation
200,450,6831,0,1,2,5,3,1,0,1,8,1,1,0,1,Configuration
200,203,1222,0,1,0,0,0,1,5,1,3,3,0,0,0,Authorization
200,718,1000,0,1,0,0,0,1,13,0,3,3,1,0,0,Safe
403,562,675,3,3,0,2,4,0,4,0,1,0,1,1,1,Configuration
302,96,1356,0,1,2,0,4,1,5,2,7,0,1,1,1,Authentication
200,214,1000,0,1,0,0,0,1,0,0,4,4,0,0,0,Safe
200,199,1090,0,1,0,0,0,1,1,1,3,3,0,0,0,Input Validation
302,203,9575,3,1,0,2,4,1,0,2,5,1,1,0,1,Session
200,203,1213,0,1,0,0,0,1,5,1,3,3,0,0,0,Safe
200,238,1000,0,1,0,0,0,1,0,0,4,4,0,0,0,Information
403,470,9883,0,2,2,3,2,0,1,1,3,2,0,0,0,Session
200,796,1000,0,1,0,0,0,1,13,0,3,3,1,0,0,Input Validation
403,1185,5562,0,0,2,1,0,0,1,0,8,1,0,1,0,Header
200,178,1000,0,1,0,0,0,1,0,0,1,1,0,0,0,Information
200,219,1171,0,1,0,0,0,1,1,1,3,3,0,0,0,Input Validation
200,205,1273,0,1,0,0,0,1,1,1,3,3,0,0,0,Input Validation
200,230,1000,0,1,0,0,0,1,0,0,3,3,0,0,0,Input Validation
302,1069,6041,3,0,2,4,3,0,1,0,5,2,1,0,1,Configuration
200,197,1051,0,1,0,0,0,1,1,1,3,3,0,0,0,Authorization
200,1024,1000,0,1,0,0,0,1,13,0,3,3,1,0,0,Input Validation
200,196,1000,0,1,0,0,0,1,0,0,3,3,0,0,0,Safe
200,198,1072,0,1,0,0,0,1,1,1,3,3,0,0,0,Input Validation
200,219,1171,0,1,0,0,0,1,1,1,3,3,0,0,0,Input Validation
403,478,9599,0,0,1,2,2,0,0,2,2,3,0,0,1,Header
200,932,4861,7,3,1,1,3,1,2,0,8,2,0,1,0,Session
200,198,1000,0,1,0,0,0,1,0,0,3,3,0,0,0,Safe
200,244,1000,0,1,0,0,0,1,0,0,5,5,0,0,0,Information
200,414,1000,0,1,0,0,0,1,5,0,3,3,1,0,0,Input Validation
400,1185,2657,0,2,0,4,1,1,5,1,2,2,1,0,0,Authentication
400,912,9897,0,3,2,3,2,1,5,0,5,0,1,0,0,Session
200,197,1051,0,1,0,0,0,1,1,1,3,3,0,0,0,Authorization
200,696,1000,0,1,0,0,0,1,13,0,3,3,1,0,0,Safe
200,466,1000,0,1,0,0,0,1,5,0,3,3,1,0,0,Safe
200,232,1969,0,1,0,0,0,1,13,1,3,3,1,0,0,Input Validation
200,200,1132,0,1,0,0,0,1,1,1,3,3,0,0,0,Input Validation
200,188,1000,0,1,0,0,0,1,0,0,3,3,0,0,0,Safe
200,162,1000,0,1,0,0,0,1,0,0,1,1,0,0,0,Safe
200,205,1273,0,1,0,0,0,1,1,1,3,3,0,0,0,Input Validation
200,205,1273,0,1,0,0,0,1,1,1,3,3,0,0,0,Input Validation
200,204,1261,0,1,0,0,0,1,1,1,3,3,0,0,0,Input Validation
200,1818,2049,0,0,1,5,1,1,6,1,2,1,1,0,1,Configuration
200,194,1000,0,1,0,0,0,1,0,0,3,3,0,0,0,Safe
200,372,1000,0,1,0,0,0,1,3,0,3,3,0,0,0,Input Validation
200,702,1000,0,1,0,0,0,1,13,0,3,3,1,0,0,Safe
500,1280,452,3,3,0,5,4,0,1,0,8,3,0,1,1,Configuration
200,410,1000,0,1,0,0,0,1,5,0,3,3,1,0,0,Input Validation
403,1027,5204,6,3,2,5,4,1,0,2,7,0,1,0,1,Authentication
200,252,1000,0,1,0,0,0,1,0,0,4,4,0,0,0,Input Validation
200,240,1000,0,1,0,0,0,1,0,0,5,5,0,0,0,Information
200,234,2044,0,1,0,0,0,1,13,1,3,3,1,0,0,Input Validation
200,196,1000,0,1,0,0,0,1,0,0,3,3,0,0,0,Safe
200,202,1000,0,1,0,0,0,1,0,0,3,3,0,0,0,Safe
200,356,1000,0,1,0,0,0,1,1,0,3,3,0,0,0,Input Validation
200,1255,5088,2,1,2,3,3,0,4,2,3,4,0,0,0,Header
200,216,1000,0,1,0,0,0,1,0,0,4,4,0,0,0,Safe
200,203,1222,0,1,0,0,0,1,5,1,3,3,0,0,0,Authorization
200,204,1000,0,1,0,0,0,1,0,0,3,3,0,0,0,Information
200,206,1000,0,1,0,0,0,1,0,0,4,4,0,0,0,Information
200,1912,2668,7,0,2,2,2,1,7,2,3,0,1,0,1,Authentication
200,197,1051,0,1,0,0,0,1,1,1,3,3,0,0,0,Authorization
200,342,1000,0,1,0,0,0,1,1,0,3,3,0,0,0,Input Validation
500,1648,5529,1,2,0,5,1,0,1,0,9,0,1,0,1,Configuration
200,216,1000,0,1,0,0,0,1,0,0,4,4,0,0,0,Safe
200,226,1000,0,1,0,0,0,1,0,0,3,3,0,0,0,Information
200,200,1147,0,1,0,0,0,1,1,1,3,3,0,0,0,Input Validation
200,573,2493,5,1,0,5,1,1,2,0,9,0,1,0,1,Authentication
200,214,1000,0,1,0,0,0,1,0,0,4,4,0,0,0,Safe
200,774,1000,0,1,0,0,0,1,13,0,3,3,1,0,0,Input Validation
200,198,1000,0,1,0,0,0,1,0,0,1,1,0,0,0,Information
200,338,1000,0,1,0,0,0,1,1,0,3,3,0,0,0,Input Validation
200,202,1186,0,1,0,0,0,1,1,1,3,3,0,0,0,Input Validation
200,210,1189,0,1,0,0,0,1,5,1,3,3,1,0,0,Safe
302,614,8082,4,3,1,4,4,1,7,1,6,0,1,1,1,Session
200,370,1000,0,1,0,0,0,1,1,0,3,3,0,0,0,Input Validation
200,868,1000,0,1,0,0,0,1,13,0,3,3,1,0,0,Safe
200,213,1294,0,1,0,0,0,1,5,1,3,3,1,0,0,Input Validation
200,216,1000,0,1,0,0,0,1,0,0,4,4,0,0,0,Safe
200,232,1000,0,1,0,0,0,1,0,0,3,3,0,0,0,Information
200,240,1000,0,1,0,0,0,1,0,0,5,5,0,0,0,Information
200,152,1000,0,1,0,0,0,1,0,0,1,1,0,0,0,Information
200,197,1057,0,1,0,0,0,1,1,1,3,3,0,0,0,Safe
400,1064,7500,2,2,2,3,0,1,3,2,1,3,1,1,1,Authentication
200,442,1000,0,1,0,0,0,1,5,0,3,3,1,0,0,Safe
302,1076,6569,3,2,0,3,0,1,4,2,3,4,0,0,1,Session
200,152,1000,0,1,0,0,0,1,0,0,1,1,0,0,0,Input Validation
200,412,1000,0,1,0,0,0,1,1,0,3,3,0,0,0,Input Validation
302,1890,506,1,1,1,4,1,1,5,1,2,1,1,0,0,Header
200,219,1705,0,1,0,0,0,1,5,1,3,3,0,0,0,Input Validation
200,214,1000,0,1,0,0,0,1,0,0,4,4,0,0,0,Safe
200,214,1012,0,1,0,0,0,1,1,1,3,3,0,0,0,Safe
200,200,1000,0,1,0,0,0,1,0,0,3,3,0,0,0,Safe
200,196,1000,0,1,0,0,0,1,0,0,3,3,0,0,0,Safe
400,866,1929,7,2,1,3,3,1,0,2,4,0,0,1,0,Session
200,418,1000,0,1,0,0,0,1,5,0,3,3,0,0,0,Input Validation
200,150,1000,0,1,0,0,0,1,0,0,0,0,0,0,0,Information
200,206,1321,0,1,0,0,0,1,1,1,3,3,0,0,0,Input Validation
200,214,1000,0,1,0,0,0,1,0,0,4,4,0,0,0,Information
200,216,1000,0,1,0,0,0,1,0,0,4,4,0,0,0,Safe
200,230,1969,0,1,0,0,0,1,13,1,3,3,1,0,0,Input Validation
200,205,1279,0,1,0,0,0,1,1,1,3,3,0,0,0,Input Validation
200,212,1000,0,1,0,0,0,1,0,0,3,3,0,0,0,Safe
200,184,1000,0,1,0,0,0,1,0,0,2,2,0,0,0,Information
400,670,902,1,0,0,3,3,1,2,1,7,0,0,0,0,Header
200,206,1000,0,1,0,0,0,1,0,0,4,4,0,0,0,Input Validation
200,328,1000,0,1,0,0,0,1,5,0,3,3,1,0,0,Safe
200,410,1000,0,1,0,0,0,1,5,0,3,3,1,0,0,Input Validation
200,176,1000,0,1,0,0,0,1,0,0,2,2,0,0,0,Safe
200,226,1786,0,1,0,0,0,1,13,1,3,3,1,0,0,Safe
200,222,1000,0,1,0,0,0,1,0,0,3,3,0,0,0,Input Validation
200,1067,1984,1,1,1,5,0,0,7,1,8,0,1,0,1,Session
200,213,1279,0,1,0,0,0,1,5,1,3,3,1,0,0,Input Validation
200,378,1000,0,1,0,0,0,1,3,0,3,3,0,0,0,Input Validation
200,204,1000,0,1,0,0,0,1,0,0,4,4,0,0,0,Information
200,432,1000,0,1,0,0,0,1,1,0,3,3,0,0,0,Input Validation
200,1908,9271,3,4,1,2,2,0,6,2,1,1,0,1,0,Session
400,866,1929,7,2,1,3,3,1,0,2,4,0,0,1,0,Session
200,192,1000,0,1,0,0,0,1,0,0,3,3,0,0,0,Safe
302,1538,6168,5,1,1,3,2,0,6,2,4,4,0,1,0,Session
200,198,1000,0,1,0,0,0,1,0,0,3,3,0,0,0,Safe
200,198,1132,0,1,0,0,0,1,3,1,3,3,0,0,0,Safe
200,330,1000,0,1,0,0,0,1,1,0,3,3,0,0,0,Input Validation
200,166,1000,0,1,0,0,0,1,0,0,1,1,0,0,0,Information
200,734,1000,0,1,0,0,0,1,13,0,3,3,1,0,0,Input Validation
200,207,1339,0,1,0,0,0,1,5,1,3,3,0,0,0,Input Validation
200,166,1000,0,1,0,0,0,1,0,0,1,1,0,0,0,Information
200,400,1000,0,1,0,0,0,1,1,0,3,3,0,0,0,Input Validation
200,232,1000,0,1,0,0,0,1,1,0,3,3,0,0,0,Safe
200,866,1000,0,1,0,0,0,1,13,0,3,3,1,0,0,Input Validation
302,484,8675,1,1,1,5,3,0,0,2,4,0,0,0,1,Header
200,197,1051,0,1,0,0,0,1,1,1,3,3,0,0,0,Safe
200,342,1000,0,1,0,0,0,1,5,0,3,3,0,0,0,Safe
200,225,1771,0,1,0,0,0,1,13,1,3,3,1,0,0,Authorization
200,212,1000,0,1,0,0,0,1,0,0,3,3,0,0,0,Safe
200,196,1000,0,1,0,0,0,1,0,0,3,3,0,0,0,Information
200,985,6871,2,0,1,3,4,0,7,1,1,0,1,0,1,Header
200,224,1000,0,1,0,0,0,1,0,0,4,4,0,0,0,Information
200,344,1000,0,1,0,0,0,1,1,0,3,3,0,0,0,Input Validation
500,721,6416,4,2,0,5,4,1,3,0,4,2,1,1,0,Authentication
200,200,1000,0,1,0,0,0,1,0,0,3,3,0,0,0,Safe
200,194,1000,0,1,0,0,0,1,0,0,3,3,0,0,0,Safe
200,220,1201,0,1,0,0,0,1,1,1,3,3,0,0,0,Input Validation
200,272,1000,0,1,0,0,0,1,0,0,5,5,0,0,0,Information
200,199,1099,0,1,0,0,0,1,1,1,3,3,0,0,0,Safe
200,203,1222,0,1,0,0,0,1,5,1,3,3,0,0,0,Safe
200,202,1261,0,1,0,0,0,1,3,1,3,3,0,0,0,Input Validation
200,212,1000,0,1,0,0,0,1,0,0,4,4,0,0,0,Input Validation
200,217,1411,0,1,0,0,0,1,5,1,3,3,1,0,0,Input Validation
200,205,1351,0,1,0,0,0,1,3,1,3,3,0,0,0,Input Validation
200,202,1000,0,1,0,0,0,1,0,0,3,3,0,0,0,Safe
200,854,1000,0,1,0,0,0,1,13,0,3,3,1,0,0,Input Validation
200,224,1807,0,1,0,0,0,1,13,1,3,3,1,0,0,Safe
200,150,1000,0,1,0,0,0,1,0,0,0,0,0,0,0,Input Validation
200,188,1000,0,1,0,0,0,1,0,0,2,2,0,0,0,Information
200,209,1177,0,1,0,0,0,1,5,1,3,3,1,0,0,Authorization
200,196,1000,0,1,0,0,0,1,0,0,3,3,0,0,0,Safe
200,216,1000,0,1,0,0,0,1,0,0,4,4,0,0,0,Safe
200,200,1000,0,1,0,0,0,1,0,0,3,3,0,0,0,Safe
200,237,2197,0,1,0,0,0,1,13,1,3,3,1,0,0,Input Validation
400,1906,1172,6,1,1,5,3,0,6,2,9,1,1,0,1,Session
200,252,1000,0,1,0,0,0,1,0,0,4,4,0,0,0,Input Validation
200,320,1000,0,1,0,0,0,1,5,0,3,3,1,0,0,Safe
200,213,1288,0,1,0,0,0,1,5,1,3,3,1,0,0,Input Validation
200,422,1000,0,1,0,0,0,1,5,0,3,3,1,0,0,Input Validation
200,210,1180,0,1,0,0,0,1,5,1,3,3,1,0,0,Safe
200,180,1000,0,1,0,0,0,1,0,0,2,2,0,0,0,Input Validation
200,226,1867,0,1,0,0,0,1,13,1,3,3,1,0,0,Input Validation
200,210,1195,0,1,0,0,0,1,5,1,3,3,0,0,0,Safe
200,370,1000,0,1,0,0,0,1,1,0,3,3,0,0,0,Input Validation
200,196,1000,0,1,0,0,0,1,0,0,3,3,0,0,0,Safe
200,700,1000,0,1,0,0,0,1,13,0,3,3,1,0,0,Safe
200,212,1000,0,1,0,0,0,1,0,0,3,3,0,0,0,Safe
200,224,1000,0,1,0,0,0,1,1,0,3,3,0,0,0,Safe
302,1396,1691,3,1,2,4,4,0,5,2,8,3,0,0,0,Configuration
200,800,1000,0,1,0,0,0,1,13,0,3,3,1,0,0,Input Validation
400,870,1862,0,2,1,5,0,1,2,1,9,4,1,1,0,Input Validation
403,538,3076,7,3,2,1,0,1,3,0,9,1,1,0,1,Authentication
200,676,1000,0,1,0,0,0,1,13,0,3,3,1,0,0,Safe
200,153,2845,3,4,1,4,1,0,6,1,9,1,0,1,0,Session
403,1777,6142,5,2,0,0,0,1,3,0,3,4,1,1,0,Authentication
200,380,1000,0,1,0,0,0,1,1,0,3,3,0,0,0,Input Validation
200,230,1984,0,1,0,0,0,1,13,1,3,3,1,0,0,Input Validation
403,1073,5772,2,4,1,5,2,1,0,2,9,4,1,0,0,Session
200,222,1000,0,1,0,0,0,1,0,0,3,3,0,0,0,Information
200,223,1711,0,1,0,0,0,1,13,1,3,3,1,0,0,Authorization
400,326,9231,0,2,0,2,0,0,5,1,6,2,0,1,0,Header
200,216,1000,0,1,0,0,0,1,0,0,4,4,0,0,0,Safe
200,684,1000,0,1,0,0,0,1,13,0,3,3,1,0,0,Safe
200,194,1000,0,1,0,0,0,1,0,0,3,3,0,0,0,Safe
200,264,1000,0,1,0,0,0,1,1,0,3,3,0,0,0,Safe
200,214,1012,0,1,0,0,0,1,1,1,3,3,0,0,0,Safe
200,188,1000,0,1,0,0,0,1,0,0,3,3,0,0,0,Input Validation
200,224,1747,0,1,0,0,0,1,13,1,3,3,1,0,0,Authorization
200,216,1000,0,1,0,0,0,1,0,0,4,4,0,0,0,Safe
200,198,1129,0,1,0,0,0,1,3,1,3,3,0,0,0,Authorization
200,225,1756,0,1,0,0,0,1,13,1,3,3,1,0,0,Safe
200,726,1000,0,1,0,0,0,1,13,0,3,3,1,0,0,Safe
200,436,2258,5,4,1,3,4,0,0,1,6,0,1,0,1,Session
200,282,1000,0,1,0,0,0,1,3,0,3,3,0,0,0,Safe
400,1735,869,7,3,1,5,1,1,3,0,1,3,1,1,0,Authentication
200,71,8969,1,0,1,0,0,1,1,0,1,0,1,1,0,Header
200,464,1000,0,1,0,0,0,1,5,0,3,3,1,0,0,Input Validation
302,313,2941,0,4,2,5,2,0,3,0,5,0,0,0,0,Session
200,194,1000,0,1,0,0,0,1,0,0,3,3,0,0,0,Safe
200,202,1201,0,1,0,0,0,1,1,1,3,3,0,0,0,Input Validation
200,198,1000,0,1,0,0,0,1,0,0,3,3,0,0,0,Safe
200,192,1000,0,1,0,0,0,1,0,0,3,3,0,0,0,Safe
200,203,1219,0,1,0,0,0,1,5,1,3,3,0,0,0,Authorization
400,912,9897,0,3,2,3,2,1,5,0,5,0,1,0,0,Session
200,284,1000,0,1,0,0,0,1,3,0,3,3,0,0,0,Safe
200,362,6054,1,2,2,4,0,0,4,2,3,0,1,0,1,Configuration
400,217,8901,3,0,0,4,1,0,0,1,5,3,1,1,1,Configuration
400,92,2006,6,0,2,2,3,1,3,0,3,2,1,0,1,Authentication
200,240,1000,0,1,0,0,0,1,0,0,4,4,0,0,0,Information
200,222,1264,0,1,0,0,0,1,1,1,3,3,0,0,0,Safe
200,199,1114,0,1,0,0,0,1,1,1,3,3,0,0,0,Safe
200,1581,3090,3,1,1,4,4,1,7,0,9,0,1,1,0,Input Validation
200,197,1114,0,1,0,0,0,1,3,1,3,3,0,0,0,Safe
200,206,1000,0,1,0,0,0,1,0,0,2,2,0,0,0,Input Validation
200,212,1264,0,1,0,0,0,1,5,1,3,3,1,0,0,Safe
200,192,1000,0,1,0,0,0,1,0,0,3,3,0,0,0,Safe
200,218,1141,0,1,0,0,0,1,1,1,3,3,0,0,0,Input Validation
200,178,1000,0,1,0,0,0,1,0,0,1,1,0,0,0,Information
200,456,1000,0,1,0,0,0,1,5,0,3,3,0,0,0,Input Validation
200,202,1207,0,1,0,0,0,1,1,1,3,3,0,0,0,Input Validation
200,192,1000,0,1,0,0,0,1,0,0,3,3,0,0,0,Safe
200,194,1000,0,1,0,0,0,1,0,0,3,3,0,0,0,Safe
200,222,1000,0,1,0,0,0,1,0,0,5,5,0,0,0,Safe
200,190,1000,0,1,0,0,0,1,0,0,1,1,0,0,0,Input Validation
200,206,1000,0,1,0,0,0,1,0,0,4,4,0,0,0,Information
200,202,1267,0,1,0,0,0,1,3,1,3,3,0,0,0,Input Validation
200,200,1147,0,1,0,0,0,1,1,1,3,3,0,0,0,Input Validation
200,207,1336,0,1,0,0,0,1,5,1,3,3,0,0,0,Input Validation
302,440,4530,2,2,0,2,1,0,6,0,2,3,0,0,1,Configuration
200,214,1012,0,1,0,0,0,1,1,1,3,3,0,0,0,Authorization
200,227,1876,0,1,0,0,0,1,13,1,3,3,1,0,0,Input Validation
200,242,1000,0,1,0,0,0,1,0,0,5,5,0,0,0,Information
200,202,1000,0,1,0,0,0,1,0,0,3,3,0,0,0,Safe
200,1852,7549,6,0,1,2,2,1,4,0,2,0,1,0,0,Authentication
200,346,1000,0,1,0,0,0,1,3,0,3,3,0,0,0,Input Validation
200,178,1000,0,1,0,0,0,1,0,0,1,1,0,0,0,Information
400,110,5141,2,1,1,0,2,1,1,1,7,1,1,1,0,Header
200,488,1000,0,1,0,0,0,1,5,0,3,3,0,0,0,Input Validation
200,194,1000,0,1,0,0,0,1,0,0,3,3,0,0,0,Safe
200,196,1000,0,1,0,0,0,1,0,0,3,3,0,0,0,Safe
200,724,1000,0,1,0,0,0,1,13,0,3,3,1,0,0,Safe
200,302,1000,0,1,0,0,0,1,1,0,3,3,0,0,0,Input Validation
200,400,1000,0,1,0,0,0,1,1,0,3,3,0,0,0,Input Validation
200,216,1000,0,1,0,0,0,1,0,0,4,4,0,0,0,Safe
200,798,1000,0,1,0,0,0,1,13,0,3,3,1,0,0,Input Validation
200,1677,9595,4,2,0,1,2,1,2,0,1,2,1,1,1,Session
200,234,1000,0,1,0,0,0,1,1,0,3,3,0,0,0,Safe
200,494,1000,0,1,0,0,0,1,5,0,3,3,1,0,0,Input Validation
200,690,1000,0,1,0,0,0,1,13,0,3,3,1,0,0,Safe
200,482,1000,0,1,0,0,0,1,5,0,3,3,1,0,0,Input Validation
200,320,1000,0,1,0,0,0,1,1,0,3,3,0,0,0,Input Validation
200,218,1141,0,1,0,0,0,1,1,1,3,3,0,0,0,Input Validation
200,225,1756,0,1,0,0,0,1,13,1,3,3,1,0,0,Authorization
200,210,1186,0,1,0,0,0,1,5,1,3,3,1,0,0,Safe
500,1888,109,7,1,1,2,4,1,6,0,6,0,1,1,0,Authentication
200,226,1792,0,1,0,0,0,1,13,1,3,3,1,0,0,Safe
200,264,1000,0,1,0,0,0,1,1,0,3,3,0,0,0,Safe
200,200,1000,0,1,0,0,0,1,0,0,3,3,0,0,0,Safe
200,229,1870,0,1,0,0,0,1,13,1,3,3,1,0,0,Input Validation
500,1120,2241,5,1,0,3,1,1,7,0,7,3,1,1,1,Authentication
200,750,1000,0,1,0,0,0,1,13,0,3,3,1,0,0,Safe
200,210,1183,0,1,0,0,0,1,5,1,3,3,1,0,0,Authorization
200,1993,3229,0,1,2,4,2,1,6,2,7,4,0,1,0,Header
200,178,1000,0,1,0,0,0,1,0,0,2,2,0,0,0,Safe
403,195,4488,0,3,0,4,0,0,0,0,8,3,1,0,1,Configuration
200,1912,2668,7,0,2,2,2,1,7,2,3,0,1,0,1,Authentication
200,250,1000,0,1,0,0,0,1,0,0,4,4,0,0,0,Information
200,204,1249,0,1,0,0,0,1,1,1,3,3,0,0,0,Input Validation
200,252,1000,0,1,0,0,0,1,0,0,4,4,0,0,0,Input Validation
200,216,1000,0,1,0,0,0,1,0,0,4,4,0,0,0,Safe
200,1659,817,2,0,1,1,0,0,5,2,4,1,1,0,0,Header
200,196,1000,0,1,0,0,0,1,0,0,3,3,0,0,0,Information
200,226,1840,0,1,0,0,0,1,13,1,3,3,1,0,0,Safe
200,210,1192,0,1,0,0,0,1,5,1,3,3,1,0,0,Safe
200,188,1000,0,1,0,0,0,1,0,0,3,3,0,0,0,Safe
200,223,1765,0,1,0,0,0,1,13,1,3,3,1,0,0,Authorization
403,520,9533,3,4,0,4,3,1,2,2,6,0,0,0,1,Session
200,196,1000,0,1,0,0,0,1,0,0,3,3,0,0,0,Safe
400,950,5880,2,1,1,0,1,1,5,0,2,2,0,1,1,Header
200,214,1000,0,1,0,0,0,1,0,0,2,2,0,0,0,Information
200,224,1726,0,1,0,0,0,1,13,1,3,3,1,0,0,Safe
200,208,1000,0,1,0,0,0,1,0,0,3,3,0,0,0,Input Validation
200,188,1000,0,1,0,0,0,1,0,0,3,3,0,0,0,Safe
200,1136,2170,7,3,1,2,0,1,3,0,8,1,1,1,0,Session
200,800,1000,0,1,0,0,0,1,13,0,3,3,1,0,0,Input Validation
200,210,1186,0,1,0,0,0,1,5,1,3,3,1,0,0,Safe
200,184,1000,0,1,0,0,0,1,0,0,2,2,0,0,0,Information
200,818,1000,0,1,0,0,0,1,13,0,3,3,1,0,0,Input Validation
200,198,1000,0,1,0,0,0,1,0,0,3,3,0,0,0,Safe
200,227,1888,0,1,0,0,0,1,13,1,3,3,1,0,0,Input Validation
200,312,1000,0,1,0,0,0,1,1,0,3,3,0,0,0,Input Validation
400,1906,1172,6,1,1,5,3,0,6,2,9,1,1,0,1,Session
200,199,1099,0,1,0,0,0,1,1,1,3,3,0,0,0,Safe
200,216,1000,0,1,0,0,0,1,0,0,4,4,0,0,0,Safe
200,332,1000,0,1,0,0,0,1,5,0,3,3,0,0,0,Safe
200,188,1000,0,1,0,0,0,1,0,0,3,3,0,0,0,Safe
200,820,1000,0,1,0,0,0,1,13,0,3,3,1,0,0,Input Validation
200,360,1000,0,1,0,0,0,1,3,0,3,3,0,0,0,Input Validation
200,248,1000,0,1,0,0,0,1,0,0,4,4,0,0,0,Information
200,880,1000,0,1,0,0,0,1,13,0,3,3,1,0,0,Input Validation
200,216,1000,0,1,0,0,0,1,0,0,4,4,0,0,0,Safe
200,204,1000,0,1,0,0,0,1,0,0,3,3,0,0,0,Input Validation
200,188,1000,0,1,0,0,0,1,0,0,3,3,0,0,0,Safe
200,206,1000,0,1,0,0,0,1,0,0,4,4,0,0,0,Information
200,198,1000,0,1,0,0,0,1,0,0,1,1,0,0,0,Input Validation
302,345,9610,7,1,2,4,0,1,6,2,1,0,1,0,0,Authentication
200,326,1000,0,1,0,0,0,1,5,0,3,3,0,0,0,Safe
200,702,1000,0,1,0,0,0,1,13,0,3,3,1,0,0,Safe
200,219,1168,0,1,0,0,0,1,1,1,3,3,0,0,0,Input Validation
200,236,1000,0,1,0,0,0,1,0,0,4,4,0,0,0,Information
200,186,1000,0,1,0,0,0,1,0,0,2,2,0,0,0,Safe
200,150,1000,0,1,0,0,0,1,0,0,0,0,0,0,0,Information
200,742,1000,0,1,0,0,0,1,13,0,3,3,1,0,0,Safe
200,200,1000,0,1,0,0,0,1,0,0,3,3,0,0,0,Safe
200,360,1000,0,1,0,0,0,1,5,0,3,3,1,0,0,Input Validation
200,196,1000,0,1,0,0,0,1,0,0,3,3,0,0,0,Safe
200,728,1000,0,1,0,0,0,1,13,0,3,3,1,0,0,Safe
200,198,1129,0,1,0,0,0,1,3,1,3,3,0,0,0,Authorization
302,1923,7041,6,2,2,1,3,1,5,0,8,3,1,0,1,Authentication
200,190,1000,0,1,0,0,0,1,0,0,1,1,0,0,0,Safe
200,227,1879,0,1,0,0,0,1,13,1,3,3,1,0,0,Input Validation
200,216,1000,0,1,0,0,0,1,0,0,4,4,0,0,0,Safe
200,202,1189,0,1,0,0,0,1,1,1,3,3,0,0,0,Input Validation
200,818,1000,0,1,0,0,0,1,13,0,3,3,1,0,0,Input Validation
200,203,1216,0,1,0,0,0,1,1,1,3,3,0,0,0,Input Validation
200,205,1288,0,1,0,0,0,1,5,1,3,3,0,0,0,Input Validation
400,1185,2657,0,2,0,4,1,1,5,1,2,2,1,0,0,Authentication
200,232,1000,0,1,0,0,0,1,0,0,4,4,0,0,0,Information
200,348,1000,0,1,0,0,0,1,1,0,3,3,0,0,0,Input Validation
200,216,1000,0,1,0,0,0,1,0,0,4,4,0,0,0,Safe
200,201,1219,0,1,0,0,0,1,3,1,3,3,0,0,0,Input Validation
200,204,1000,0,1,0,0,0,1,0,0,3,3,0,0,0,Information
200,210,1438,0,1,0,0,0,1,5,1,3,3,0,0,0,Input Validation
200,196,1000,0,1,0,0,0,1,0,0,3,3,0,0,0,Safe
200,372,1000,0,1,0,0,0,1,1,0,3,3,0,0,0,Input Validation
200,196,1000,0,1,0,0,0,1,0,0,3,3,0,0,0,Safe
200,210,1186,0,1,0,0,0,1,5,1,3,3,1,0,0,Authorization
200,310,1000,0,1,0,0,0,1,1,0,3,3,0,0,0,Input Validation
403,223,626,0,4,1,3,4,1,7,0,3,3,0,0,0,Session
200,860,1000,0,1,0,0,0,1,13,0,3,3,1,0,0,Input Validation
200,830,462,0,0,0,1,3,0,2,1,7,4,0,0,1,Configuration
200,214,1012,0,1,0,0,0,1,1,1,3,3,0,0,0,Safe
200,194,1000,0,1,0,0,0,1,0,0,3,3,0,0,0,Safe
200,226,1804,0,1,0,0,0,1,13,1,3,3,1,0,0,Authorization
200,198,1000,0,1,0,0,0,1,0,0,3,3,0,0,0,Safe
400,1890,3490,5,2,1,4,3,1,1,1,5,3,1,0,1,Input Validation
200,224,1738,0,1,0,0,0,1,13,1,3,3,1,0,0,Authorization
200,498,1000,0,1,0,0,0,1,5,0,3,3,1,0,0,Input Validation
200,152,1000,0,1,0,0,0,1,0,0,1,1,0,0,0,Information
200,209,1399,0,1,0,0,0,1,5,1,3,3,0,0,0,Input Validation
500,753,9762,4,1,0,2,3,1,7,2,5,0,1,1,1,Authentication
200,334,1000,0,1,0,0,0,1,5,0,3,3,0,0,0,Safe
200,292,1000,0,1,0,0,0,1,1,0,3,3,0,0,0,Input Validation
200,312,1000,0,1,0,0,0,1,1,0,3,3,0,0,0,Input Validation
200,197,1051,0,1,0,0,0,1,1,1,3,3,0,0,0,Authorization
400,1759,3733,1,2,2,4,3,0,7,1,3,3,1,0,0,Configuration
200,204,1267,0,1,0,0,0,1,1,1,3,3,0,0,0,Safe
200,210,1183,0,1,0,0,0,1,5,1,3,3,1,0,0,Safe
200,203,1225,0,1,0,0,0,1,5,1,3,3,0,0,0,Authorization
200,216,1360,0,1,0,0,0,1,5,1,3,3,1,0,0,Input Validation
200,224,1807,0,1,0,0,0,1,13,1,3,3,1,0,0,Authorization
400,415,7793,1,3,0,5,4,0,4,0,5,2,1,1,0,Header
200,196,1000,0,1,0,0,0,1,0,0,3,3,0,0,0,Safe
200,150,1000,0,1,0,0,0,1,0,0,0,0,0,0,0,Input Validation
200,1849,6755,5,3,1,3,2,1,6,1,2,2,1,1,0,Authentication
200,192,1000,0,1,0,0,0,1,0,0,3,3,0,0,0,Safe
200,204,1000,0,1,0,0,0,1,0,0,4,4,0,0,0,Input Validation
200,194,1000,0,1,0,0,0,1,0,0,2,2,0,0,0,Input Validation
200,1255,5088,2,1,2,3,3,0,4,2,3,4,0,0,0,Header
200,204,1000,0,1,0,0,0,1,0,0,3,3,0,0,0,Input Validation
200,205,1273,0,1,0,0,0,1,1,1,3,3,0,0,0,Input Validation
500,1214,3910,3,2,1,3,4,1,0,0,5,3,0,1,1,Configuration
200,210,1189,0,1,0,0,0,1,5,1,3,3,1,0,0,Authorization
200,200,1000,0,1,0,0,0,1,0,0,3,3,0,0,0,Safe
200,346,1000,0,1,0,0,0,1,1,0,3,3,0,0,0,Input Validation
200,234,1000,0,1,0,0,0,1,1,0,3,3,0,0,0,Safe
200,202,1207,0,1,0,0,0,1,1,1,3,3,0,0,0,Input Validation
200,222,1000,0,1,0,0,0,1,0,0,3,3,0,0,0,Input Validation
200,199,1099,0,1,0,0,0,1,1,1,3,3,0,0,0,Authorization
200,416,1000,0,1,0,0,0,1,5,0,3,3,0,0,0,Input Validation
200,216,1075,0,1,0,0,0,1,1,1,3,3,0,0,0,Input Validation
200,604,1000,0,1,0,0,0,1,3,0,3,3,0,0,0,Input Validation
200,212,1000,0,1,0,0,0,1,0,0,3,3,0,0,0,Input Validation
200,214,1000,0,1,0,0,0,1,0,0,4,4,0,0,0,Safe
403,1693,104,6,3,1,4,3,1,6,2,7,3,1,0,1,Authentication
403,1920,8937,5,0,1,5,2,1,0,1,8,1,1,0,1,Authentication
200,201,1174,0,1,0,0,0,1,1,1,3,3,0,0,0,Input Validation
200,706,1000,0,1,0,0,0,1,13,0,3,3,0,0,0,Safe
200,202,1000,0,1,0,0,0,1,0,0,3,3,0,0,0,Safe
200,190,1000,0,1,0,0,0,1,0,0,1,1,0,0,0,Information
200,200,1000,0,1,0,0,0,1,0,0,3,3,0,0,0,Safe
200,203,1219,0,1,0,0,0,1,1,1,3,3,0,0,0,Input Validation
200,228,1900,0,1,0,0,0,1,13,1,3,3,1,0,0,Input Validation
500,1214,3910,3,2,1,3,4,1,0,0,5,3,0,1,1,Configuration
200,868,1000,0,1,0,0,0,1,13,0,3,3,1,0,0,Input Validation
200,810,1000,0,1,0,0,0,1,13,0,3,3,1,0,0,Input Validation
200,222,1240,0,1,0,0,0,1,1,1,3,3,0,0,0,Safe
200,214,1015,0,1,0,0,0,1,1,1,3,3,0,0,0,Safe
200,1908,9271,3,4,1,2,2,0,6,2,1,1,0,1,0,Session
200,234,1000,0,1,0,0,0,1,0,0,4,4,0,0,0,Input Validation
200,198,1000,0,1,0,0,0,1,0,0,3,3,0,0,0,Safe
200,1908,9271,3,4,1,2,2,0,6,2,1,1,0,1,0,Session
200,206,1000,0,1,0,0,0,1,0,0,3,3,0,0,0,Information
200,231,1990,0,1,0,0,0,1,13,1,3,3,1,0,0,Input Validation
500,586,7778,1,2,1,5,1,0,1,1,3,2,1,0,0,Header
200,264,1000,0,1,0,0,0,1,1,0,3,3,0,0,0,Safe
200,198,1000,0,1,0,0,0,1,0,0,3,3,0,0,0,Safe
200,188,1000,0,1,0,0,0,1,0,0,3,3,0,0,0,Safe
200,450,6831,0,1,2,5,3,1,0,1,8,1,1,0,1,Configuration
200,730,1000,0,1,0,0,0,1,13,0,3,3,1,0,0,Safe
200,360,1000,0,1,0,0,0,1,1,0,3,3,0,0,0,Input Validation
200,166,1000,0,1,0,0,0,1,0,0,1,1,0,0,0,Input Validation
200,230,1924,0,1,0,0,0,1,13,1,3,3,1,0,0,Input Validation
400,1505,6992,3,2,0,4,4,1,0,1,1,2,1,1,0,Session
200,702,1000,0,1,0,0,0,1,13,0,3,3,1,0,0,Safe
200,220,1204,0,1,0,0,0,1,1,1,3,3,0,0,0,Safe
200,210,1180,0,1,0,0,0,1,5,1,3,3,1,0,0,Authorization
200,224,1000,0,1,0,0,0,1,0,0,4,4,0,0,0,Input Validation
200,244,1000,0,1,0,0,0,1,0,0,4,4,0,0,0,Information
200,197,1051,0,1,0,0,0,1,1,1,3,3,0,0,0,Safe
302,1663,2032,6,2,2,5,4,1,3,0,1,0,1,0,0,Session
200,214,1012,0,1,0,0,0,1,1,1,3,3,0,0,0,Safe
200,354,1000,0,1,0,0,0,1,3,0,3,3,0,0,0,Input Validation
200,212,1000,0,1,0,0,0,1,0,0,3,3,0,0,0,Safe
200,150,1000,0,1,0,0,0,1,0,0,0,0,0,0,0,Input Validation
200,166,1000,0,1,0,0,0,1,0,0,1,1,0,0,0,Information
200,166,1000,0,1,0,0,0,1,0,0,1,1,0,0,0,Input Validation
200,222,1744,0,1,0,0,0,1,13,1,3,3,1,0,0,Safe
200,182,1000,0,1,0,0,0,1,0,0,2,2,0,0,0,Information
200,714,1000,0,1,0,0,0,1,13,0,3,3,1,0,0,Safe
500,753,9762,4,1,0,2,3,1,7,2,5,0,1,1,1,Authentication
200,197,1051,0,1,0,0,0,1,1,1,3,3,0,0,0,Safe
200,1245,9535,5,0,1,4,2,1,0,0,8,4,1,1,0,Authentication
200,188,1000,0,1,0,0,0,1,0,0,3,3,0,0,0,Safe
200,227,1822,0,1,0,0,0,1,13,1,3,3,1,0,0,Authorization
200,356,1000,0,1,0,0,0,1,1,0,3,3,0,0,0,Input Validation
200,186,1000,0,1,0,0,0,1,0,0,2,2,0,0,0,Information
200,216,1000,0,1,0,0,0,1,0,0,4,4,0,0,0,Safe
200,206,1000,0,1,0,0,0,1,0,0,2,2,0,0,0,Information
200,225,1762,0,1,0,0,0,1,13,1,3,3,1,0,0,Authorization
200,232,1000,0,1,0,0,0,1,0,0,4,4,0,0,0,Information
200,244,1000,0,1,0,0,0,1,0,0,4,4,0,0,0,Input Validation
200,232,1000,0,1,0,0,0,1,1,0,3,3,0,0,0,Safe
200,196,1000,0,1,0,0,0,1,0,0,3,3,0,0,0,Safe
400,145,5307,0,3,1,2,3,1,4,1,5,1,0,1,0,Configuration
200,202,1201,0,1,0,0,0,1,1,1,3,3,0,0,0,Input Validation
200,718,1000,0,1,0,0,0,1,13,0,3,3,1,0,0,Input Validation
200,490,1000,0,1,0,0,0,1,5,0,3,3,0,0,0,Input Validation
200,178,1000,0,1,0,0,0,1,0,0,1,1,0,0,0,Input Validation
200,216,1000,0,1,0,0,0,1,0,0,4,4,0,0,0,Safe
400,1759,3733,1,2,2,4,3,0,7,1,3,3,1,0,0,Configuration
200,210,1183,0,1,0,0,0,1,5,1,3,3,1,0,0,Safe
302,345,9610,7,1,2,4,0,1,6,2,1,0,1,0,0,Authentication
200,292,1000,0,1,0,0,0,1,1,0,3,3,0,0,0,Input Validation
200,330,1000,0,1,0,0,0,1,5,0,3,3,1,0,0,Safe
200,201,1225,0,1,0,0,0,1,3,1,3,3,0,0,0,Input Validation
200,264,1000,0,1,0,0,0,1,0,0,5,5,0,0,0,Information
200,240,1000,0,1,0,0,0,1,0,0,4,4,0,0,0,Information
200,334,1000,0,1,0,0,0,1,5,0,3,3,0,0,0,Safe
200,202,1000,0,1,0,0,0,1,0,0,2,2,0,0,0,Information
200,706,1000,0,1,0,0,0,1,13,0,3,3,1,0,0,Safe
200,197,1111,0,1,0,0,0,1,3,1,3,3,0,0,0,Safe
200,272,1000,0,1,0,0,0,1,3,0,3,3,0,0,0,Safe
302,1063,7279,2,3,0,0,4,0,1,2,7,3,0,1,0,Configuration
200,197,1051,0,1,0,0,0,1,1,1,3,3,0,0,0,Safe
200,197,1051,0,1,0,0,0,1,1,1,3,3,0,0,0,Authorization
200,223,1774,0,1,0,0,0,1,13,1,3,3,1,0,0,Authorization
500,744,406,0,1,1,1,2,1,4,0,3,3,1,0,0,Configuration
200,244,1000,0,1,0,0,0,1,0,0,4,4,0,0,0,Input Validation
200,196,1000,0,1,0,0,0,1,0,0,3,3,0,0,0,Safe
200,214,1012,0,1,0,0,0,1,1,1,3,3,0,0,0,Safe
200,225,1825,0,1,0,0,0,1,13,1,3,3,1,0,0,Input Validation
200,180,1000,0,1,0,0,0,1,0,0,2,2,0,0,0,Information
200,330,1000,0,1,0,0,0,1,5,0,3,3,1,0,0,Safe
400,1735,869,7,3,1,5,1,1,3,0,1,3,1,1,0,Authentication
200,176,1000,0,1,0,0,0,1,0,0,2,2,0,0,0,Input Validation
200,180,1000,0,1,0,0,0,1,0,0,2,2,0,0,0,Input Validation
200,224,1000,0,1,0,0,0,1,1,0,3,3,0,0,0,Safe
200,706,1000,0,1,0,0,0,1,13,0,3,3,1,0,0,Safe
302,414,6909,5,2,2,2,2,1,3,0,2,1,1,0,0,Authentication
200,364,1000,0,1,0,0,0,1,1,0,3,3,0,0,0,Input Validation
200,178,1000,0,1,0,0,0,1,0,0,2,2,0,0,0,Safe
200,225,1756,0,1,0,0,0,1,13,1,3,3,0,0,0,Safe
200,188,1000,0,1,0,0,0,1,0,0,3,3,0,0,0,Safe
200,450,1000,0,1,0,0,0,1,5,0,3,3,0,0,0,Input Validation
200,214,1012,0,1,0,0,0,1,1,1,3,3,0,0,0,Safe
200,340,1000,0,1,0,0,0,1,1,0,3,3,0,0,0,Input Validation
500,1288,6331,0,2,0,2,2,1,4,1,1,0,1,0,0,Header
200,312,1000,0,1,0,0,0,1,1,0,3,3,0,0,0,Input Validation
200,206,1000,0,1,0,0,0,1,0,0,2,2,0,0,0,Input Validation
403,1614,1318,2,1,1,0,0,0,2,2,2,3,0,1,1,Configuration
200,199,1099,0,1,0,0,0,1,1,1,3,3,0,0,0,Safe
200,1884,7443,6,0,1,1,2,1,0,0,7,0,1,0,1,Authentication
200,272,1000,0,1,0,0,0,1,3,0,3,3,0,0,0,Safe
200,204,1000,0,1,0,0,0,1,0,0,3,3,0,0,0,Input Validation
200,196,1000,0,1,0,0,0,1,0,0,3,3,0,0,0,Safe
200,231,1519,0,1,0,0,0,1,1,1,3,3,0,0,0,Input Validation
200,222,1726,0,1,0,0,0,1,13,1,3,3,1,0,0,Safe
200,224,1000,0,1,0,0,0,1,1,0,3,3,0,0,0,Safe
200,203,1213,0,1,0,0,0,1,5,1,3,3,0,0,0,Authorization
500,1280,452,3,3,0,5,4,0,1,0,8,3,0,1,1,Configuration
200,196,1000,0,1,0,0,0,1,0,0,3,3,0,0,0,Safe
200,178,1000,0,1,0,0,0,1,0,0,1,1,0,0,0,Information
500,432,8310,0,1,1,4,2,0,3,2,7,2,1,1,0,Header
200,203,1222,0,1,0,0,0,1,5,1,3,3,0,0,0,Authorization
200,718,1000,0,1,0,0,0,1,13,0,3,3,1,0,0,Safe
403,962,1642,5,0,1,0,1,1,1,1,5,4,1,1,0,Authentication
200,310,1000,0,1,0,0,0,1,1,0,3,3,0,0,0,Input Validation
200,223,1768,0,1,0,0,0,1,13,1,3,3,1,0,0,Input Validation
200,188,1000,0,1,0,0,0,1,0,0,3,3,0,0,0,Input Validation
200,205,1273,0,1,0,0,0,1,1,1,3,3,0,0,0,Input Validation
400,1703,2880,6,1,2,0,0,0,5,0,5,2,0,0,0,Session
200,1025,4166,0,1,1,1,1,0,4,0,7,3,1,0,1,Header
200,214,1303,0,1,0,0,0,1,5,1,3,3,1,0,0,Input Validation
400,469,2304,5,0,0,4,4,1,6,0,4,1,1,0,0,Authentication
200,200,1000,0,1,0,0,0,1,0,0,3,3,0,0,0,Safe
200,218,1441,0,1,0,0,0,1,5,1,3,3,1,0,0,Input Validation
200,190,1000,0,1,0,0,0,1,0,0,1,1,0,0,0,Information
403,562,675,3,3,0,2,4,0,4,0,1,0,1,1,1,Configuration
200,208,1000,0,1,0,0,0,1,0,0,3,3,0,0,0,Input Validation
200,258,1000,0,1,0,0,0,1,1,0,3,3,0,0,0,Safe
200,216,1000,0,1,0,0,0,1,0,0,4,4,0,0,0,Safe
200,197,1051,0,1,0,0,0,1,1,1,3,3,0,0,0,Safe
200,314,1000,0,1,0,0,0,1,1,0,3,3,0,0,0,Input Validation
200,152,1000,0,1,0,0,0,1,0,0,1,1,0,0,0,Input Validation
302,440,4530,2,2,0,2,1,0,6,0,2,3,0,0,1,Configuration
200,396,1000,0,1,0,0,0,1,1,0,3,3,0,0,0,Input Validation
403,800,3340,1,0,2,1,1,1,5,0,9,2,0,1,0,Header
200,150,1000,0,1,0,0,0,1,0,0,0,0,0,0,0,Information
200,186,1000,0,1,0,0,0,1,0,0,2,2,0,0,0,Input Validation
200,214,1303,0,1,0,0,0,1,5,1,3,3,1,0,0,Input Validation
200,1074,1000,0,1,0,0,0,1,13,0,3,3,1,0,0,Input Validation
200,266,1000,0,1,0,0,0,1,1,0,3,3,0,0,0,Safe
200,199,1099,0,1,0,0,0,1,1,1,3,3,0,0,0,Authorization
400,284,1956,6,2,2,1,4,0,5,0,9,0,1,1,0,Session
403,1278,7326,6,3,1,3,1,1,7,1,9,3,0,0,0,Session
200,180,1000,0,1,0,0,0,1,0,0,1,1,0,0,0,Safe
200,1981,9304,0,1,1,0,1,1,5,1,9,4,1,0,1,Authentication
200,224,1000,0,1,0,0,0,1,1,0,3,3,0,0,0,Safe
200,209,1399,0,1,0,0,0,1,5,1,3,3,0,0,0,Input Validation
200,370,1000,0,1,0,0,0,1,5,0,3,3,1,0,0,Input Validation
200,232,1963,0,1,0,0,0,1,13,1,3,3,1,0,0,Input Validation
200,202,1201,0,1,0,0,0,1,5,1,3,3,0,0,0,Safe
200,240,1000,0,1,0,0,0,1,0,0,4,4,0,0,0,Information
200,1818,2049,0,0,1,5,1,1,6,1,2,1,1,0,1,Configuration
200,844,1000,0,1,0,0,0,1,13,0,3,3,1,0,0,Input Validation
302,203,9575,3,1,0,2,4,1,0,2,5,1,1,0,1,Session
200,200,1189,0,1,0,0,0,1,3,1,3,3,0,0,0,Input Validation
200,231,1999,0,1,0,0,0,1,13,1,3,3,1,0,0,Input Validation
200,202,1198,0,1,0,0,0,1,5,1,3,3,0,0,0,Safe
200,202,1000,0,1,0,0,0,1,0,0,3,3,0,0,0,Input Validation
400,1064,7500,2,2,2,3,0,1,3,2,1,3,1,1,1,Authentication
200,204,1000,0,1,0,0,0,1,0,0,3,3,0,0,0,Information
200,197,1051,0,1,0,0,0,1,1,1,3,3,0,0,0,Safe
200,216,1000,0,1,0,0,0,1,0,0,4,4,0,0,0,Safe
200,204,1000,0,1,0,0,0,1,0,0,3,3,0,0,0,Information
200,756,1000,0,1,0,0,0,1,13,0,3,3,1,0,0,Input Validation
200,201,1159,0,1,0,0,0,1,1,1,3,3,0,0,0,Input Validation
200,778,1000,0,1,0,0,0,1,13,0,3,3,1,0,0,Input Validation
200,203,1222,0,1,0,0,0,1,5,1,3,3,0,0,0,Authorization
400,866,3104,1,1,0,0,3,1,7,2,8,4,0,0,0,Configuration
200,264,1000,0,1,0,0,0,1,1,0,3,3,0,0,0,Safe
200,432,1000,0,1,0,0,0,1,1,0,3,3,0,0,0,Input Validation
200,196,1000,0,1,0,0,0,1,0,0,3,3,0,0,0,Safe
200,194,1000,0,1,0,0,0,1,0,0,3,3,0,0,0,Safe
200,240,1000,0,1,0,0,0,1,0,0,4,4,0,0,0,Information
200,197,1117,0,1,0,0,0,1,3,1,3,3,0,0,0,Safe
200,344,1000,0,1,0,0,0,1,5,0,3,3,0,0,0,Safe
200,198,1000,0,1,0,0,0,1,0,0,1,1,0,0,0,Input Validation
200,866,1000,0,1,0,0,0,1,13,0,3,3,1,0,0,Input Validation
200,214,1000,0,1,0,0,0,1,0,0,4,4,0,0,0,Input Validation
200,216,1000,0,1,0,0,0,1,0,0,4,4,0,0,0,Safe
200,214,1000,0,1,0,0,0,1,0,0,2,2,0,0,0,Input Validation
200,340,1000,0,1,0,0,0,1,1,0,3,3,0,0,0,Input Validation
403,699,3378,1,0,1,1,1,1,2,1,7,1,1,1,0,Header
200,214,1561,0,1,0,0,0,1,1,1,3,3,0,0,0,Input Validation
200,532,1000,0,1,0,0,0,1,5,0,3,3,1,0,0,Safe
200,204,1000,0,1,0,0,0,1,0,0,3,3,0,0,0,Information
200,1491,780,0,0,0,5,3,1,4,2,1,0,1,1,0,Header
200,368,1000,0,1,0,0,0,1,1,0,3,3,0,0,0,Safe
200,197,1051,0,1,0,0,0,1,1,1,3,3,0,0,0,Safe
200,212,1000,0,1,0,0,0,1,0,0,3,3,0,0,0,Safe
200,209,1414,0,1,0,0,0,1,5,1,3,3,0,0,0,Input Validation
400,912,9897,0,3,2,3,2,1,5,0,5,0,1,0,0,Session
200,708,1000,0,1,0,0,0,1,13,0,3,3,1,0,0,Safe
400,366,6182,3,1,0,5,0,0,6,0,2,3,1,1,1,Configuration
200,440,1000,0,1,0,0,0,1,5,0,3,3,0,0,0,Input Validation
400,1104,7661,2,2,0,5,1,1,1,1,7,1,1,0,1,Configuration
403,699,3378,1,0,1,1,1,1,2,1,7,1,1,1,0,Header
200,197,1054,0,1,0,0,0,1,1,1,3,3,0,0,0,Safe
200,222,1000,0,1,0,0,0,1,0,0,4,4,0,0,0,Information
200,199,1090,0,1,0,0,0,1,1,1,3,3,0,0,0,Input Validation
200,186,1000,0,1,0,0,0,1,0,0,2,2,0,0,0,Information
200,226,1000,0,1,0,0,0,1,1,0,3,3,0,0,0,Safe
403,899,4133,3,2,0,3,1,0,2,2,8,3,0,0,1,Session
200,231,2002,0,1,0,0,0,1,13,1,3,3,1,0,0,Input Validation
200,196,1000,0,1,0,0,0,1,0,0,3,3,0,0,0,Information
500,714,8324,6,3,2,3,0,1,3,2,5,3,0,0,1,Session
200,418,1000,0,1,0,0,0,1,5,0,3,3,0,0,0,Input Validation
200,198,1138,0,1,0,0,0,1,3,1,3,3,0,0,0,Safe
200,818,1000,0,1,0,0,0,1,13,0,3,3,1,0,0,Input Validation
200,456,1000,0,1,0,0,0,1,5,0,3,3,1,0,0,Input Validation
200,221,1210,0,1,0,0,0,1,1,1,3,3,0,0,0,Input Validation
403,1185,5562,0,0,2,1,0,0,1,0,8,1,0,1,0,Header
302,807,821,0,0,1,4,1,0,5,1,2,4,0,0,1,Header
200,216,1000,0,1,0,0,0,1,0,0,4,4,0,0,0,Safe
200,208,1000,0,1,0,0,0,1,0,0,3,3,0,0,0,Input Validation
400,462,7643,3,0,0,4,0,1,1,0,9,2,1,0,1,Authentication
200,202,1000,0,1,0,0,0,1,0,0,3,3,0,0,0,Safe
200,198,1000,0,1,0,0,0,1,0,0,1,1,0,0,0,Input Validation
400,1607,1316,0,1,2,2,4,0,1,2,9,3,1,0,1,Header
200,712,1000,0,1,0,0,0,1,13,0,3,3,1,0,0,Safe
200,232,2020,0,1,0,0,0,1,13,1,3,3,1,0,0,Input Validation
200,188,1000,0,1,0,0,0,1,0,0,3,3,0,0,0,Safe
500,744,406,0,1,1,1,2,1,4,0,3,3,1,0,0,Configuration
200,256,1000,0,1,0,0,0,1,0,0,4,4,0,0,0,Information
200,197,1051,0,1,0,0,0,1,1,1,3,3,0,0,0,Safe
200,252,1000,0,1,0,0,0,1,0,0,4,4,0,0,0,Information
200,204,1000,0,1,0,0,0,1,0,0,3,3,0,0,0,Information
200,202,1255,0,1,0,0,0,1,3,1,3,3,0,0,0,Input Validation
200,340,1000,0,1,0,0,0,1,5,0,3,3,0,0,0,Safe
200,212,1000,0,1,0,0,0,1,0,0,3,3,0,0,0,Safe
400,92,2006,6,0,2,2,3,1,3,0,3,2,1,0,1,Authentication
200,203,1213,0,1,0,0,0,1,5,1,3,3,0,0,0,Authorization
200,150,1000,0,1,0,0,0,1,0,0,0,0,0,0,0,Input Validation
403,962,1642,5,0,1,0,1,1,1,1,5,4,1,1,0,Authentication
500,72,5981,1,1,0,3,1,1,6,1,3,1,1,0,1,Authentication
200,225,1777,0,1,0,0,0,1,13,1,3,3,1,0,0,Safe
200,218,1423,0,1,0,0,0,1,5,1,3,3,1,0,0,Input Validation
200,200,1000,0,1,0,0,0,1,0,0,3,3,0,0,0,Safe
200,1112,2256,4,1,1,5,1,1,2,2,2,3,1,1,1,Authentication
200,1088,1000,0,1,0,0,0,1,13,0,3,3,1,0,0,Input Validation
200,228,1000,0,1,0,0,0,1,0,0,3,3,0,0,0,Information
200,214,1315,0,1,0,0,0,1,5,1,3,3,1,0,0,Input Validation
200,234,1000,0,1,0,0,0,1,0,0,5,5,0,0,0,Information
200,980,1000,0,1,0,0,0,1,13,0,3,3,1,0,0,Input Validation
200,1117,2886,2,1,0,3,0,0,5,0,9,2,1,1,0,Header
200,221,1705,0,1,0,0,0,1,13,1,3,3,1,0,0,Authorization
200,244,1000,0,1,0,0,0,1,0,0,4,4,0,0,0,Information
200,234,2035,0,1,0,0,0,1,13,1,3,3,1,0,0,Input Validation
200,748,1000,0,1,0,0,0,1,13,0,3,3,1,0,0,Input Validation
200,1609,8143,2,1,2,0,0,0,3,2,3,3,0,1,0,Session
200,240,1000,0,1,0,0,0,1,0,0,4,4,0,0,0,Safe
200,342,1000,0,1,0,0,0,1,5,0,3,3,0,0,0,Safe
200,194,1000,0,1,0,0,0,1,0,0,2,2,0,0,0,Information
200,186,1000,0,1,0,0,0,1,0,0,1,1,0,0,0,Input Validation
200,202,1201,0,1,0,0,0,1,5,1,3,3,0,0,0,Safe
200,199,1099,0,1,0,0,0,1,1,1,3,3,0,0,0,Safe
200,196,1000,0,1,0,0,0,1,0,0,3,3,0,0,0,Safe
200,198,1000,0,1,0,0,0,1,0,0,3,3,0,0,0,Safe
200,244,1000,0,1,0,0,0,1,0,0,4,4,0,0,0,Information
200,224,1000,0,1,0,0,0,1,0,0,4,4,0,0,0,Input Validation
200,228,1906,0,1,0,0,0,1,13,1,3,3,1,0,0,Input Validation
200,224,1000,0,1,0,0,0,1,0,0,4,4,0,0,0,Information
200,166,1000,0,1,0,0,0,1,0,0,1,1,0,0,0,Input Validation
200,436,1000,0,1,0,0,0,1,5,0,3,3,0,0,0,Input Validation
200,728,1000,0,1,0,0,0,1,13,0,3,3,1,0,0,Safe
200,178,1000,0,1,0,0,0,1,0,0,2,2,0,0,0,Safe
400,130,2280,4,3,1,0,1,1,3,0,2,4,1,0,1,Authentication
200,718,1000,0,1,0,0,0,1,13,0,3,3,1,0,0,Safe
200,212,1000,0,1,0,0,0,1,0,0,3,3,0,0,0,Safe
200,1078,1000,0,1,0,0,0,1,13,0,3,3,1,0,0,Input Validation
200,226,1000,0,1,0,0,0,1,0,0,4,4,0,0,0,Safe
200,320,1000,0,1,0,0,0,1,1,0,3,3,0,0,0,Input Validation
200,194,1000,0,1,0,0,0,1,0,0,3,3,0,0,0,Safe
200,178,1000,0,1,0,0,0,1,0,0,2,2,0,0,0,Safe
200,203,1216,0,1,0,0,0,1,1,1,3,3,0,0,0,Input Validation
200,200,1000,0,1,0,0,0,1,0,0,3,3,0,0,0,Safe
200,1306,2164,2,2,1,3,4,0,7,1,3,1,0,1,1,Configuration
200,428,1000,0,1,0,0,0,1,3,0,3,3,0,0,0,Input Validation
200,227,1882,0,1,0,0,0,1,13,1,3,3,1,0,0,Input Validation
200,476,1000,0,1,0,0,0,1,5,0,3,3,1,0,0,Input Validation
200,209,1174,0,1,0,0,0,1,5,1,3,3,1,0,0,Authorization
200,188,1000,0,1,0,0,0,1,0,0,3,3,0,0,0,Safe
200,182,1000,0,1,0,0,0,1,0,0,2,2,0,0,0,Information
200,227,1894,0,1,0,0,0,1,13,1,3,3,1,0,0,Input Validation
200,182,1000,0,1,0,0,0,1,0,0,2,2,0,0,0,Information
200,203,1231,0,1,0,0,0,1,1,1,3,3,0,0,0,Input Validation
200,182,1000,0,1,0,0,0,1,0,0,2,2,0,0,0,Input Validation
200,166,1000,0,1,0,0,0,1,0,0,1,1,0,0,0,Input Validation
200,199,1102,0,1,0,0,0,1,1,1,3,3,0,0,0,Safe
200,199,1099,0,1,0,0,0,1,1,1,3,3,0,0,0,Authorization
200,221,1234,0,1,0,0,0,1,1,1,3,3,0,0,0,Input Validation
200,199,1090,0,1,0,0,0,1,1,1,3,3,0,0,0,Input Validation
200,392,1000,0,1,0,0,0,1,1,0,3,3,0,0,0,Input Validation
302,1492,1879,0,0,2,0,3,0,6,0,9,2,1,0,1,Header
200,194,1000,0,1,0,0,0,1,0,0,3,3,0,0,0,Safe
200,202,1000,0,1,0,0,0,1,0,0,3,3,0,0,0,Safe
200,188,1000,0,1,0,0,0,1,0,0,3,3,0,0,0,Safe
200,197,1051,0,1,0,0,0,1,1,1,3,3,0,0,0,Authorization
200,223,1765,0,1,0,0,0,1,13,1,3,3,1,0,0,Safe
200,229,1870,0,1,0,0,0,1,13,1,3,3,1,0,0,Input Validation
200,168,1000,0,1,0,0,0,1,0,0,2,2,0,0,0,Input Validation
200,708,1000,0,1,0,0,0,1,13,0,3,3,1,0,0,Safe
500,721,6416,4,2,0,5,4,1,3,0,4,2,1,1,0,Authentication
200,240,1000,0,1,0,0,0,1,0,0,5,5,0,0,0,Input Validation
200,214,1012,0,1,0,0,0,1,1,1,3,3,0,0,0,Authorization
200,216,1000,0,1,0,0,0,1,0,0,4,4,0,0,0,Safe
200,244,1000,0,1,0,0,0,1,0,0,4,4,0,0,0,Information
200,364,1000,0,1,0,0,0,1,1,0,3,3,0,0,0,Input Validation
200,204,1000,0,1,0,0,0,1,0,0,3,3,0,0,0,Information
200,184,1000,0,1,0,0,0,1,0,0,3,3,0,0,0,Information
200,242,1000,0,1,0,0,0,1,0,0,4,4,0,0,0,Information
200,223,1759,0,1,0,0,0,1,13,1,3,3,1,0,0,Authorization
403,1614,1318,2,1,1,0,0,0,2,2,2,3,0,1,1,Configuration
200,203,1225,0,1,0,0,0,1,1,1,3,3,0,0,0,Input Validation
200,352,1000,0,1,0,0,0,1,1,0,3,3,0,0,0,Input Validation
200,244,1000,0,1,0,0,0,1,0,0,5,5,0,0,0,Input Validation
200,212,1000,0,1,0,0,0,1,0,0,3,3,0,0,0,Input Validation
200,210,1198,0,1,0,0,0,1,5,1,3,3,1,0,0,Safe
200,350,1000,0,1,0,0,0,1,5,0,3,3,1,0,0,Safe
200,182,1000,0,1,0,0,0,1,0,0,2,2,0,0,0,Information
200,226,1000,0,1,0,0,0,1,1,0,3,3,0,0,0,Safe
200,211,1474,0,1,0,0,0,1,5,1,3,3,0,0,0,Input Validation
200,332,1000,0,1,0,0,0,1,1,0,3,3,0,0,0,Input Validation
200,222,1261,0,1,0,0,0,1,1,1,3,3,0,0,0,Input Validation
200,150,1000,0,1,0,0,0,1,0,0,0,0,0,0,0,Input Validation
200,217,1390,0,1,0,0,0,1,5,1,3,3,1,0,0,Input Validation
200,210,1186,0,1,0,0,0,1,5,1,3,3,1,0,0,Authorization
302,162,9132,2,1,2,4,4,0,3,2,9,3,1,0,1,Header
400,325,4245,2,3,1,3,4,1,2,0,9,3,1,0,1,Header
200,932,4861,7,3,1,1,3,1,2,0,8,2,0,1,0,Session
403,429,5850,1,0,0,1,4,0,5,2,2,1,0,1,1,Header
200,224,1000,0,1,0,0,0,1,1,0,3,3,0,0,0,Safe
200,166,1000,0,1,0,0,0,1,0,0,1,1,0,0,0,Information
200,844,1000,0,1,0,0,0,1,13,0,3,3,1,0,0,Input Validation
200,212,1000,0,1,0,0,0,1,0,0,3,3,0,0,0,Information
200,188,1000,0,1,0,0,0,1,0,0,3,3,0,0,0,Safe
200,197,1054,0,1,0,0,0,1,1,1,3,3,0,0,0,Safe
200,1001,798,0,1,1,3,4,1,0,0,3,1,1,1,1,Authentication
200,306,1000,0,1,0,0,0,1,1,0,3,3,0,0,0,Input Validation
200,748,1000,0,1,0,0,0,1,13,0,3,3,1,0,0,Safe
200,210,1201,0,1,0,0,0,1,5,1,3,3,1,0,0,Safe
200,188,1000,0,1,0,0,0,1,0,0,3,3,0,0,0,Safe
200,197,1051,0,1,0,0,0,1,1,1,3,3,0,0,0,Safe
200,372,1000,0,1,0,0,0,1,1,0,3,3,0,0,0,Input Validation
200,214,1012,0,1,0,0,0,1,1,1,3,3,0,0,0,Authorization
200,418,1000,0,1,0,0,0,1,5,0,3,3,0,0,0,Input Validation
403,1133,3373,0,1,2,3,1,0,6,1,5,0,0,1,1,Input Validation
200,404,1000,0,1,0,0,0,1,5,0,3,3,1,0,0,Input Validation
200,188,1000,0,1,0,0,0,1,0,0,3,3,0,0,0,Safe
200,197,1051,0,1,0,0,0,1,1,1,3,3,0,0,0,Safe
200,204,1000,0,1,0,0,0,1,0,0,3,3,0,0,0,Input Validation
400,1898,6644,7,2,2,4,4,1,1,2,3,3,1,1,1,Authentication
200,197,1051,0,1,0,0,0,1,1,1,3,3,0,0,0,Authorization
200,224,1000,0,1,0,0,0,1,0,0,4,4,0,0,0,Information
200,222,1723,0,1,0,0,0,1,13,1,3,3,1,0,0,Safe
200,272,1000,0,1,0,0,0,1,3,0,3,3,0,0,0,Safe
200,1814,9517,0,1,2,2,1,0,2,0,4,3,0,0,0,Header
200,370,1000,0,1,0,0,0,1,1,0,3,3,0,0,0,Input Validation
200,322,1000,0,1,0,0,0,1,5,0,3,3,1,0,0,Safe
200,214,1561,0,1,0,0,0,1,1,1,3,3,0,0,0,Input Validation
200,199,1099,0,1,0,0,0,1,1,1,3,3,0,0,0,Safe
200,196,1000,0,1,0,0,0,1,0,0,3,3,0,0,0,Safe
200,204,1000,0,1,0,0,0,1,0,0,3,3,0,0,0,Input Validation
200,194,1000,0,1,0,0,0,1,0,0,3,3,0,0,0,Safe
200,264,1000,0,1,0,0,0,1,1,0,3,3,0,0,0,Safe
200,207,1336,0,1,0,0,0,1,5,1,3,3,0,0,0,Input Validation
403,1185,5562,0,0,2,1,0,0,1,0,8,1,0,1,0,Header
200,232,7290,7,4,1,1,3,1,5,1,2,3,1,1,0,Session
200,272,1000,0,1,0,0,0,1,3,0,3,3,0,0,0,Safe
200,184,1000,0,1,0,0,0,1,0,0,2,2,0,0,0,Information
200,188,1000,0,1,0,0,0,1,0,0,3,3,0,0,0,Safe
200,219,1171,0,1,0,0,0,1,1,1,3,3,0,0,0,Input Validation
500,753,9762,4,1,0,2,3,1,7,2,5,0,1,1,1,Authentication
200,764,1000,0,1,0,0,0,1,13,0,3,3,1,0,0,Input Validation
400,912,9897,0,3,2,3,2,1,5,0,5,0,1,0,0,Session
200,214,1306,0,1,0,0,0,1,5,1,3,3,1,0,0,Input Validation
200,178,1000,0,1,0,0,0,1,0,0,1,1,0,0,0,Information
200,210,1186,0,1,0,0,0,1,5,1,3,3,1,0,0,Safe
200,200,1000,0,1,0,0,0,1,0,0,3,3,0,0,0,Safe
200,214,1000,0,1,0,0,0,1,0,0,4,4,0,0,0,Safe
200,214,1012,0,1,0,0,0,1,1,1,3,3,0,0,0,Safe
200,196,1000,0,1,0,0,0,1,0,0,3,3,0,0,0,Safe
200,222,1000,0,1,0,0,0,1,0,0,4,4,0,0,0,Information
200,199,1099,0,1,0,0,0,1,1,1,3,3,0,0,0,Safe
200,196,1000,0,1,0,0,0,1,0,0,3,3,0,0,0,Safe
200,202,1198,0,1,0,0,0,1,5,1,3,3,0,0,0,Authorization
200,434,1000,0,1,0,0,0,1,3,0,3,3,0,0,0,Input Validation
200,326,1000,0,1,0,0,0,1,5,0,3,3,1,0,0,Safe
200,236,1000,0,1,0,0,0,1,0,0,4,4,0,0,0,Information
200,1806,9751,4,1,1,4,1,0,0,0,1,0,0,0,1,Input Validation
200,224,1804,0,1,0,0,0,1,13,1,3,3,1,0,0,Safe
200,224,1000,0,1,0,0,0,1,0,0,4,4,0,0,0,Input Validation
200,166,1000,0,1,0,0,0,1,0,0,1,1,0,0,0,Input Validation
200,412,1000,0,1,0,0,0,1,1,0,3,3,0,0,0,Input Validation
200,203,1213,0,1,0,0,0,1,5,1,3,3,0,0,0,Safe
200,378,1000,0,1,0,0,0,1,5,0,3,3,0,0,0,Input Validation
200,480,1000,0,1,0,0,0,1,5,0,3,3,0,0,0,Input Validation
200,205,1297,0,1,0,0,0,1,1,1,3,3,0,0,0,Input Validation
200,342,1000,0,1,0,0,0,1,5,0,3,3,0,0,0,Safe
200,1884,7443,6,0,1,1,2,1,0,0,7,0,1,0,1,Authentication
200,1136,2170,7,3,1,2,0,1,3,0,8,1,1,1,0,Session
200,200,1000,0,1,0,0,0,1,0,0,3,3,0,0,0,Safe
200,256,1000,0,1,0,0,0,1,0,0,4,4,0,0,0,Information
500,1830,2068,7,3,1,2,0,0,7,0,1,0,0,1,0,Session
200,223,1702,0,1,0,0,0,1,13,1,3,3,1,0,0,Authorization
200,202,1000,0,1,0,0,0,1,0,0,3,3,0,0,0,Safe
200,212,1249,0,1,0,0,0,1,5,1,3,3,1,0,0,Input Validation
200,314,1000,0,1,0,0,0,1,1,0,3,3,0,0,0,Input Validation
200,223,1705,0,1,0,0,0,1,13,1,3,3,1,0,0,Safe
200,250,1000,0,1,0,0,0,1,0,0,4,4,0,0,0,Input Validation
200,440,1000,0,1,0,0,0,1,5,0,3,3,0,0,0,Input Validation
500,1182,6688,7,3,0,1,3,1,4,0,7,4,0,0,0,Session
200,466,1000,0,1,0,0,0,1,5,0,3,3,1,0,0,Input Validation
200,194,1000,0,1,0,0,0,1,0,0,3,3,0,0,0,Safe
200,178,1000,0,1,0,0,0,1,0,0,1,1,0,0,0,Input Validation
200,315,7169,1,2,2,3,4,0,5,0,3,4,1,1,1,Configuration
200,192,1000,0,1,0,0,0,1,0,0,3,3,0,0,0,Safe
500,199,6557,1,1,0,3,1,1,6,1,5,0,1,0,1,Authentication
200,726,1000,0,1,0,0,0,1,13,0,3,3,1,0,0,Safe
200,201,1171,0,1,0,0,0,1,1,1,3,3,0,0,0,Input Validation
200,1795,6816,3,4,1,2,2,1,1,0,9,4,0,0,0,Session
200,214,1315,0,1,0,0,0,1,5,1,3,3,1,0,0,Input Validation
200,229,1957,0,1,0,0,0,1,13,1,3,3,1,0,0,Safe
400,520,4591,0,0,0,5,0,1,4,2,4,1,1,1,1,Configuration
200,364,1000,0,1,0,0,0,1,5,0,3,3,1,0,0,Input Validation
200,194,1000,0,1,0,0,0,1,0,0,3,3,0,0,0,Safe
200,232,1000,0,1,0,0,0,1,1,0,3,3,0,0,0,Safe
200,1392,2932,0,2,2,5,2,1,6,0,5,3,1,1,1,Authentication
200,203,1213,0,1,0,0,0,1,5,1,3,3,0,0,0,Authorization
403,455,7186,1,0,1,5,1,1,1,0,7,2,0,0,1,Header
200,198,1000,0,1,0,0,0,1,0,0,3,3,0,0,0,Safe
200,225,1750,0,1,0,0,0,1,13,1,3,3,1,0,0,Safe
200,192,1000,0,1,0,0,0,1,0,0,3,3,0,0,0,Safe
200,196,1000,0,1,0,0,0,1,0,0,3,3,0,0,0,Safe
500,1182,6688,7,3,0,1,3,1,4,0,7,4,0,0,0,Session
200,234,1000,0,1,0,0,0,1,0,0,4,4,0,0,0,Input Validation
200,180,1000,0,1,0,0,0,1,0,0,2,2,0,0,0,Input Validation
200,258,1000,0,1,0,0,0,1,0,0,5,5,0,0,0,Safe
500,952,7666,0,2,2,3,2,0,2,2,4,3,0,1,1,Header
200,184,1000,0,1,0,0,0,1,0,0,2,2,0,0,0,Input Validation
200,460,1000,0,1,0,0,0,1,5,0,3,3,0,0,0,Input Validation
200,232,1978,0,1,0,0,0,1,13,1,3,3,1,0,0,Input Validation
200,348,1000,0,1,0,0,0,1,5,0,3,3,0,0,0,Safe
200,223,1717,0,1,0,0,0,1,13,1,3,3,1,0,0,Safe
200,198,1000,0,1,0,0,0,1,0,0,3,3,0,0,0,Safe
200,240,2203,0,1,0,0,0,1,13,1,3,3,1,0,0,Input Validation
200,199,1099,0,1,0,0,0,1,1,1,3,3,0,0,0,Safe
200,188,1000,0,1,0,0,0,1,0,0,3,3,0,0,0,Safe
200,424,1000,0,1,0,0,0,1,5,0,3,3,0,0,0,Input Validation
200,1074,1954,2,2,2,4,0,0,0,1,4,0,0,1,0,Configuration
200,272,1000,0,1,0,0,0,1,0,0,5,5,0,0,0,Information
200,1852,7549,6,0,1,2,2,1,4,0,2,0,1,0,0,Authentication
200,210,1000,0,1,0,0,0,1,0,0,3,3,0,0,0,Information
200,462,1000,0,1,0,0,0,1,5,0,3,3,0,0,0,Input Validation
200,229,1891,0,1,0,0,0,1,13,1,3,3,1,0,0,Input Validation
400,1505,6992,3,2,0,4,4,1,0,1,1,2,1,1,0,Session
200,188,1000,0,1,0,0,0,1,0,0,3,3,0,0,0,Safe
200,198,1000,0,1,0,0,0,1,0,0,3,3,0,0,0,Safe
200,202,1201,0,1,0,0,0,1,5,1,3,3,0,0,0,Authorization
200,178,1000,0,1,0,0,0,1,0,0,2,2,0,0,0,Safe
200,282,1000,0,1,0,0,0,1,3,0,3,3,0,0,0,Safe
200,246,1000,0,1,0,0,0,1,0,0,4,4,0,0,0,Input Validation
200,205,1270,0,1,0,0,0,1,5,1,3,3,0,0,0,Input Validation
200,1609,8143,2,1,2,0,0,0,3,2,3,3,0,1,0,Session
200,344,1000,0,1,0,0,0,1,5,0,3,3,1,0,0,Safe
200,202,1000,0,1,0,0,0,1,0,0,2,2,0,0,0,Information
403,1278,7326,6,3,1,3,1,1,7,1,9,3,0,0,0,Session
200,1006,2838,2,0,2,0,0,1,1,2,2,4,1,1,0,Authentication
200,252,1000,0,1,0,0,0,1,0,0,4,4,0,0,0,Information
200,240,1000,0,1,0,0,0,1,0,0,5,5,0,0,0,Safe
200,282,1000,0,1,0,0,0,1,3,0,3,3,0,0,0,Safe
200,832,1000,0,1,0,0,0,1,13,0,3,3,1,0,0,Input Validation
200,806,1000,0,1,0,0,0,1,13,0,3,3,1,0,0,Input Validation
200,225,1762,0,1,0,0,0,1,13,1,3,3,1,0,0,Authorization
200,222,1261,0,1,0,0,0,1,1,1,3,3,0,0,0,Input Validation
500,591,4109,4,1,0,4,1,1,4,2,7,3,1,1,0,Session
200,188,1000,0,1,0,0,0,1,0,0,3,3,0,0,0,Safe
400,920,4863,1,0,1,2,3,1,5,2,5,2,1,1,1,Header
200,188,1000,0,1,0,0,0,1,0,0,3,3,0,0,0,Safe
200,226,1792,0,1,0,0,0,1,13,1,3,3,1,0,0,Authorization
500,1249,9205,2,0,0,3,4,0,0,1,8,4,1,1,0,Configuration
200,194,1000,0,1,0,0,0,1,0,0,2,2,0,0,0,Information
200,282,1000,0,1,0,0,0,1,3,0,3,3,0,0,0,Safe
200,204,1246,0,1,0,0,0,1,5,1,3,3,0,0,0,Safe
200,220,1207,0,1,0,0,0,1,1,1,3,3,0,0,0,Input Validation
200,364,1000,0,1,0,0,0,1,1,0,3,3,0,0,0,Input Validation
200,220,1000,0,1,0,0,0,1,0,0,3,3,0,0,0,Information
200,197,1051,0,1,0,0,0,1,1,1,3,3,0,0,0,Authorization
200,210,1180,0,1,0,0,0,1,5,1,3,3,1,0,0,Authorization
200,199,1099,0,1,0,0,0,1,1,1,3,3,0,0,0,Authorization
200,197,1054,0,1,0,0,0,1,1,1,3,3,0,0,0,Safe
200,244,1000,0,1,0,0,0,1,0,0,4,4,0,0,0,Information
200,668,1000,0,1,0,0,0,1,13,0,3,3,1,0,0,Safe
200,198,1000,0,1,0,0,0,1,0,0,3,3,0,0,0,Safe
200,1737,7005,2,1,2,4,3,0,0,0,4,2,0,1,0,Session
200,203,1222,0,1,0,0,0,1,5,1,3,3,0,0,0,Authorization
200,208,1369,0,1,0,0,0,1,5,1,3,3,0,0,0,Input Validation
200,178,1000,0,1,0,0,0,1,0,0,2,2,0,0,0,Safe
200,190,1000,0,1,0,0,0,1,0,0,1,1,0,0,0,Information
200,202,1000,0,1,0,0,0,1,0,0,3,3,0,0,0,Safe
200,720,1000,0,1,0,0,0,1,13,0,3,3,1,0,0,Safe
500,877,3291,2,1,1,0,2,1,7,2,7,4,1,1,1,Header
200,224,1000,0,1,0,0,0,1,1,0,3,3,0,0,0,Safe
403,894,2126,2,0,1,1,1,1,6,1,2,4,1,1,1,Authentication
200,204,1000,0,1,0,0,0,1,0,0,3,3,0,0,0,Information
200,196,1000,0,1,0,0,0,1,0,0,3,3,0,0,0,Safe
200,211,1222,0,1,0,0,0,1,5,1,3,3,1,0,0,Safe
200,244,1000,0,1,0,0,0,1,0,0,4,4,0,0,0,Information
200,199,1099,0,1,0,0,0,1,1,1,3,3,0,0,0,Safe
200,210,1000,0,1,0,0,0,1,1,0,3,3,0,0,0,Safe
200,182,1000,0,1,0,0,0,1,0,0,2,2,0,0,0,Information
200,178,1000,0,1,0,0,0,1,0,0,1,1,0,0,0,Information
200,188,1000,0,1,0,0,0,1,0,0,3,3,0,0,0,Safe
302,614,8082,4,3,1,4,4,1,7,1,6,0,1,1,1,Session
200,202,1000,0,1,0,0,0,1,0,0,3,3,0,0,0,Safe
200,230,1912,0,1,0,0,0,1,13,1,3,3,1,0,0,Input Validation
302,1413,6335,6,3,2,3,4,1,6,2,1,3,1,1,1,Authentication
302,440,4530,2,2,0,2,1,0,6,0,2,3,0,0,1,Configuration
200,206,1000,0,1,0,0,0,1,0,0,3,3,0,0,0,Input Validation
200,198,1129,0,1,0,0,0,1,3,1,3,3,0,0,0,Safe
200,160,1000,0,1,0,0,0,1,0,0,1,1,0,0,0,Safe
200,232,1000,0,1,0,0,0,1,1,0,3,3,0,0,0,Safe
200,216,1000,0,1,0,0,0,1,0,0,4,4,0,0,0,Safe
200,205,1285,0,1,0,0,0,1,5,1,3,3,0,0,0,Input Validation
200,206,1000,0,1,0,0,0,1,0,0,4,4,0,0,0,Input Validation
302,1065,1872,0,3,0,2,2,0,2,1,3,2,0,1,0,Session
200,210,1183,0,1,0,0,0,1,5,1,3,3,1,0,0,Authorization
302,1663,2032,6,2,2,5,4,1,3,0,1,0,1,0,0,Session
200,201,1174,0,1,0,0,0,1,1,1,3,3,0,0,0,Input Validation
403,195,4488,0,3,0,4,0,0,0,0,8,3,1,0,1,Configuration
500,399,8169,1,1,0,5,3,1,4,2,6,1,1,0,1,Header
200,1074,1954,2,2,2,4,0,0,0,1,4,0,0,1,0,Configuration
500,565,2939,7,2,1,0,3,1,7,2,4,3,1,0,1,Authentication
200,206,1327,0,1,0,0,0,1,5,1,3,3,0,0,0,Input Validation
200,222,1264,0,1,0,0,0,1,1,1,3,3,0,0,0,Input Validation
200,200,1192,0,1,0,0,0,1,3,1,3,3,0,0,0,Input Validation
200,205,1297,0,1,0,0,0,1,1,1,3,3,0,0,0,Input Validation
200,614,1000,0,1,0,0,0,1,3,0,3,3,0,0,0,Input Validation
200,205,1282,0,1,0,0,0,1,1,1,3,3,0,0,0,Safe
200,150,1482,3,3,0,3,3,1,5,2,2,4,1,0,1,Input Validation
200,362,6054,1,2,2,4,0,0,4,2,3,0,1,0,1,Configuration
200,200,1000,0,1,0,0,0,1,0,0,3,3,0,0,0,Safe
200,206,1000,0,1,0,0,0,1,0,0,2,2,0,0,0,Input Validation
200,210,1180,0,1,0,0,0,1,5,1,3,3,1,0,0,Safe
302,505,4995,0,0,1,3,1,0,5,0,7,1,0,1,0,Input Validation
200,670,1000,0,1,0,0,0,1,13,0,3,3,1,0,0,Safe
200,232,7290,7,4,1,1,3,1,5,1,2,3,1,1,0,Session
200,304,1000,0,1,0,0,0,1,1,0,3,3,0,0,0,Input Validation
500,1888,109,7,1,1,2,4,1,6,0,6,0,1,1,0,Authentication
200,214,1000,0,1,0,0,0,1,0,0,4,4,0,0,0,Safe
200,196,1000,0,1,0,0,0,1,0,0,3,3,0,0,0,Information
200,474,1000,0,1,0,0,0,1,5,0,3,3,0,0,0,Input Validation
200,224,1801,0,1,0,0,0,1,13,1,3,3,1,0,0,Authorization
400,708,2863,2,2,2,1,0,1,6,2,2,2,0,0,1,Header
200,199,1168,0,1,0,0,0,1,3,1,3,3,0,0,0,Input Validation
200,983,7284,1,0,1,1,3,0,4,1,6,4,0,0,0,Configuration
200,264,1000,0,1,0,0,0,1,1,0,3,3,0,0,0,Safe
200,203,1213,0,1,0,0,0,1,1,1,3,3,0,0,0,Input Validation
200,220,1201,0,1,0,0,0,1,1,1,3,3,0,0,0,Input Validation
200,188,1000,0,1,0,0,0,1,0,0,3,3,0,0,0,Safe
200,818,1000,0,1,0,0,0,1,13,0,3,3,1,0,0,Input Validation
200,786,1000,0,1,0,0,0,1,13,0,3,3,1,0,0,Input Validation
200,214,1000,0,1,0,0,0,1,0,0,4,4,0,0,0,Safe
200,742,1000,0,1,0,0,0,1,13,0,3,3,1,0,0,Input Validation
400,520,4591,0,0,0,5,0,1,4,2,4,1,1,1,1,Configuration
200,196,1000,0,1,0,0,0,1,0,0,3,3,0,0,0,Safe
200,1967,1975,2,0,1,0,3,0,5,1,5,4,1,1,1,Configuration
200,422,1000,0,1,0,0,0,1,3,0,3,3,0,0,0,Input Validation
200,674,1000,0,1,0,0,0,1,5,0,3,3,1,0,0,Input Validation
200,199,1099,0,1,0,0,0,1,1,1,3,3,0,0,0,Authorization
200,1007,7774,2,2,1,0,1,1,4,0,9,0,0,0,0,Configuration
200,310,1000,0,1,0,0,0,1,1,0,3,3,0,0,0,Input Validation
200,306,1000,0,1,0,0,0,1,1,0,3,3,0,0,0,Input Validation
200,186,1000,0,1,0,0,0,1,0,0,2,2,0,0,0,Information
403,1185,5562,0,0,2,1,0,0,1,0,8,1,0,1,0,Header
403,906,8766,2,2,1,3,3,1,6,1,3,3,1,1,1,Authentication
200,412,1000,0,1,0,0,0,1,3,0,3,3,0,0,0,Input Validation
200,202,1000,0,1,0,0,0,1,0,0,2,2,0,0,0,Input Validation
200,204,1249,0,1,0,0,0,1,1,1,3,3,0,0,0,Input Validation
200,206,1000,0,1,0,0,0,1,0,0,3,3,0,0,0,Input Validation
200,194,1000,0,1,0,0,0,1,0,0,3,3,0,0,0,Safe
200,216,1000,0,1,0,0,0,1,0,0,4,4,0,0,0,Safe
200,198,1123,0,1,0,0,0,1,3,1,3,3,0,0,0,Safe
200,214,1012,0,1,0,0,0,1,1,1,3,3,0,0,0,Safe
200,332,1000,0,1,0,0,0,1,1,0,3,3,0,0,0,Input Validation
200,230,1000,0,1,0,0,0,1,0,0,3,3,0,0,0,Information
200,188,1000,0,1,0,0,0,1,0,0,3,3,0,0,0,Safe
200,210,1198,0,1,0,0,0,1,5,1,3,3,1,0,0,Safe
200,204,1000,0,1,0,0,0,1,0,0,3,3,0,0,0,Input Validation
200,240,1000,0,1,0,0,0,1,0,0,4,4,0,0,0,Input Validation
200,226,1864,0,1,0,0,0,1,13,1,3,3,1,0,0,Input Validation
200,197,1051,0,1,0,0,0,1,1,1,3,3,0,0,0,Safe
200,150,1000,0,1,0,0,0,1,0,0,0,0,0,0,0,Information
302,1601,4524,5,4,1,5,0,1,4,2,2,0,1,1,0,Session
200,1074,1954,2,2,2,4,0,0,0,1,4,0,0,1,0,Configuration
200,220,1000,0,1,0,0,0,1,0,0,3,3,0,0,0,Information
500,586,7778,1,2,1,5,1,0,1,1,3,2,1,0,0,Header
403,800,3340,1,0,2,1,1,1,5,0,9,2,0,1,0,Header
400,1735,869,7,3,1,5,1,1,3,0,1,3,1,1,0,Authentication
302,664,5492,2,2,2,3,3,0,1,2,5,2,1,1,0,Configuration
200,210,1447,0,1,0,0,0,1,5,1,3,3,0,0,0,Input Validation
200,1677,9595,4,2,0,1,2,1,2,0,1,2,1,1,1,Session
200,210,1420,0,1,0,0,0,1,5,1,3,3,0,0,0,Input Validation
200,150,1000,0,1,0,0,0,1,0,0,0,0,0,0,0,Information
200,180,1000,0,1,0,0,0,1,0,0,2,2,0,0,0,Information
403,1355,1861,2,3,2,4,4,1,0,0,6,4,1,1,0,Authentication
200,224,1723,0,1,0,0,0,1,13,1,3,3,1,0,0,Safe
200,200,1000,0,1,0,0,0,1,0,0,3,3,0,0,0,Safe
200,862,1000,0,1,0,0,0,1,13,0,3,3,1,0,0,Input Validation
200,203,1219,0,1,0,0,0,1,5,1,3,3,0,0,0,Authorization
200,412,1000,0,1,0,0,0,1,1,0,3,3,0,0,0,Input Validation
200,192,1000,0,1,0,0,0,1,0,0,3,3,0,0,0,Safe
200,216,1000,0,1,0,0,0,1,0,0,4,4,0,0,0,Safe
200,216,1000,0,1,0,0,0,1,0,0,4,4,0,0,0,Safe
200,184,1000,0,1,0,0,0,1,0,0,2,2,0,0,0,Input Validation
500,1214,3910,3,2,1,3,4,1,0,0,5,3,0,1,1,Configuration
200,214,1000,0,1,0,0,0,1,0,0,2,2,0,0,0,Information
403,1073,5772,2,4,1,5,2,1,0,2,9,4,1,0,0,Session
200,288,4390,2,2,1,4,0,1,4,0,4,1,0,0,0,Header
200,216,1000,0,1,0,0,0,1,0,0,4,4,0,0,0,Safe
200,200,1000,0,1,0,0,0,1,0,0,3,3,0,0,0,Safe
200,258,1000,0,1,0,0,0,1,1,0,3,3,0,0,0,Input Validation
400,158,2694,1,1,0,5,4,1,6,0,7,2,1,0,0,Header
200,222,1249,0,1,0,0,0,1,1,1,3,3,0,0,0,Safe
200,205,1279,0,1,0,0,0,1,1,1,3,3,0,0,0,Input Validation
200,340,1000,0,1,0,0,0,1,5,0,3,3,0,0,0,Safe
200,166,1000,0,1,0,0,0,1,0,0,1,1,0,0,0,Input Validation
200,198,1000,0,1,0,0,0,1,0,0,3,3,0,0,0,Safe
200,1306,2164,2,2,1,3,4,0,7,1,3,1,0,1,1,Configuration
200,214,1012,0,1,0,0,0,1,1,1,3,3,0,0,0,Authorization
200,180,1000,0,1,0,0,0,1,0,0,2,2,0,0,0,Input Validation
200,150,1000,0,1,0,0,0,1,0,0,0,0,0,0,0,Information
200,670,1000,0,1,0,0,0,1,13,0,3,3,1,0,0,Safe
302,203,9575,3,1,0,2,4,1,0,2,5,1,1,0,1,Session
200,166,1000,0,1,0,0,0,1,0,0,1,1,0,0,0,Input Validation
200,218,1432,0,1,0,0,0,1,5,1,3,3,1,0,0,Input Validation
200,196,1000,0,1,0,0,0,1,0,0,3,3,0,0,0,Safe
403,520,9533,3,4,0,4,3,1,2,2,6,0,0,0,1,Session
200,200,1000,0,1,0,0,0,1,0,0,3,3,0,0,0,Information
200,224,1720,0,1,0,0,0,1,13,1,3,3,1,0,0,Authorization
200,209,1405,0,1,0,0,0,1,5,1,3,3,0,0,0,Input Validation
200,219,1171,0,1,0,0,0,1,1,1,3,3,0,0,0,Input Validation
200,197,1114,0,1,0,0,0,1,3,1,3,3,0,0,0,Safe
200,198,1000,0,1,0,0,0,1,0,0,3,3,0,0,0,Safe
200,462,1000,0,1,0,0,0,1,5,0,3,3,1,0,0,Input Validation
403,1957,2990,0,2,2,2,2,1,5,0,9,3,0,1,1,Header
200,804,1000,0,1,0,0,0,1,13,0,3,3,1,0,0,Input Validation
200,1814,9517,0,1,2,2,1,0,2,0,4,3,0,0,0,Header
200,197,1042,0,1,0,0,0,1,1,1,3,3,0,0,0,Safe
200,224,1000,0,1,0,0,0,1,1,0,3,3,0,0,0,Safe
200,200,1000,0,1,0,0,0,1,0,0,3,3,0,0,0,Safe
200,178,1000,0,1,0,0,0,1,0,0,1,1,0,0,0,Information
200,206,1318,0,1,0,0,0,1,5,1,3,3,0,0,0,Input Validation
200,212,1000,0,1,0,0,0,1,0,0,3,3,0,0,0,Safe
200,700,1000,0,1,0,0,0,1,13,0,3,3,1,0,0,Safe
200,749,5545,2,0,1,5,4,0,3,2,3,3,1,1,1,Header
200,152,1000,0,1,0,0,0,1,0,0,1,1,0,0,0,Information
200,264,1000,0,1,0,0,0,1,1,0,3,3,0,0,0,Safe
200,197,1051,0,1,0,0,0,1,1,1,3,3,0,0,0,Safe
403,946,2061,1,3,0,3,1,1,5,2,9,3,0,1,0,Header
200,210,1186,0,1,0,0,0,1,5,1,3,3,1,0,0,Safe
200,160,1000,0,1,0,0,0,1,0,0,1,1,0,0,0,Safe
200,196,1000,0,1,0,0,0,1,0,0,3,3,0,0,0,Safe
400,1437,6873,0,2,1,4,2,0,1,0,3,2,0,1,1,Header
200,224,1000,0,1,0,0,0,1,0,0,4,4,0,0,0,Information
200,216,1000,0,1,0,0,0,1,0,0,4,4,0,0,0,Safe
403,223,626,0,4,1,3,4,1,7,0,3,3,0,0,0,Session
200,231,2011,0,1,0,0,0,1,13,1,3,3,1,0,0,Input Validation
200,198,1000,0,1,0,0,0,1,0,0,3,3,0,0,0,Safe
200,198,1000,0,1,0,0,0,1,0,0,1,1,0,0,0,Input Validation
200,180,1000,0,1,0,0,0,1,0,0,2,2,0,0,0,Input Validation
200,264,1000,0,1,0,0,0,1,1,0,3,3,0,0,0,Safe
200,225,1777,0,1,0,0,0,1,13,1,3,3,1,0,0,Authorization
302,1076,6569,3,2,0,3,0,1,4,2,3,4,0,0,1,Session
200,412,1000,0,1,0,0,0,1,1,0,3,3,0,0,0,Input Validation
200,197,1114,0,1,0,0,0,1,3,1,3,3,0,0,0,Safe
200,202,1000,0,1,0,0,0,1,0,0,2,2,0,0,0,Information
200,214,1012,0,1,0,0,0,1,1,1,3,3,0,0,0,Safe
200,186,1000,0,1,0,0,0,1,0,0,2,2,0,0,0,Safe
200,430,1000,0,1,0,0,0,1,3,0,3,3,0,0,0,Input Validation
200,152,1000,0,1,0,0,0,1,0,0,1,1,0,0,0,Input Validation
200,196,1000,0,1,0,0,0,1,0,0,3,3,0,0,0,Safe
400,1908,3737,1,3,1,4,3,1,0,2,8,0,1,0,0,Session
200,216,1000,0,1,0,0,0,1,0,0,4,4,0,0,0,Safe
200,498,1000,0,1,0,0,0,1,5,0,3,3,0,0,0,Safe
500,753,9762,4,1,0,2,3,1,7,2,5,0,1,1,1,Authentication
200,188,1000,0,1,0,0,0,1,0,0,3,3,0,0,0,Safe
200,244,1000,0,1,0,0,0,1,0,0,4,4,0,0,0,Safe
200,196,1000,0,1,0,0,0,1,0,0,3,3,0,0,0,Safe
200,218,1681,0,1,0,0,0,1,5,1,3,3,0,0,0,Input Validation
200,406,1000,0,1,0,0,0,1,5,0,3,3,1,0,0,Input Validation
200,226,1000,0,1,0,0,0,1,1,0,3,3,0,0,0,Safe
200,1237,182,1,1,0,4,1,1,7,1,6,0,1,1,0,Header
200,226,1789,0,1,0,0,0,1,13,1,3,3,1,0,0,Safe
200,200,1000,0,1,0,0,0,1,0,0,3,3,0,0,0,Safe
200,188,1000,0,1,0,0,0,1,0,0,2,2,0,0,0,Information
200,224,1000,0,1,0,0,0,1,0,0,4,4,0,0,0,Information
200,216,1000,0,1,0,0,0,1,0,0,4,4,0,0,0,Safe
200,464,1000,0,1,0,0,0,1,5,0,3,3,1,0,0,Input Validation
200,223,1768,0,1,0,0,0,1,13,1,3,3,1,0,0,Safe
200,192,1000,0,1,0,0,0,1,0,0,3,3,0,0,0,Safe
403,88,7794,2,0,0,5,0,0,1,0,2,2,1,1,1,Configuration
200,1067,1984,1,1,1,5,0,0,7,1,8,0,1,0,1,Session
200,754,1000,0,1,0,0,0,1,13,0,3,3,1,0,0,Safe
200,219,1174,0,1,0,0,0,1,1,1,3,3,0,0,0,Input Validation
403,740,8762,1,1,0,3,2,0,7,2,7,4,0,0,0,Session
200,932,4861,7,3,1,1,3,1,2,0,8,2,0,1,0,Session
200,214,1000,0,1,0,0,0,1,0,0,4,4,0,0,0,Safe
200,168,1000,0,1,0,0,0,1,0,0,2,2,0,0,0,Information
200,282,1000,0,1,0,0,0,1,3,0,3,3,0,0,0,Safe
200,153,2845,3,4,1,4,1,0,6,1,9,1,0,1,0,Session
200,356,1000,0,1,0,0,0,1,1,0,3,3,0,0,0,Input Validation
200,203,1237,0,1,0,0,0,1,1,1,3,3,0,0,0,Input Validation
200,300,1000,0,1,0,0,0,1,1,0,3,3,0,0,0,Input Validation
200,653,6124,3,2,0,5,0,1,2,2,1,4,0,1,1,Configuration
200,199,1099,0,1,0,0,0,1,1,1,3,3,0,0,0,Safe
200,418,1000,0,1,0,0,0,1,5,0,3,3,0,0,0,Input Validation
200,209,1174,0,1,0,0,0,1,5,1,3,3,1,0,0,Safe
200,219,1171,0,1,0,0,0,1,1,1,3,3,0,0,0,Input Validation
200,233,1990,0,1,0,0,0,1,13,1,3,3,1,0,0,Input Validation
200,203,1225,0,1,0,0,0,1,5,1,3,3,0,0,0,Safe
200,330,1000,0,1,0,0,0,1,1,0,3,3,0,0,0,Input Validation
200,573,2493,5,1,0,5,1,1,2,0,9,0,1,0,1,Authentication
200,264,1000,0,1,0,0,0,1,1,0,3,3,0,0,0,Safe
200,198,1000,0,1,0,0,0,1,0,0,3,3,0,0,0,Safe
200,1024,1000,0,1,0,0,0,1,13,0,3,3,1,0,0,Input Validation
200,150,1000,0,1,0,0,0,1,0,0,0,0,0,0,0,Information
200,222,1261,0,1,0,0,0,1,1,1,3,3,0,0,0,Input Validation
200,214,1012,0,1,0,0,0,1,1,1,3,3,0,0,0,Safe
302,664,5492,2,2,2,3,3,0,1,2,5,2,1,1,0,Configuration
200,150,1000,0,1,0,0,0,1,0,0,0,0,0,0,0,Information
200,214,1000,0,1,0,0,0,1,0,0,4,4,0,0,0,Safe
200,209,1177,0,1,0,0,0,1,5,1,3,3,1,0,0,Authorization
200,212,1000,0,1,0,0,0,1,0,0,3,3,0,0,0,Input Validation
200,212,1000,0,1,0,0,0,1,0,0,3,3,0,0,0,Information
200,224,1000,0,1,0,0,0,1,0,0,4,4,0,0,0,Information
500,92,4449,1,3,2,2,2,0,2,1,9,1,1,0,1,Input Validation
200,216,1000,0,1,0,0,0,1,0,0,4,4,0,0,0,Safe
200,209,1393,0,1,0,0,0,1,5,1,3,3,0,0,0,Input Validation
400,366,6182,3,1,0,5,0,0,6,0,2,3,1,1,1,Configuration
200,722,1000,0,1,0,0,0,1,13,0,3,3,1,0,0,Safe
200,814,1000,0,1,0,0,0,1,13,0,3,3,1,0,0,Input Validation
200,204,1000,0,1,0,0,0,1,0,0,3,3,0,0,0,Input Validation
200,225,1759,0,1,0,0,0,1,13,1,3,3,1,0,0,Authorization
200,342,1000,0,1,0,0,0,1,5,0,3,3,0,0,0,Safe
200,214,1000,0,1,0,0,0,1,0,0,4,4,0,0,0,Safe
200,212,1000,0,1,0,0,0,1,0,0,3,3,0,0,0,Information
200,676,1000,0,1,0,0,0,1,13,0,3,3,1,0,0,Safe
200,228,1915,0,1,0,0,0,1,13,1,3,3,1,0,0,Input Validation
200,322,1000,0,1,0,0,0,1,5,0,3,3,1,0,0,Safe
200,360,1000,0,1,0,0,0,1,5,0,3,3,1,0,0,Input Validation
200,212,1000,0,1,0,0,0,1,0,0,3,3,0,0,0,Safe
200,150,1000,0,1,0,0,0,1,0,0,0,0,0,0,0,Input Validation
200,182,1000,0,1,0,0,0,1,0,0,2,2,0,0,0,Input Validation
200,696,1000,0,1,0,0,0,1,13,0,3,3,1,0,0,Safe
200,225,1753,0,1,0,0,0,1,13,1,3,3,1,0,0,Safe
200,220,1000,0,1,0,0,0,1,0,0,3,3,0,0,0,Information
200,184,1000,0,1,0,0,0,1,0,0,3,3,0,0,0,Information
200,216,1072,0,1,0,0,0,1,1,1,3,3,0,0,0,Input Validation
200,194,1000,0,1,0,0,0,1,0,0,3,3,0,0,0,Safe
200,199,1102,0,1,0,0,0,1,1,1,3,3,0,0,0,Safe
200,726,1000,0,1,0,0,0,1,13,0,3,3,1,0,0,Safe
200,1487,9012,2,2,1,2,1,1,6,2,4,1,0,1,1,Header
200,242,1000,0,1,0,0,0,1,0,0,5,5,0,0,0,Input Validation
200,412,1000,0,1,0,0,0,1,1,0,3,3,0,0,0,Input Validation
200,198,1000,0,1,0,0,0,1,0,0,3,3,0,0,0,Safe
200,199,1099,0,1,0,0,0,1,1,1,3,3,0,0,0,Safe
200,202,1201,0,1,0,0,0,1,5,1,3,3,0,0,0,Safe
200,198,1000,0,1,0,0,0,1,0,0,3,3,0,0,0,Safe
200,212,1000,0,1,0,0,0,1,0,0,3,3,0,0,0,Safe
200,204,1249,0,1,0,0,0,1,1,1,3,3,0,0,0,Input Validation
200,205,1273,0,1,0,0,0,1,5,1,3,3,0,0,0,Input Validation
400,1652,6318,4,3,1,2,2,1,2,1,3,1,1,0,0,Session
200,266,1000,0,1,0,0,0,1,1,0,3,3,0,0,0,Safe
200,197,1051,0,1,0,0,0,1,1,1,3,3,0,0,0,Authorization
200,204,1309,0,1,0,0,0,1,3,1,3,3,0,0,0,Input Validation
200,196,1000,0,1,0,0,0,1,0,0,3,3,0,0,0,Information
200,214,1024,0,1,0,0,0,1,1,1,3,3,0,0,0,Safe
200,178,1000,0,1,0,0,0,1,0,0,1,1,0,0,0,Input Validation
500,744,406,0,1,1,1,2,1,4,0,3,3,1,0,0,Configuration
200,1204,3656,2,2,0,0,1,1,0,1,2,1,1,1,0,Authentication
200,201,1225,0,1,0,0,0,1,3,1,3,3,0,0,0,Input Validation
200,226,1846,0,1,0,0,0,1,13,1,3,3,1,0,0,Input Validation
200,230,1000,0,1,0,0,0,1,0,0,4,4,0,0,0,Information
200,188,1000,0,1,0,0,0,1,0,0,3,3,0,0,0,Safe
403,1324,1056,2,1,1,1,0,0,4,1,1,2,1,0,0,Configuration
200,206,1000,0,1,0,0,0,1,0,0,3,3,0,0,0,Input Validation
403,1295,2790,2,3,1,5,4,0,1,0,1,1,1,1,1,Header
200,220,1000,0,1,0,0,0,1,0,0,3,3,0,0,0,Information
403,1749,7162,2,2,2,1,2,1,5,1,9,0,0,1,1,Configuration
500,1846,8345,3,2,0,0,2,1,1,0,3,1,1,1,0,Configuration
200,678,1000,0,1,0,0,0,1,13,0,3,3,1,0,0,Safe
200,196,1000,0,1,0,0,0,1,0,0,3,3,0,0,0,Information
200,1954,8887,7,0,1,4,2,1,0,0,9,2,1,0,0,Authentication
200,199,1102,0,1,0,0,0,1,1,1,3,3,0,0,0,Safe
200,196,1000,0,1,0,0,0,1,0,0,3,3,0,0,0,Safe
200,198,1000,0,1,0,0,0,1,0,0,3,3,0,0,0,Safe
200,197,1054,0,1,0,0,0,1,1,1,3,3,0,0,0,Safe
200,216,1000,0,1,0,0,0,1,0,0,4,4,0,0,0,Safe
200,214,1012,0,1,0,0,0,1,1,1,3,3,0,0,0,Authorization
200,209,1171,0,1,0,0,0,1,5,1,3,3,1,0,0,Authorization
200,182,1000,0,1,0,0,0,1,0,0,2,2,0,0,0,Information
200,206,1000,0,1,0,0,0,1,0,0,3,3,0,0,0,Information
403,621,2482,1,0,0,5,3,1,7,1,4,2,1,0,1,Configuration
200,436,2258,5,4,1,3,4,0,0,1,6,0,1,0,1,Session
200,1136,2170,7,3,1,2,0,1,3,0,8,1,1,1,0,Session
200,192,1000,0,1,0,0,0,1,0,0,3,3,0,0,0,Safe
200,186,1000,0,1,0,0,0,1,0,0,2,2,0,0,0,Information
302,1684,362,3,3,1,0,3,1,0,1,1,3,1,0,1,Authentication
200,200,1000,0,1,0,0,0,1,0,0,3,3,0,0,0,Safe
200,196,1000,0,1,0,0,0,1,0,0,3,3,0,0,0,Safe
400,1699,8051,0,2,2,1,3,1,7,0,1,3,1,0,0,Header
200,194,1000,0,1,0,0,0,1,0,0,3,3,0,0,0,Safe
200,210,1189,0,1,0,0,0,1,5,1,3,3,1,0,0,Safe
200,264,1000,0,1,0,0,0,1,1,0,3,3,0,0,0,Safe
200,200,1000,0,1,0,0,0,1,0,0,3,3,0,0,0,Safe
200,234,2035,0,1,0,0,0,1,13,1,3,3,1,0,0,Input Validation
200,404,1000,0,1,0,0,0,1,3,0,3,3,0,0,0,Input Validation
200,197,1051,0,1,0,0,0,1,1,1,3,3,0,0,0,Safe
200,264,1000,0,1,0,0,0,1,1,0,3,3,0,0,0,Safe
200,344,1000,0,1,0,0,0,1,5,0,3,3,0,0,0,Safe
200,248,1000,0,1,0,0,0,1,0,0,4,4,0,0,0,Information
200,218,1144,0,1,0,0,0,1,1,1,3,3,0,0,0,Input Validation
302,313,2941,0,4,2,5,2,0,3,0,5,0,0,0,0,Session
200,688,1000,0,1,0,0,0,1,13,0,3,3,1,0,0,Safe
200,424,1000,0,1,0,0,0,1,5,0,3,3,0,0,0,Input Validation
200,282,1000,0,1,0,0,0,1,3,0,3,3,0,0,0,Safe
200,168,1000,0,1,0,0,0,1,0,0,2,2,0,0,0,Information
200,199,1099,0,1,0,0,0,1,1,1,3,3,0,0,0,Safe
200,798,1000,0,1,0,0,0,1,13,0,3,3,1,0,0,Input Validation
200,150,1000,0,1,0,0,0,1,0,0,0,0,0,0,0,Input Validation
200,364,1000,0,1,0,0,0,1,3,0,3,3,0,0,0,Input Validation
500,293,4207,6,0,1,5,1,0,2,1,8,1,1,1,1,Input Validation
403,1807,7674,6,0,2,2,4,1,4,2,3,3,1,1,0,Authentication
200,196,1000,0,1,0,0,0,1,0,0,3,3,0,0,0,Safe
200,315,7169,1,2,2,3,4,0,5,0,3,4,1,1,1,Configuration
400,232,3212,6,4,2,5,2,0,4,2,1,3,0,1,1,Session
400,1447,1595,0,3,0,5,0,1,3,1,7,1,1,0,0,Authentication
200,754,1000,0,1,0,0,0,1,13,0,3,3,1,0,0,Input Validation
200,203,1219,0,1,0,0,0,1,1,1,3,3,0,0,0,Input Validation
403,1749,7162,2,2,2,1,2,1,5,1,9,0,0,1,1,Configuration
200,224,1741,0,1,0,0,0,1,13,1,3,3,1,0,0,Safe
400,366,6182,3,1,0,5,0,0,6,0,2,3,1,1,1,Configuration
200,222,1741,0,1,0,0,0,1,13,1,3,3,1,0,0,Safe
200,202,1000,0,1,0,0,0,1,0,0,3,3,0,0,0,Input Validation
200,194,1000,0,1,0,0,0,1,0,0,3,3,0,0,0,Safe
200,864,1000,0,1,0,0,0,1,13,0,3,3,1,0,0,Input Validation
500,104,8138,0,3,1,1,2,1,1,0,7,3,1,1,0,Configuration
200,692,1000,0,1,0,0,0,1,13,0,3,3,1,0,0,Safe
200,264,1000,0,1,0,0,0,1,1,0,3,3,0,0,0,Safe
200,422,1000,0,1,0,0,0,1,5,0,3,3,0,0,0,Input Validation
200,282,1000,0,1,0,0,0,1,3,0,3,3,0,0,0,Safe
200,464,1000,0,1,0,0,0,1,5,0,3,3,1,0,0,Input Validation
200,219,1171,0,1,0,0,0,1,1,1,3,3,0,0,0,Input Validation
200,216,1387,0,1,0,0,0,1,5,1,3,3,1,0,0,Input Validation
500,911,6811,2,1,2,3,0,1,4,0,4,4,1,1,1,Header
200,330,1000,0,1,0,0,0,1,1,0,3,3,0,0,0,Input Validation
200,203,1222,0,1,0,0,0,1,5,1,3,3,0,0,0,Authorization
200,203,1213,0,1,0,0,0,1,1,1,3,3,0,0,0,Input Validation
403,740,8762,1,1,0,3,2,0,7,2,7,4,0,0,0,Session
200,206,1000,0,1,0,0,0,1,0,0,2,2,0,0,0,Information
200,198,1000,0,1,0,0,0,1,0,0,3,3,0,0,0,Safe
200,200,1000,0,1,0,0,0,1,0,0,3,3,0,0,0,Safe
200,186,1000,0,1,0,0,0,1,0,0,2,2,0,0,0,Input Validation
200,900,1000,0,1,0,0,0,1,13,0,3,3,1,0,0,Input Validation
200,212,1000,0,1,0,0,0,1,0,0,3,3,0,0,0,Safe
200,1046,1000,0,1,0,0,0,1,13,0,3,3,1,0,0,Input Validation
200,316,1000,0,1,0,0,0,1,1,0,3,3,0,0,0,Input Validation
200,198,1072,0,1,0,0,0,1,1,1,3,3,0,0,0,Input Validation
400,1731,6663,2,3,2,0,4,1,1,1,2,2,0,1,1,Session
200,258,1000,0,1,0,0,0,1,0,0,4,4,0,0,0,Information
200,206,1000,0,1,0,0,0,1,0,0,4,4,0,0,0,Information
200,248,1000,0,1,0,0,0,1,0,0,4,4,0,0,0,Input Validation
200,198,1129,0,1,0,0,0,1,3,1,3,3,0,0,0,Safe
400,1104,7661,2,2,0,5,1,1,1,1,7,1,1,0,1,Configuration
200,200,1000,0,1,0,0,0,1,0,0,3,3,0,0,0,Safe
400,284,1956,6,2,2,1,4,0,5,0,9,0,1,1,0,Session
200,210,1189,0,1,0,0,0,1,5,1,3,3,1,0,0,Safe
302,57,3523,3,4,1,0,2,0,0,2,4,1,1,0,1,Session
200,197,1114,0,1,0,0,0,1,3,1,3,3,0,0,0,Authorization
200,822,1000,0,1,0,0,0,1,13,0,3,3,1,0,0,Safe
200,730,1000,0,1,0,0,0,1,13,0,3,3,1,0,0,Safe
200,264,1000,0,1,0,0,0,1,1,0,3,3,0,0,0,Safe
400,1447,1595,0,3,0,5,0,1,3,1,7,1,1,0,0,Authentication
200,508,1000,0,1,0,0,0,1,5,0,3,3,0,0,0,Input Validation
200,194,1000,0,1,0,0,0,1,0,0,3,3,0,0,0,Safe
200,199,1099,0,1,0,0,0,1,1,1,3,3,0,0,0,Authorization
500,72,5981,1,1,0,3,1,1,6,1,3,1,1,0,1,Authentication
200,196,1000,0,1,0,0,0,1,0,0,3,3,0,0,0,Input Validation
200,227,1825,0,1,0,0,0,1,13,1,3,3,1,0,0,Authorization
200,296,1000,0,1,0,0,0,1,1,0,3,3,0,0,0,Input Validation
200,201,1225,0,1,0,0,0,1,3,1,3,3,0,0,0,Input Validation
200,198,1138,0,1,0,0,0,1,3,1,3,3,0,0,0,Safe
200,196,1000,0,1,0,0,0,1,0,0,3,3,0,0,0,Information
200,196,1000,0,1,0,0,0,1,0,0,3,3,0,0,0,Safe
200,205,1273,0,1,0,0,0,1,1,1,3,3,0,0,0,Input Validation
200,194,1000,0,1,0,0,0,1,0,0,3,3,0,0,0,Safe
200,184,1000,0,1,0,0,0,1,0,0,2,2,0,0,0,Input Validation
200,258,1000,0,1,0,0,0,1,0,0,5,5,0,0,0,Information
200,214,1000,0,1,0,0,0,1,0,0,2,2,0,0,0,Input Validation
200,214,1000,0,1,0,0,0,1,0,0,4,4,0,0,0,Safe
200,446,1000,0,1,0,0,0,1,5,0,3,3,1,0,0,Safe
200,200,1000,0,1,0,0,0,1,0,0,3,3,0,0,0,Information
200,192,1000,0,1,0,0,0,1,0,0,3,3,0,0,0,Safe
200,212,1000,0,1,0,0,0,1,0,0,3,3,0,0,0,Safe
200,205,1273,0,1,0,0,0,1,5,1,3,3,0,0,0,Input Validation
200,390,1000,0,1,0,0,0,1,1,0,3,3,0,0,0,Input Validation
200,282,1000,0,1,0,0,0,1,3,0,3,3,0,0,0,Safe
200,222,1729,0,1,0,0,0,1,13,1,3,3,1,0,0,Safe
200,198,1129,0,1,0,0,0,1,3,1,3,3,0,0,0,Authorization
500,128,1849,3,3,1,2,4,0,7,1,1,1,0,1,1,Input Validation
200,197,1114,0,1,0,0,0,1,3,1,3,3,0,0,0,Authorization
200,222,1744,0,1,0,0,0,1,13,1,3,3,1,0,0,Safe
200,342,1000,0,1,0,0,0,1,5,0,3,3,0,0,0,Safe
200,227,1834,0,1,0,0,0,1,13,1,3,3,1,0,0,Input Validation
200,192,1000,0,1,0,0,0,1,0,0,3,3,0,0,0,Safe
200,214,1000,0,1,0,0,0,1,0,0,4,4,0,0,0,Safe
200,248,1000,0,1,0,0,0,1,0,0,4,4,0,0,0,Input Validation
200,214,1012,0,1,0,0,0,1,1,1,3,3,0,0,0,Safe
200,205,1285,0,1,0,0,0,1,5,1,3,3,0,0,0,Input Validation
200,202,1000,0,1,0,0,0,1,0,0,3,3,0,0,0,Safe
200,1004,1000,0,1,0,0,0,1,13,0,3,3,1,0,0,Input Validation
200,216,1000,0,1,0,0,0,1,0,0,4,4,0,0,0,Safe
200,166,1000,0,1,0,0,0,1,0,0,1,1,0,0,0,Input Validation
200,214,1015,0,1,0,0,0,1,1,1,3,3,0,0,0,Safe
400,1735,869,7,3,1,5,1,1,3,0,1,3,1,1,0,Authentication
302,614,8082,4,3,1,4,4,1,7,1,6,0,1,1,1,Session
200,330,1000,0,1,0,0,0,1,1,0,3,3,0,0,0,Input Validation
403,586,1725,0,1,1,1,2,1,2,0,3,0,0,1,1,Configuration
400,325,4245,2,3,1,3,4,1,2,0,9,3,1,0,1,Header
200,216,1072,0,1,0,0,0,1,1,1,3,3,0,0,0,Input Validation
500,1155,3902,1,3,2,2,2,1,1,0,3,1,1,1,1,Header
200,694,1000,0,1,0,0,0,1,13,0,3,3,1,0,0,Safe
200,205,1351,0,1,0,0,0,1,3,1,3,3,0,0,0,Input Validation
500,753,9762,4,1,0,2,3,1,7,2,5,0,1,1,1,Authentication
400,1731,6663,2,3,2,0,4,1,1,1,2,2,0,1,1,Session
200,204,1000,0,1,0,0,0,1,0,0,3,3,0,0,0,Input Validation
200,188,1000,0,1,0,0,0,1,0,0,3,3,0,0,0,Safe
200,1954,8887,7,0,1,4,2,1,0,0,9,2,1,0,0,Authentication
400,392,1046,2,3,1,4,2,1,0,0,5,3,0,0,1,Session
200,224,1000,0,1,0,0,0,1,0,0,4,4,0,0,0,Information
200,192,1000,0,1,0,0,0,1,0,0,3,3,0,0,0,Safe
200,212,1000,0,1,0,0,0,1,0,0,3,3,0,0,0,Safe
403,1777,6142,5,2,0,0,0,1,3,0,3,4,1,1,0,Authentication
200,214,1012,0,1,0,0,0,1,1,1,3,3,0,0,0,Authorization
200,223,1768,0,1,0,0,0,1,13,1,3,3,1,0,0,Authorization
200,203,1216,0,1,0,0,0,1,5,1,3,3,0,0,0,Safe
200,209,1177,0,1,0,0,0,1,5,1,3,3,1,0,0,Authorization
200,205,1342,0,1,0,0,0,1,3,1,3,3,0,0,0,Input Validation
400,415,7793,1,3,0,5,4,0,4,0,5,2,1,1,0,Header
403,962,1642,5,0,1,0,1,1,1,1,5,4,1,1,0,Authentication
200,1659,817,2,0,1,1,0,0,5,2,4,1,1,0,0,Header
200,210,1000,0,1,0,0,0,1,0,0,3,3,0,0,0,Information
200,476,1000,0,1,0,0,0,1,5,0,3,3,1,0,0,Input Validation
200,212,1000,0,1,0,0,0,1,0,0,3,3,0,0,0,Information
403,589,871,5,2,0,2,3,1,7,1,7,0,0,1,0,Session
200,194,1000,0,1,0,0,0,1,0,0,3,3,0,0,0,Safe
500,714,8324,6,3,2,3,0,1,3,2,5,3,0,0,1,Session
200,322,1000,0,1,0,0,0,1,5,0,3,3,1,0,0,Safe
200,846,1000,0,1,0,0,0,1,13,0,3,3,1,0,0,Input Validation
200,380,1000,0,1,0,0,0,1,1,0,3,3,0,0,0,Input Validation
200,166,1000,0,1,0,0,0,1,0,0,1,1,0,0,0,Input Validation
200,166,1000,0,1,0,0,0,1,0,0,1,1,0,0,0,Input Validation
200,204,1000,0,1,0,0,0,1,0,0,3,3,0,0,0,Input Validation
200,240,1000,0,1,0,0,0,1,0,0,4,4,0,0,0,Input Validation
200,221,1717,0,1,0,0,0,1,13,1,3,3,1,0,0,Authorization
200,217,1402,0,1,0,0,0,1,5,1,3,3,1,0,0,Input Validation
200,210,1183,0,1,0,0,0,1,5,1,3,3,1,0,0,Authorization
200,166,1000,0,1,0,0,0,1,0,0,1,1,0,0,0,Input Validation
200,166,1000,0,1,0,0,0,1,0,0,1,1,0,0,0,Input Validation
200,192,1000,0,1,0,0,0,1,0,0,3,3,0,0,0,Safe
403,223,626,0,4,1,3,4,1,7,0,3,3,0,0,0,Session
200,440,1000,0,1,0,0,0,1,3,0,3,3,0,0,0,Input Validation
200,260,1000,0,1,0,0,0,1,0,0,5,5,0,0,0,Input Validation
200,150,1000,0,1,0,0,0,1,0,0,0,0,0,0,0,Input Validation
200,214,1012,0,1,0,0,0,1,1,1,3,3,0,0,0,Authorization
200,236,1000,0,1,0,0,0,1,0,0,4,4,0,0,0,Information
200,55,9521,2,2,1,2,2,1,0,2,5,3,0,0,0,Header
200,184,1000,0,1,0,0,0,1,0,0,3,3,0,0,0,Safe
200,202,1000,0,1,0,0,0,1,0,0,3,3,0,0,0,Safe
200,198,1000,0,1,0,0,0,1,0,0,3,3,0,0,0,Safe
500,872,2100,4,2,0,5,2,1,6,0,5,4,1,1,0,Authentication
200,214,1015,0,1,0,0,0,1,1,1,3,3,0,0,0,Safe
200,198,1000,0,1,0,0,0,1,0,0,3,3,0,0,0,Safe
403,847,9606,4,0,0,2,2,1,1,1,4,0,1,1,0,Authentication
200,214,1012,0,1,0,0,0,1,1,1,3,3,0,0,0,Authorization
200,232,1000,0,1,0,0,0,1,1,0,3,3,0,0,0,Safe
200,206,1000,0,1,0,0,0,1,0,0,3,3,0,0,0,Information
200,196,1000,0,1,0,0,0,1,0,0,3,3,0,0,0,Safe
200,226,1789,0,1,0,0,0,1,13,1,3,3,1,0,0,Safe
200,484,1000,0,1,0,0,0,1,5,0,3,3,1,0,0,Input Validation
403,223,626,0,4,1,3,4,1,7,0,3,3,0,0,0,Session
200,194,1000,0,1,0,0,0,1,0,0,3,3,0,0,0,Safe
200,180,1000,0,1,0,0,0,1,0,0,2,2,0,0,0,Input Validation
200,336,1000,0,1,0,0,0,1,1,0,3,3,0,0,0,Input Validation
200,214,1627,0,1,0,0,0,1,3,1,3,3,0,0,0,Input Validation
200,232,1000,0,1,0,0,0,1,0,0,4,4,0,0,0,Safe
200,202,1000,0,1,0,0,0,1,0,0,2,2,0,0,0,Information
200,202,1000,0,1,0,0,0,1,0,0,3,3,0,0,0,Input Validation
200,264,1000,0,1,0,0,0,1,1,0,3,3,0,0,0,Safe
200,216,1000,0,1,0,0,0,1,0,0,4,4,0,0,0,Safe
200,315,7169,1,2,2,3,4,0,5,0,3,4,1,1,1,Configuration
400,1735,869,7,3,1,5,1,1,3,0,1,3,1,1,0,Authentication
200,184,1000,0,1,0,0,0,1,0,0,2,2,0,0,0,Input Validation
200,272,1000,0,1,0,0,0,1,3,0,3,3,0,0,0,Safe
200,178,1000,0,1,0,0,0,1,0,0,2,2,0,0,0,Safe
200,204,1000,0,1,0,0,0,1,0,0,3,3,0,0,0,Information
403,88,7794,2,0,0,5,0,0,1,0,2,2,1,1,1,Configuration
200,207,1345,0,1,0,0,0,1,5,1,3,3,0,0,0,Input Validation
200,338,1000,0,1,0,0,0,1,5,0,3,3,1,0,0,Safe
200,224,1735,0,1,0,0,0,1,13,1,3,3,1,0,0,Safe
200,202,1000,0,1,0,0,0,1,0,0,2,2,0,0,0,Information
302,601,7912,4,3,2,1,3,0,1,0,8,0,1,0,1,Session
200,336,1000,0,1,0,0,0,1,1,0,3,3,0,0,0,Input Validation
200,199,1177,0,1,0,0,0,1,3,1,3,3,0,0,0,Input Validation
200,232,1000,0,1,0,0,0,1,0,0,4,4,0,0,0,Input Validation
200,214,1000,0,1,0,0,0,1,0,0,2,2,0,0,0,Input Validation
200,206,1000,0,1,0,0,0,1,0,0,4,4,0,0,0,Information
200,320,1000,0,1,0,0,0,1,1,0,3,3,0,0,0,Input Validation
200,214,1012,0,1,0,0,0,1,1,1,3,3,0,0,0,Safe
200,202,1000,0,1,0,0,0,1,0,0,2,2,0,0,0,Safe
200,202,1000,0,1,0,0,0,1,0,0,3,3,0,0,0,Input Validation
500,399,8169,1,1,0,5,3,1,4,2,6,1,1,0,1,Header
200,205,1276,0,1,0,0,0,1,5,1,3,3,0,0,0,Input Validation
200,306,1000,0,1,0,0,0,1,1,0,3,3,0,0,0,Input Validation
200,214,1000,0,1,0,0,0,1,0,0,4,4,0,0,0,Safe
200,218,1135,0,1,0,0,0,1,1,1,3,3,0,0,0,Input Validation
200,384,1000,0,1,0,0,0,1,5,0,3,3,0,0,0,Input Validation
200,216,1000,0,1,0,0,0,1,0,0,4,4,0,0,0,Safe
200,214,1012,0,1,0,0,0,1,1,1,3,3,0,0,0,Safe
200,224,1792,0,1,0,0,0,1,13,1,3,3,1,0,0,Authorization
200,220,1000,0,1,0,0,0,1,0,0,3,3,0,0,0,Information
200,194,1000,0,1,0,0,0,1,0,0,3,3,0,0,0,Safe
200,216,1000,0,1,0,0,0,1,0,0,4,4,0,0,0,Safe
200,214,1012,0,1,0,0,0,1,1,1,3,3,0,0,0,Authorization
200,198,1000,0,1,0,0,0,1,0,0,3,3,0,0,0,Safe
200,454,1000,0,1,0,0,0,1,5,0,3,3,1,0,0,Input Validation
200,184,1000,0,1,0,0,0,1,0,0,2,2,0,0,0,Information
200,212,1000,0,1,0,0,0,1,0,0,3,3,0,0,0,Safe
200,202,1201,0,1,0,0,0,1,5,1,3,3,0,0,0,Authorization
200,792,1000,0,1,0,0,0,1,13,0,3,3,1,0,0,Input Validation
403,1516,2093,2,0,2,2,2,1,1,0,9,4,1,0,0,Header
200,224,1000,0,1,0,0,0,1,0,0,4,4,0,0,0,Input Validation
200,220,1000,0,1,0,0,0,1,0,0,3,3,0,0,0,Input Validation
200,180,1000,0,1,0,0,0,1,0,0,2,2,0,0,0,Input Validation
200,212,1000,0,1,0,0,0,1,0,0,3,3,0,0,0,Safe
200,229,1948,0,1,0,0,0,1,13,1,3,3,1,0,0,Input Validation
200,204,1000,0,1,0,0,0,1,0,0,3,3,0,0,0,Information
200,214,1324,0,1,0,0,0,1,5,1,3,3,1,0,0,Input Validation
200,694,1000,0,1,0,0,0,1,13,0,3,3,1,0,0,Safe
200,264,1000,0,1,0,0,0,1,1,0,3,3,0,0,0,Safe
200,824,1000,0,1,0,0,0,1,13,0,3,3,1,0,0,Input Validation
302,1063,7279,2,3,0,0,4,0,1,2,7,3,0,1,0,Configuration
200,200,1000,0,1,0,0,0,1,0,0,3,3,0,0,0,Safe
200,201,1225,0,1,0,0,0,1,3,1,3,3,0,0,0,Input Validation
200,232,1000,0,1,0,0,0,1,0,0,4,4,0,0,0,Input Validation
200,166,1000,0,1,0,0,0,1,0,0,1,1,0,0,0,Information
200,196,1000,0,1,0,0,0,1,0,0,3,3,0,0,0,Safe
200,214,1012,0,1,0,0,0,1,1,1,3,3,0,0,0,Authorization
200,188,1000,0,1,0,0,0,1,0,0,3,3,0,0,0,Safe
200,226,1000,0,1,0,0,0,1,0,0,3,3,0,0,0,Input Validation
200,677,5964,2,2,1,2,0,1,4,0,3,1,1,1,0,Authentication
200,207,1330,0,1,0,0,0,1,5,1,3,3,0,0,0,Input Validation
200,190,1000,0,1,0,0,0,1,0,0,1,1,0,0,0,Information
200,372,1000,0,1,0,0,0,1,1,0,3,3,0,0,0,Input Validation
200,204,1000,0,1,0,0,0,1,0,0,3,3,0,0,0,Input Validation
200,216,1000,0,1,0,0,0,1,0,0,4,4,0,0,0,Safe
403,820,3255,5,4,0,1,4,1,2,1,8,1,0,0,1,Session
200,150,1000,0,1,0,0,0,1,0,0,0,0,0,0,0,Information
200,220,1000,0,1,0,0,0,1,0,0,3,3,0,0,0,Information
200,232,1000,0,1,0,0,0,1,1,0,3,3,0,0,0,Safe
200,394,1000,0,1,0,0,0,1,3,0,3,3,0,0,0,Safe
400,167,3553,2,3,2,4,0,0,0,1,1,2,0,1,1,Header
200,209,1393,0,1,0,0,0,1,5,1,3,3,0,0,0,Input Validation
200,200,1000,0,1,0,0,0,1,0,0,3,3,0,0,0,Safe
200,218,1141,0,1,0,0,0,1,1,1,3,3,0,0,0,Input Validation
200,203,1216,0,1,0,0,0,1,5,1,3,3,0,0,0,Authorization
403,767,2882,7,3,2,1,4,1,2,0,4,2,1,1,0,Authentication
200,1025,4166,0,1,1,1,1,0,4,0,7,3,1,0,1,Header
200,225,1750,0,1,0,0,0,1,13,1,3,3,1,0,0,Authorization
200,202,1000,0,1,0,0,0,1,0,0,3,3,0,0,0,Information
200,834,1000,0,1,0,0,0,1,13,0,3,3,1,0,0,Input Validation
400,1505,6992,3,2,0,4,4,1,0,1,1,2,1,1,0,Session
200,432,1000,0,1,0,0,0,1,1,0,3,3,0,0,0,Input Validation
200,197,1051,0,1,0,0,0,1,1,1,3,3,0,0,0,Safe
200,216,1381,0,1,0,0,0,1,5,1,3,3,1,0,0,Input Validation
200,704,1000,0,1,0,0,0,1,13,0,3,3,1,0,0,Safe
200,454,1000,0,1,0,0,0,1,5,0,3,3,1,0,0,Input Validation
200,221,1231,0,1,0,0,0,1,1,1,3,3,0,0,0,Input Validation
302,1444,5167,1,0,2,1,4,0,7,0,8,3,1,0,0,Header
200,242,1000,0,1,0,0,0,1,1,0,3,3,0,0,0,Safe
200,214,1000,0,1,0,0,0,1,0,0,2,2,0,0,0,Information
200,214,1312,0,1,0,0,0,1,5,1,3,3,1,0,0,Input Validation
200,188,1000,0,1,0,0,0,1,0,0,3,3,0,0,0,Safe
302,190,7883,5,1,0,0,3,1,3,0,8,4,1,0,1,Authentication
200,239,2248,0,1,0,0,0,1,13,1,3,3,1,0,0,Input Validation
200,188,1000,0,1,0,0,0,1,0,0,3,3,0,0,0,Safe
200,166,1000,0,1,0,0,0,1,0,0,1,1,0,0,0,Information
200,250,1000,0,1,0,0,0,1,0,0,4,4,0,0,0,Information
302,1775,9174,1,2,2,0,0,1,1,0,5,4,1,0,1,Header
200,166,1000,0,1,0,0,0,1,0,0,1,1,0,0,0,Information
200,203,1213,0,1,0,0,0,1,5,1,3,3,0,0,0,Authorization
200,178,1000,0,1,0,0,0,1,0,0,2,2,0,0,0,Safe
200,216,1375,0,1,0,0,0,1,5,1,3,3,1,0,0,Input Validation
200,214,1000,0,1,0,0,0,1,0,0,2,2,0,0,0,Information
200,198,1129,0,1,0,0,0,1,3,1,3,3,0,0,0,Authorization
200,250,1000,0,1,0,0,0,1,0,0,4,4,0,0,0,Information
403,223,626,0,4,1,3,4,1,7,0,3,3,0,0,0,Session
200,166,1000,0,1,0,0,0,1,0,0,1,1,0,0,0,Information
200,464,1000,0,1,0,0,0,1,5,0,3,3,1,0,0,Input Validation
200,232,1000,0,1,0,0,0,1,1,0,3,3,0,0,0,Safe
200,226,1000,0,1,0,0,0,1,1,0,3,3,0,0,0,Safe
200,196,1000,0,1,0,0,0,1,0,0,3,3,0,0,0,Safe
200,824,1000,0,1,0,0,0,1,13,0,3,3,1,0,0,Input Validation
200,818,1000,0,1,0,0,0,1,13,0,3,3,1,0,0,Input Validation
200,203,1273,0,1,0,0,0,1,3,1,3,3,0,0,0,Input Validation
200,188,1000,0,1,0,0,0,1,0,0,3,3,0,0,0,Safe
400,325,4245,2,3,1,3,4,1,2,0,9,3,1,0,1,Header
200,198,1000,0,1,0,0,0,1,0,0,3,3,0,0,0,Safe
200,698,1000,0,1,0,0,0,1,13,0,3,3,1,0,0,Safe
200,200,1000,0,1,0,0,0,1,0,0,3,3,0,0,0,Safe
200,248,1000,0,1,0,0,0,1,0,0,4,4,0,0,0,Information
200,199,1099,0,1,0,0,0,1,1,1,3,3,0,0,0,Safe
200,206,1000,0,1,0,0,0,1,0,0,3,3,0,0,0,Input Validation
200,390,1000,0,1,0,0,0,1,1,0,3,3,0,0,0,Input Validation
200,196,1000,0,1,0,0,0,1,0,0,3,3,0,0,0,Safe
200,207,1336,0,1,0,0,0,1,5,1,3,3,0,0,0,Input Validation
500,425,3630,0,1,2,2,0,1,7,1,8,2,1,0,1,Authentication
200,206,1000,0,1,0,0,0,1,0,0,4,4,0,0,0,Information
200,218,1141,0,1,0,0,0,1,1,1,3,3,0,0,0,Input Validation
200,232,1984,0,1,0,0,0,1,13,1,3,3,1,0,0,Input Validation
200,198,1000,0,1,0,0,0,1,0,0,3,3,0,0,0,Safe
200,197,1111,0,1,0,0,0,1,3,1,3,3,0,0,0,Safe
200,232,1000,0,1,0,0,0,1,1,0,3,3,0,0,0,Safe
200,204,1000,0,1,0,0,0,1,0,0,3,3,0,0,0,Input Validation
200,206,1000,0,1,0,0,0,1,0,0,3,3,0,0,0,Information
200,214,1012,0,1,0,0,0,1,1,1,3,3,0,0,0,Authorization
200,166,1000,0,1,0,0,0,1,0,0,1,1,0,0,0,Input Validation
200,232,1975,0,1,0,0,0,1,13,1,3,3,1,0,0,Input Validation
200,1979,9177,3,1,1,2,1,1,5,2,4,2,0,1,0,Configuration
200,182,1000,0,1,0,0,0,1,0,0,3,3,0,0,0,Information
200,221,1231,0,1,0,0,0,1,1,1,3,3,0,0,0,Input Validation
200,352,1000,0,1,0,0,0,1,1,0,3,3,0,0,0,Input Validation
403,990,8116,0,2,0,2,2,0,4,0,7,1,1,1,0,Session
500,199,6557,1,1,0,3,1,1,6,1,5,0,1,0,1,Authentication
200,203,1213,0,1,0,0,0,1,5,1,3,3,0,0,0,Authorization
200,188,1000,0,1,0,0,0,1,0,0,3,3,0,0,0,Safe
200,236,1000,0,1,0,0,0,1,0,0,4,4,0,0,0,Information
200,192,1000,0,1,0,0,0,1,0,0,3,3,0,0,0,Safe
403,1749,7162,2,2,2,1,2,1,5,1,9,0,0,1,1,Configuration
200,260,1000,0,1,0,0,0,1,0,0,6,6,0,0,0,Information
200,209,1396,0,1,0,0,0,1,5,1,3,3,0,0,0,Input Validation
200,226,1786,0,1,0,0,0,1,13,1,3,3,1,0,0,Authorization
200,832,1000,0,1,0,0,0,1,13,0,3,3,1,0,0,Input Validation
200,234,1000,0,1,0,0,0,1,0,0,5,5,0,0,0,Input Validation
403,223,626,0,4,1,3,4,1,7,0,3,3,0,0,0,Session
500,952,7666,0,2,2,3,2,0,2,2,4,3,0,1,1,Header
200,202,1198,0,1,0,0,0,1,5,1,3,3,0,0,0,Authorization
200,564,1000,0,1,0,0,0,1,1,0,3,3,0,0,0,Input Validation
200,227,1810,0,1,0,0,0,1,13,1,3,3,1,0,0,Safe
200,198,1129,0,1,0,0,0,1,3,1,3,3,0,0,0,Safe
200,474,1000,0,1,0,0,0,1,5,0,3,3,0,0,0,Input Validation
200,199,1099,0,1,0,0,0,1,1,1,3,3,0,0,0,Safe
200,214,1000,0,1,0,0,0,1,0,0,2,2,0,0,0,Information
200,223,1717,0,1,0,0,0,1,13,1,3,3,1,0,0,Safe
200,392,1000,0,1,0,0,0,1,1,0,3,3,0,0,0,Safe
200,196,1000,0,1,0,0,0,1,0,0,3,3,0,0,0,Safe
200,152,1000,0,1,0,0,0,1,0,0,1,1,0,0,0,Information
500,952,7666,0,2,2,3,2,0,2,2,4,3,0,1,1,Header
200,204,1000,0,1,0,0,0,1,0,0,4,4,0,0,0,Input Validation
200,188,1000,0,1,0,0,0,1,0,0,3,3,0,0,0,Safe
500,575,3686,7,0,1,3,3,1,5,1,2,2,0,1,1,Input Validation
200,218,1435,0,1,0,0,0,1,5,1,3,3,1,0,0,Input Validation
200,432,1000,0,1,0,0,0,1,3,0,3,3,0,0,0,Input Validation
403,740,8762,1,1,0,3,2,0,7,2,7,4,0,0,0,Session
200,216,1000,0,1,0,0,0,1,0,0,3,3,0,0,0,Information
200,312,1000,0,1,0,0,0,1,1,0,3,3,0,0,0,Input Validation
200,1884,7443,6,0,1,1,2,1,0,0,7,0,1,0,1,Authentication
200,754,1000,0,1,0,0,0,1,13,0,3,3,1,0,0,Input Validation
200,260,1000,0,1,0,0,0,1,0,0,5,5,0,0,0,Information
500,425,3630,0,1,2,2,0,1,7,1,8,2,1,0,1,Authentication
200,208,1000,0,1,0,0,0,1,0,0,3,3,0,0,0,Input Validation
200,194,1000,0,1,0,0,0,1,0,0,3,3,0,0,0,Safe
200,166,1000,0,1,0,0,0,1,0,0,1,1,0,0,0,Input Validation
200,221,1231,0,1,0,0,0,1,1,1,3,3,0,0,0,Input Validation
200,166,1000,0,1,0,0,0,1,0,0,1,1,0,0,0,Information
200,203,1213,0,1,0,0,0,1,5,1,3,3,0,0,0,Safe
200,229,1885,0,1,0,0,0,1,13,1,3,3,1,0,0,Input Validation
200,352,1000,0,1,0,0,0,1,3,0,3,3,0,0,0,Input Validation
200,199,1099,0,1,0,0,0,1,1,1,3,3,0,0,0,Authorization
200,214,1300,0,1,0,0,0,1,5,1,3,3,1,0,0,Input Validation
200,222,1000,0,1,0,0,0,1,0,0,3,3,0,0,0,Input Validation
200,196,1000,0,1,0,0,0,1,0,0,3,3,0,0,0,Safe
200,1981,9304,0,1,1,0,1,1,5,1,9,4,1,0,1,Authentication
200,346,1000,0,1,0,0,0,1,1,0,3,3,0,0,0,Input Validation
403,470,9883,0,2,2,3,2,0,1,1,3,2,0,0,0,Session
500,1135,2579,5,3,2,2,1,0,6,0,5,3,0,0,1,Input Validation
200,224,1000,0,1,0,0,0,1,0,0,4,4,0,0,0,Information
403,1749,7162,2,2,2,1,2,1,5,1,9,0,0,1,1,Configuration
200,231,1996,0,1,0,0,0,1,13,1,3,3,1,0,0,Input Validation
200,188,1000,0,1,0,0,0,1,0,0,3,3,0,0,0,Safe
200,210,1192,0,1,0,0,0,1,5,1,3,3,1,0,0,Authorization
200,150,1000,0,1,0,0,0,1,0,0,0,0,0,0,0,Information
200,198,1000,0,1,0,0,0,1,0,0,4,4,0,0,0,Information
200,199,1099,0,1,0,0,0,1,1,1,3,3,0,0,0,Authorization
200,760,1000,0,1,0,0,0,1,13,0,3,3,1,0,0,Input Validation
200,202,1000,0,1,0,0,0,1,0,0,3,3,0,0,0,Safe
200,372,1000,0,1,0,0,0,1,3,0,3,3,0,0,0,Input Validation
403,538,3076,7,3,2,1,0,1,3,0,9,1,1,0,1,Authentication
200,206,1000,0,1,0,0,0,1,0,0,3,3,0,0,0,Information
200,208,1381,0,1,0,0,0,1,1,1,3,3,0,0,0,Safe
200,1245,9535,5,0,1,4,2,1,0,0,8,4,1,1,0,Authentication
200,238,1000,0,1,0,0,0,1,0,0,4,4,0,0,0,Input Validation
200,1852,7549,6,0,1,2,2,1,4,0,2,0,1,0,0,Authentication
200,192,1000,0,1,0,0,0,1,0,0,3,3,0,0,0,Safe
200,200,1000,0,1,0,0,0,1,0,0,3,3,0,0,0,Safe
200,256,1000,0,1,0,0,0,1,0,0,4,4,0,0,0,Information
200,342,1000,0,1,0,0,0,1,1,0,3,3,0,0,0,Input Validation
200,210,1000,0,1,0,0,0,1,0,0,3,3,0,0,0,Information
200,197,1051,0,1,0,0,0,1,1,1,3,3,0,0,0,Safe
400,284,1956,6,2,2,1,4,0,5,0,9,0,1,1,0,Session
200,258,1000,0,1,0,0,0,1,1,0,3,3,0,0,0,Input Validation
200,202,1264,0,1,0,0,0,1,3,1,3,3,0,0,0,Input Validation
200,214,1018,0,1,0,0,0,1,1,1,3,3,0,0,0,Safe
302,870,3787,7,2,2,2,2,1,2,1,4,4,1,1,1,Authentication
200,210,1189,0,1,0,0,0,1,5,1,3,3,1,0,0,Authorization
200,220,1000,0,1,0,0,0,1,0,0,3,3,0,0,0,Information
200,188,1000,0,1,0,0,0,1,0,0,3,3,0,0,0,Safe
200,216,1000,0,1,0,0,0,1,0,0,4,4,0,0,0,Safe
200,188,1000,0,1,0,0,0,1,0,0,3,3,0,0,0,Safe
200,364,1000,0,1,0,0,0,1,3,0,3,3,0,0,0,Input Validation
200,266,1000,0,1,0,0,0,1,1,0,3,3,0,0,0,Input Validation
200,199,1099,0,1,0,0,0,1,1,1,3,3,0,0,0,Authorization
200,199,1099,0,1,0,0,0,1,1,1,3,3,0,0,0,Safe
200,194,1000,0,1,0,0,0,1,0,0,2,2,0,0,0,Information
200,197,1114,0,1,0,0,0,1,3,1,3,3,0,0,0,Safe
200,197,1114,0,1,0,0,0,1,3,1,3,3,0,0,0,Authorization
200,336,1000,0,1,0,0,0,1,5,0,3,3,1,0,0,Safe
200,226,1864,0,1,0,0,0,1,13,1,3,3,1,0,0,Input Validation
200,216,1000,0,1,0,0,0,1,0,0,4,4,0,0,0,Safe
200,178,1000,0,1,0,0,0,1,0,0,2,2,0,0,0,Safe
200,210,1183,0,1,0,0,0,1,5,1,3,3,1,0,0,Safe
500,1606,769,4,1,1,1,2,0,7,2,5,0,0,0,1,Input Validation
200,212,1000,0,1,0,0,0,1,0,0,3,3,0,0,0,Safe
200,216,1000,0,1,0,0,0,1,0,0,4,4,0,0,0,Safe
500,1609,3175,0,1,0,0,4,1,3,2,5,4,1,0,0,Header
200,218,1129,0,1,0,0,0,1,1,1,3,3,0,0,0,Input Validation
200,198,1129,0,1,0,0,0,1,3,1,3,3,0,0,0,Authorization
200,242,1000,0,1,0,0,0,1,0,0,5,5,0,0,0,Input Validation
200,202,1204,0,1,0,0,0,1,5,1,3,3,0,0,0,Safe
200,212,1246,0,1,0,0,0,1,5,1,3,3,1,0,0,Input Validation
400,1699,8051,0,2,2,1,3,1,7,0,1,3,1,0,0,Header
200,412,1000,0,1,0,0,0,1,1,0,3,3,0,0,0,Input Validation
200,196,1000,0,1,0,0,0,1,0,0,3,3,0,0,0,Information
200,284,1000,0,1,0,0,0,1,3,0,3,3,0,0,0,Safe
200,1074,1954,2,2,2,4,0,0,0,1,4,0,0,1,0,Configuration
403,195,4488,0,3,0,4,0,0,0,0,8,3,1,0,1,Configuration
200,1967,1975,2,0,1,0,3,0,5,1,5,4,1,1,1,Configuration
200,284,1000,0,1,0,0,0,1,3,0,3,3,0,0,0,Safe
200,1922,7206,0,2,1,0,2,0,3,2,8,1,0,1,1,Header
200,573,2493,5,1,0,5,1,1,2,0,9,0,1,0,1,Authentication
200,214,1000,0,1,0,0,0,1,0,0,4,4,0,0,0,Safe
200,214,1012,0,1,0,0,0,1,1,1,3,3,0,0,0,Safe
200,1062,2144,0,4,0,3,2,0,1,0,8,4,0,0,1,Session
200,234,1000,0,1,0,0,0,1,0,0,5,5,0,0,0,Information
200,714,1000,0,1,0,0,0,1,13,0,3,3,1,0,0,Safe
200,844,1000,0,1,0,0,0,1,13,0,3,3,1,0,0,Input Validation
200,216,1000,0,1,0,0,0,1,0,0,4,4,0,0,0,Safe
200,198,1000,0,1,0,0,0,1,0,0,3,3,0,0,0,Safe
200,198,1000,0,1,0,0,0,1,0,0,1,1,0,0,0,Information
200,166,1000,0,1,0,0,0,1,0,0,1,1,0,0,0,Input Validation
400,1735,869,7,3,1,5,1,1,3,0,1,3,1,1,0,Authentication
200,153,2845,3,4,1,4,1,0,6,1,9,1,0,1,0,Session
200,199,1099,0,1,0,0,0,1,1,1,3,3,0,0,0,Safe
200,214,1000,0,1,0,0,0,1,0,0,4,4,0,0,0,Safe
200,848,1000,0,1,0,0,0,1,13,0,3,3,1,0,0,Input Validation
200,197,1054,0,1,0,0,0,1,1,1,3,3,0,0,0,Safe
200,218,1132,0,1,0,0,0,1,1,1,3,3,0,0,0,Input Validation
200,788,1000,0,1,0,0,0,1,13,0,3,3,1,0,0,Input Validation
200,210,1447,0,1,0,0,0,1,5,1,3,3,0,0,0,Input Validation
200,202,1000,0,1,0,0,0,1,0,0,3,3,0,0,0,Safe
200,332,1000,0,1,0,0,0,1,5,0,3,3,0,0,0,Safe
200,256,1000,0,1,0,0,0,1,0,0,4,4,0,0,0,Input Validation
200,256,1000,0,1,0,0,0,1,0,0,4,4,0,0,0,Input Validation
200,220,1000,0,1,0,0,0,1,0,0,4,4,0,0,0,Input Validation
403,767,2882,7,3,2,1,4,1,2,0,4,2,1,1,0,Authentication
200,210,1183,0,1,0,0,0,1,5,1,3,3,1,0,0,Authorization
200,196,1000,0,1,0,0,0,1,0,0,3,3,0,0,0,Input Validation
200,196,1000,0,1,0,0,0,1,0,0,3,3,0,0,0,Safe
200,204,1327,0,1,0,0,0,1,3,1,3,3,0,0,0,Input Validation
200,186,1000,0,1,0,0,0,1,0,0,1,1,0,0,0,Information
200,192,1000,0,1,0,0,0,1,0,0,3,3,0,0,0,Safe
200,264,1000,0,1,0,0,0,1,1,0,3,3,0,0,0,Safe
200,188,1000,0,1,0,0,0,1,0,0,3,3,0,0,0,Safe
200,220,1000,0,1,0,0,0,1,0,0,3,3,0,0,0,Information
200,1008,1000,0,1,0,0,0,1,13,0,3,3,1,0,0,Input Validation
400,1064,7500,2,2,2,3,0,1,3,2,1,3,1,1,1,Authentication
200,200,1000,0,1,0,0,0,1,0,0,3,3,0,0,0,Safe
200,1062,2793,3,3,1,5,2,1,1,2,9,0,1,0,0,Authentication
200,200,1000,0,1,0,0,0,1,0,0,3,3,0,0,0,Safe
200,209,1171,0,1,0,0,0,1,5,1,3,3,1,0,0,Safe
200,330,1000,0,1,0,0,0,1,1,0,3,3,0,0,0,Input Validation
400,1104,7661,2,2,0,5,1,1,1,1,7,1,1,0,1,Configuration
200,204,1309,0,1,0,0,0,1,3,1,3,3,0,0,0,Input Validation
200,150,1000,0,1,0,0,0,1,0,0,0,0,0,0,0,Information
200,207,1351,0,1,0,0,0,1,1,1,3,3,0,0,0,Input Validation
200,196,1000,0,1,0,0,0,1,0,0,3,3,0,0,0,Safe
200,182,1000,0,1,0,0,0,1,0,0,2,2,0,0,0,Information
200,196,1000,0,1,0,0,0,1,0,0,3,3,0,0,0,Safe
200,197,1114,0,1,0,0,0,1,3,1,3,3,0,0,0,Safe
500,1830,9785,1,1,1,4,4,0,5,2,9,4,0,1,1,Header
200,178,1000,0,1,0,0,0,1,0,0,1,1,0,0,0,Information
200,214,1012,0,1,0,0,0,1,1,1,3,3,0,0,0,Authorization
200,210,1429,0,1,0,0,0,1,1,1,3,3,0,0,0,Safe
200,216,1000,0,1,0,0,0,1,0,0,4,4,0,0,0,Safe
200,828,1000,0,1,0,0,0,1,13,0,3,3,1,0,0,Input Validation
200,1264,2710,0,0,0,1,2,1,0,2,7,1,0,0,1,Header
200,232,1000,0,1,0,0,0,1,1,0,3,3,0,0,0,Safe
200,196,1000,0,1,0,0,0,1,0,0,3,3,0,0,0,Information
400,92,2006,6,0,2,2,3,1,3,0,3,2,1,0,1,Authentication
200,188,1000,0,1,0,0,0,1,0,0,3,3,0,0,0,Safe
200,714,1000,0,1,0,0,0,1,13,0,3,3,1,0,0,Safe
200,204,1249,0,1,0,0,0,1,1,1,3,3,0,0,0,Input Validation
200,150,1000,0,1,0,0,0,1,0,0,0,0,0,0,0,Information
403,223,626,0,4,1,3,4,1,7,0,3,3,0,0,0,Session
200,218,1438,0,1,0,0,0,1,5,1,3,3,1,0,0,Input Validation
200,204,1312,0,1,0,0,0,1,3,1,3,3,0,0,0,Input Validation
200,224,1804,0,1,0,0,0,1,13,1,3,3,1,0,0,Safe
500,194,1173,1,2,0,5,1,1,5,0,4,2,1,1,1,Header
200,212,1000,0,1,0,0,0,1,0,0,3,3,0,0,0,Safe
200,198,1129,0,1,0,0,0,1,3,1,3,3,0,0,0,Authorization
200,152,1000,0,1,0,0,0,1,0,0,1,1,0,0,0,Input Validation
200,166,1000,0,1,0,0,0,1,0,0,1,1,0,0,0,Information
200,214,1000,0,1,0,0,0,1,0,0,4,4,0,0,0,Safe
200,1818,2049,0,0,1,5,1,1,6,1,2,1,1,0,1,Configuration
200,197,1054,0,1,0,0,0,1,1,1,3,3,0,0,0,Safe
200,199,1099,0,1,0,0,0,1,1,1,3,3,0,0,0,Authorization
200,816,1000,0,1,0,0,0,1,13,0,3,3,1,0,0,Input Validation
200,810,1000,0,1,0,0,0,1,13,0,3,3,1,0,0,Input Validation
200,217,1408,0,1,0,0,0,1,5,1,3,3,1,0,0,Input Validation
200,370,1000,0,1,0,0,0,1,1,0,3,3,0,0,0,Input Validation
200,150,1000,0,1,0,0,0,1,0,0,0,0,0,0,0,Information
200,231,1519,0,1,0,0,0,1,1,1,3,3,0,0,0,Input Validation
200,294,1000,0,1,0,0,0,1,1,0,3,3,0,0,0,Input Validation
200,227,1828,0,1,0,0,0,1,13,1,3,3,1,0,0,Input Validation
200,217,1399,0,1,0,0,0,1,5,1,3,3,1,0,0,Input Validation
200,806,1000,0,1,0,0,0,1,13,0,3,3,1,0,0,Input Validation
200,222,1000,0,1,0,0,0,1,0,0,3,3,0,0,0,Information
200,850,1000,0,1,0,0,0,1,13,0,3,3,1,0,0,Input Validation
200,216,1000,0,1,0,0,0,1,0,0,4,4,0,0,0,Safe
200,354,1000,0,1,0,0,0,1,1,0,3,3,0,0,0,Input Validation
200,866,1000,0,1,0,0,0,1,13,0,3,3,1,0,0,Input Validation
200,420,1000,0,1,0,0,0,1,3,0,3,3,0,0,0,Input Validation
302,804,1494,3,1,0,3,2,0,1,0,1,2,1,1,1,Configuration
200,188,1000,0,1,0,0,0,1,0,0,2,2,0,0,0,Input Validation
200,1062,2793,3,3,1,5,2,1,1,2,9,0,1,0,0,Authentication
200,224,1000,0,1,0,0,0,1,0,0,4,4,0,0,0,Input Validation
200,194,1000,0,1,0,0,0,1,0,0,3,3,0,0,0,Safe
500,753,9762,4,1,0,2,3,1,7,2,5,0,1,1,1,Authentication
200,210,1180,0,1,0,0,0,1,5,1,3,3,1,0,0,Safe
200,202,1204,0,1,0,0,0,1,5,1,3,3,0,0,0,Safe
200,178,1000,0,1,0,0,0,1,0,0,2,2,0,0,0,Safe
200,258,1000,0,1,0,0,0,1,0,0,4,4,0,0,0,Information
200,152,1000,0,1,0,0,0,1,0,0,1,1,0,0,0,Input Validation
200,492,1000,0,1,0,0,0,1,5,0,3,3,0,0,0,Input Validation
200,215,1639,0,1,0,0,0,1,3,1,3,3,0,0,0,Input Validation
200,984,1000,0,1,0,0,0,1,13,0,3,3,1,0,0,Input Validation
200,806,1000,0,1,0,0,0,1,13,0,3,3,1,0,0,Input Validation
200,686,1000,0,1,0,0,0,1,13,0,3,3,1,0,0,Safe
200,219,1171,0,1,0,0,0,1,1,1,3,3,0,0,0,Input Validation
200,197,1054,0,1,0,0,0,1,1,1,3,3,0,0,0,Safe
400,130,2280,4,3,1,0,1,1,3,0,2,4,1,0,1,Authentication
200,210,1180,0,1,0,0,0,1,5,1,3,3,1,0,0,Authorization
200,204,1321,0,1,0,0,0,1,3,1,3,3,0,0,0,Input Validation
200,348,1000,0,1,0,0,0,1,1,0,3,3,0,0,0,Input Validation
200,194,1000,0,1,0,0,0,1,0,0,3,3,0,0,0,Safe
200,223,1774,0,1,0,0,0,1,13,1,3,3,1,0,0,Safe
400,130,2280,4,3,1,0,1,1,3,0,2,4,1,0,1,Authentication
200,732,1000,0,1,0,0,0,1,13,0,3,3,1,0,0,Safe
200,210,1192,0,1,0,0,0,1,5,1,3,3,0,0,0,Safe
200,214,1012,0,1,0,0,0,1,1,1,3,3,0,0,0,Authorization
200,216,1000,0,1,0,0,0,1,0,0,4,4,0,0,0,Safe
200,218,1426,0,1,0,0,0,1,5,1,3,3,1,0,0,Input Validation
200,201,1168,0,1,0,0,0,1,1,1,3,3,0,0,0,Input Validation
200,250,1000,0,1,0,0,0,1,0,0,4,4,0,0,0,Input Validation
200,226,1000,0,1,0,0,0,1,0,0,5,5,0,0,0,Information
200,346,1000,0,1,0,0,0,1,5,0,3,3,0,0,0,Safe
200,212,1000,0,1,0,0,0,1,0,0,3,3,0,0,0,Safe
200,214,1561,0,1,0,0,0,1,1,1,3,3,0,0,0,Input Validation
200,196,1000,0,1,0,0,0,1,0,0,3,3,0,0,0,Safe
302,110,6877,2,2,0,4,1,1,1,0,6,4,1,0,0,Authentication
200,210,1441,0,1,0,0,0,1,5,1,3,3,0,0,0,Input Validation
200,227,1825,0,1,0,0,0,1,13,1,3,3,1,0,0,Safe
200,352,1000,0,1,0,0,0,1,5,0,3,3,1,0,0,Safe
200,228,1912,0,1,0,0,0,1,13,1,3,3,1,0,0,Input Validation
200,304,1000,0,1,0,0,0,1,1,0,3,3,0,0,0,Input Validation
200,203,1225,0,1,0,0,0,1,1,1,3,3,0,0,0,Input Validation
200,784,1000,0,1,0,0,0,1,13,0,3,3,1,0,0,Input Validation
200,828,1000,0,1,0,0,0,1,13,0,3,3,1,0,0,Input Validation
200,306,1000,0,1,0,0,0,1,1,0,3,3,0,0,0,Input Validation
200,205,1273,0,1,0,0,0,1,1,1,3,3,0,0,0,Input Validation
200,496,1000,0,1,0,0,0,1,5,0,3,3,0,0,0,Input Validation
200,150,1000,0,1,0,0,0,1,0,0,0,0,0,0,0,Input Validation
200,199,1099,0,1,0,0,0,1,1,1,3,3,0,0,0,Safe
302,601,7912,4,3,2,1,3,0,1,0,8,0,1,0,1,Session
302,880,2861,0,0,1,5,4,1,0,1,6,1,0,1,1,Header
200,238,1000,0,1,0,0,0,1,0,0,4,4,0,0,0,Information
200,232,7290,7,4,1,1,3,1,5,1,2,3,1,1,0,Session
200,182,1000,0,1,0,0,0,1,0,0,2,2,0,0,0,Information
200,198,1000,0,1,0,0,0,1,0,0,3,3,0,0,0,Safe
200,212,1000,0,1,0,0,0,1,0,0,3,3,0,0,0,Safe
200,932,4861,7,3,1,1,3,1,2,0,8,2,0,1,0,Session
200,166,1000,0,1,0,0,0,1,0,0,1,1,0,0,0,Information
200,231,1996,0,1,0,0,0,1,13,1,3,3,1,0,0,Input Validation
200,232,1000,0,1,0,0,0,1,1,0,3,3,0,0,0,Safe
200,310,1000,0,1,0,0,0,1,1,0,3,3,0,0,0,Input Validation
200,198,1000,0,1,0,0,0,1,0,0,1,1,0,0,0,Information
200,310,1000,0,1,0,0,0,1,1,0,3,3,0,0,0,Input Validation
200,196,1000,0,1,0,0,0,1,0,0,3,3,0,0,0,Safe
200,178,1000,0,1,0,0,0,1,0,0,2,2,0,0,0,Safe
200,214,1012,0,1,0,0,0,1,1,1,3,3,0,0,0,Safe
200,226,4480,3,2,1,1,3,1,4,0,7,0,1,0,0,Configuration
500,1793,546,1,3,1,2,3,0,0,2,2,3,0,0,1,Header
302,1071,3943,5,0,2,1,1,1,1,1,4,3,1,1,1,Authentication
302,601,7912,4,3,2,1,3,0,1,0,8,0,1,0,1,Session
200,200,1000,0,1,0,0,0,1,0,0,3,3,0,0,0,Input Validation
200,196,1000,0,1,0,0,0,1,0,0,3,3,0,0,0,Input Validation
200,196,1000,0,1,0,0,0,1,0,0,3,3,0,0,0,Safe
200,344,1000,0,1,0,0,0,1,1,0,3,3,0,0,0,Input Validation
200,188,1000,0,1,0,0,0,1,0,0,3,3,0,0,0,Safe
302,414,6909,5,2,2,2,2,1,3,0,2,1,1,0,0,Authentication
200,232,1000,0,1,0,0,0,1,0,0,3,3,0,0,0,Input Validation
200,230,1963,0,1,0,0,0,1,13,1,3,3,1,0,0,Input Validation
200,390,1000,0,1,0,0,0,1,5,0,3,3,0,0,0,Input Validation
200,282,1000,0,1,0,0,0,1,3,0,3,3,0,0,0,Safe
403,470,9883,0,2,2,3,2,0,1,1,3,2,0,0,0,Session
200,216,1381,0,1,0,0,0,1,5,1,3,3,1,0,0,Input Validation
200,202,1240,0,1,0,0,0,1,3,1,3,3,0,0,0,Input Validation
200,232,1000,0,1,0,0,0,1,1,0,3,3,0,0,0,Safe
200,446,1000,0,1,0,0,0,1,5,0,3,3,1,0,0,Input Validation
200,232,1000,0,1,0,0,0,1,1,0,3,3,0,0,0,Safe
200,232,1000,0,1,0,0,0,1,1,0,3,3,0,0,0,Safe
200,214,1012,0,1,0,0,0,1,1,1,3,3,0,0,0,Safe
200,202,1201,0,1,0,0,0,1,1,1,3,3,0,0,0,Input Validation
200,388,1000,0,1,0,0,0,1,5,0,3,3,0,0,0,Input Validation
200,282,1000,0,1,0,0,0,1,3,0,3,3,0,0,0,Safe
200,88,3442,1,0,0,2,3,1,1,2,4,2,0,0,0,Configuration
200,220,1723,0,1,0,0,0,1,5,1,3,3,0,0,0,Input Validation
200,202,1000,0,1,0,0,0,1,0,0,3,3,0,0,0,Safe
200,204,1000,0,1,0,0,0,1,0,0,3,3,0,0,0,Input Validation
200,462,1000,0,1,0,0,0,1,5,0,3,3,1,0,0,Input Validation
200,144,1000,0,1,0,0,0,1,0,0,0,0,0,0,0,Safe
200,200,1126,0,1,0,0,0,1,1,1,3,3,0,0,0,Input Validation
200,203,1234,0,1,0,0,0,1,5,1,3,3,0,0,0,Input Validation
200,232,7290,7,4,1,1,3,1,5,1,2,3,1,1,0,Session
200,203,1225,0,1,0,0,0,1,5,1,3,3,0,0,0,Authorization
200,282,1000,0,1,0,0,0,1,3,0,3,3,0,0,0,Safe
200,204,1000,0,1,0,0,0,1,0,0,3,3,0,0,0,Information
200,204,1000,0,1,0,0,0,1,0,0,3,3,0,0,0,Information
200,244,1000,0,1,0,0,0,1,0,0,4,4,0,0,0,Input Validation
200,203,1216,0,1,0,0,0,1,5,1,3,3,0,0,0,Safe
200,214,1012,0,1,0,0,0,1,1,1,3,3,0,0,0,Safe
200,210,1183,0,1,0,0,0,1,5,1,3,3,1,0,0,Safe
200,218,1144,0,1,0,0,0,1,1,1,3,3,0,0,0,Input Validation
200,468,1000,0,1,0,0,0,1,5,0,3,3,0,0,0,Input Validation
200,232,1000,0,1,0,0,0,1,0,0,4,4,0,0,0,Information
200,206,1000,0,1,0,0,0,1,0,0,2,2,0,0,0,Information
200,216,1000,0,1,0,0,0,1,0,0,4,4,0,0,0,Safe
200,220,1000,0,1,0,0,0,1,0,0,3,3,0,0,0,Information
200,202,1000,0,1,0,0,0,1,0,0,3,3,0,0,0,Safe
200,236,1000,0,1,0,0,0,1,0,0,4,4,0,0,0,Information
403,1929,6396,0,2,1,4,3,1,1,0,7,0,0,0,0,Header
200,236,1000,0,1,0,0,0,1,0,0,4,4,0,0,0,Information
500,1846,8345,3,2,0,0,2,1,1,0,3,1,1,1,0,Configuration
200,434,1000,0,1,0,0,0,1,5,0,3,3,0,0,0,Input Validation
200,194,1000,0,1,0,0,0,1,0,0,2,2,0,0,0,Information
200,222,1741,0,1,0,0,0,1,13,1,3,3,1,0,0,Authorization
200,219,1171,0,1,0,0,0,1,1,1,3,3,0,0,0,Input Validation
200,168,1000,0,1,0,0,0,1,0,0,2,2,0,0,0,Input Validation
200,204,1309,0,1,0,0,0,1,3,1,3,3,0,0,0,Input Validation
200,225,1768,0,1,0,0,0,1,13,1,3,3,1,0,0,Safe
200,214,1012,0,1,0,0,0,1,1,1,3,3,0,0,0,Authorization
200,166,1000,0,1,0,0,0,1,0,0,1,1,0,0,0,Information
200,208,1363,0,1,0,0,0,1,5,1,3,3,0,0,0,Input Validation
200,1067,1984,1,1,1,5,0,0,7,1,8,0,1,0,1,Session
403,1516,2093,2,0,2,2,2,1,1,0,9,4,1,0,0,Header
200,316,1000,0,1,0,0,0,1,1,0,3,3,0,0,0,Input Validation
200,374,1000,0,1,0,0,0,1,3,0,3,3,0,0,0,Input Validation
403,1073,5772,2,4,1,5,2,1,0,2,9,4,1,0,0,Session
200,388,1000,0,1,0,0,0,1,5,0,3,3,0,0,0,Input Validation
200,264,1000,0,1,0,0,0,1,1,0,3,3,0,0,0,Safe
200,178,1000,0,1,0,0,0,1,0,0,2,2,0,0,0,Safe
200,714,1000,0,1,0,0,0,1,13,0,3,3,1,0,0,Safe
302,313,2941,0,4,2,5,2,0,3,0,5,0,0,0,0,Session
200,556,1000,0,1,0,0,0,1,1,0,3,3,0,0,0,Input Validation
403,990,8116,0,2,0,2,2,0,4,0,7,1,1,1,0,Session
200,212,1000,0,1,0,0,0,1,0,0,3,3,0,0,0,Safe
200,150,1000,0,1,0,0,0,1,0,0,0,0,0,0,0,Input Validation
200,238,1000,0,1,0,0,0,1,1,0,3,3,0,0,0,Safe
200,153,2845,3,4,1,4,1,0,6,1,9,1,0,1,0,Session
200,150,1000,0,1,0,0,0,1,0,0,0,0,0,0,0,Safe
200,223,1711,0,1,0,0,0,1,13,1,3,3,1,0,0,Safe
200,284,1000,0,1,0,0,0,1,3,0,3,3,0,0,0,Safe
200,203,1231,0,1,0,0,0,1,1,1,3,3,0,0,0,Input Validation
302,1065,1872,0,3,0,2,2,0,2,1,3,2,0,1,0,Session
200,450,6831,0,1,2,5,3,1,0,1,8,1,1,0,1,Configuration
200,356,1000,0,1,0,0,0,1,1,0,3,3,0,0,0,Input Validation
200,384,1000,0,1,0,0,0,1,1,0,3,3,0,0,0,Input Validation
200,194,1000,0,1,0,0,0,1,0,0,3,3,0,0,0,Safe
200,216,1000,0,1,0,0,0,1,0,0,4,4,0,0,0,Safe
200,450,6831,0,1,2,5,3,1,0,1,8,1,1,0,1,Configuration
200,217,1417,0,1,0,0,0,1,5,1,3,3,1,0,0,Input Validation
403,740,8762,1,1,0,3,2,0,7,2,7,4,0,0,0,Session
200,194,1000,0,1,0,0,0,1,0,0,3,3,0,0,0,Safe
200,220,1201,0,1,0,0,0,1,1,1,3,3,0,0,0,Input Validation
200,198,1129,0,1,0,0,0,1,3,1,3,3,0,0,0,Authorization
400,326,9231,0,2,0,2,0,0,5,1,6,2,0,1,0,Header
200,166,1000,0,1,0,0,0,1,0,0,1,1,0,0,0,Information
200,200,1000,0,1,0,0,0,1,0,0,3,3,0,0,0,Safe
200,830,462,0,0,0,1,3,0,2,1,7,4,0,0,1,Configuration
200,210,1000,0,1,0,0,0,1,0,0,3,3,0,0,0,Information
200,236,9542,2,1,2,5,4,1,0,1,4,3,0,0,1,Configuration
200,199,1099,0,1,0,0,0,1,1,1,3,3,0,0,0,Authorization
200,684,1000,0,1,0,0,0,1,13,0,3,3,1,0,0,Safe
200,198,1000,0,1,0,0,0,1,0,0,3,3,0,0,0,Safe
200,214,1315,0,1,0,0,0,1,5,1,3,3,1,0,0,Input Validation
200,232,1000,0,1,0,0,0,1,0,0,4,4,0,0,0,Information
200,166,1000,0,1,0,0,0,1,0,0,1,1,0,0,0,Information
200,234,1000,0,1,0,0,0,1,0,0,4,4,0,0,0,Input Validation
200,203,1222,0,1,0,0,0,1,5,1,3,3,0,0,0,Safe
200,414,1000,0,1,0,0,0,1,3,0,3,3,0,0,0,Input Validation
403,699,3378,1,0,1,1,1,1,2,1,7,1,1,1,0,Header
200,218,1147,0,1,0,0,0,1,1,1,3,3,0,0,0,Input Validation
200,208,1000,0,1,0,0,0,1,0,0,4,4,0,0,0,Safe
302,1396,1691,3,1,2,4,4,0,5,2,8,3,0,0,0,Configuration
403,1693,104,6,3,1,4,3,1,6,2,7,3,1,0,1,Authentication
302,1663,2032,6,2,2,5,4,1,3,0,1,0,1,0,0,Session
200,226,1792,0,1,0,0,0,1,13,1,3,3,1,0,0,Safe
200,225,1777,0,1,0,0,0,1,13,1,3,3,1,0,0,Authorization
200,344,1000,0,1,0,0,0,1,5,0,3,3,1,0,0,Safe
200,214,1000,0,1,0,0,0,1,0,0,4,4,0,0,0,Safe
200,197,1114,0,1,0,0,0,1,3,1,3,3,0,0,0,Authorization
200,226,1780,0,1,0,0,0,1,13,1,3,3,1,0,0,Authorization
200,200,1000,0,1,0,0,0,1,0,0,3,3,0,0,0,Safe
200,214,1000,0,1,0,0,0,1,0,0,4,4,0,0,0,Safe
200,194,1000,0,1,0,0,0,1,0,0,2,2,0,0,0,Input Validation
200,199,1102,0,1,0,0,0,1,1,1,3,3,0,0,0,Safe
200,166,1000,0,1,0,0,0,1,0,0,0,0,0,0,0,Safe
200,196,1000,0,1,0,0,0,1,0,0,3,3,0,0,0,Information
403,1567,4670,1,1,2,2,4,0,2,2,8,2,1,0,0,Header
200,216,1000,0,1,0,0,0,1,0,0,4,4,0,0,0,Safe
200,182,1000,0,1,0,0,0,1,0,0,2,2,0,0,0,Input Validation
200,334,1000,0,1,0,0,0,1,5,0,3,3,1,0,0,Safe
200,214,1012,0,1,0,0,0,1,1,1,3,3,0,0,0,Authorization
200,200,1000,0,1,0,0,0,1,0,0,3,3,0,0,0,Safe
200,196,1000,0,1,0,0,0,1,0,0,3,3,0,0,0,Safe
500,811,3658,0,1,0,4,1,1,0,0,1,3,0,0,0,Header
200,223,1774,0,1,0,0,0,1,13,1,3,3,1,0,0,Authorization
200,234,1000,0,1,0,0,0,1,0,0,4,4,0,0,0,Information
200,240,1000,0,1,0,0,0,1,0,0,4,4,0,0,0,Safe
200,196,1000,0,1,0,0,0,1,0,0,3,3,0,0,0,Safe
200,236,1000,0,1,0,0,0,1,0,0,4,4,0,0,0,Information
200,196,1000,0,1,0,0,0,1,0,0,3,3,0,0,0,Safe
200,200,1204,0,1,0,0,0,1,3,1,3,3,0,0,0,Input Validation
200,190,1000,0,1,0,0,0,1,0,0,1,1,0,0,0,Safe
200,226,1795,0,1,0,0,0,1,13,1,3,3,1,0,0,Authorization
200,216,1381,0,1,0,0,0,1,5,1,3,3,1,0,0,Input Validation
200,200,1000,0,1,0,0,0,1,0,0,3,3,0,0,0,Information
200,712,1000,0,1,0,0,0,1,13,0,3,3,1,0,0,Input Validation
200,229,1897,0,1,0,0,0,1,13,1,3,3,1,0,0,Input Validation
403,1073,5772,2,4,1,5,2,1,0,2,9,4,1,0,0,Session
200,198,1000,0,1,0,0,0,1,0,0,1,1,0,0,0,Input Validation
200,282,1000,0,1,0,0,0,1,3,0,3,3,0,0,0,Safe
200,166,1000,0,1,0,0,0,1,0,0,1,1,0,0,0,Information
200,372,1000,0,1,0,0,0,1,1,0,3,3,0,0,0,Input Validation
200,460,1000,0,1,0,0,0,1,5,0,3,3,0,0,0,Input Validation
200,224,1729,0,1,0,0,0,1,13,1,3,3,1,0,0,Safe
200,224,1000,0,1,0,0,0,1,0,0,4,4,0,0,0,Information
200,260,1000,0,1,0,0,0,1,0,0,4,4,0,0,0,Information
200,214,1012,0,1,0,0,0,1,1,1,3,3,0,0,0,Safe
200,872,3174,1,1,1,0,0,1,5,0,5,0,1,1,0,Header
200,228,1843,0,1,0,0,0,1,13,1,3,3,1,0,0,Input Validation
500,830,2950,1,2,2,4,2,1,2,1,5,2,1,1,0,Header
200,214,1000,0,1,0,0,0,1,0,0,4,4,0,0,0,Safe
200,854,1000,0,1,0,0,0,1,13,0,3,3,1,0,0,Input Validation
200,178,1000,0,1,0,0,0,1,0,0,2,2,0,0,0,Safe
200,322,1000,0,1,0,0,0,1,1,0,3,3,0,0,0,Input Validation
200,390,1000,0,1,0,0,0,1,5,0,3,3,1,0,0,Input Validation
400,1908,3737,1,3,1,4,3,1,0,2,8,0,1,0,0,Session
200,198,1000,0,1,0,0,0,1,0,0,1,1,0,0,0,Input Validation
200,872,3174,1,1,1,0,0,1,5,0,5,0,1,1,0,Header
200,188,1000,0,1,0,0,0,1,0,0,3,3,0,0,0,Safe
200,214,1000,0,1,0,0,0,1,0,0,2,2,0,0,0,Information
200,573,2493,5,1,0,5,1,1,2,0,9,0,1,0,1,Authentication
500,196,3795,1,2,0,3,1,1,0,2,5,3,0,1,0,Configuration
200,198,1126,0,1,0,0,0,1,3,1,3,3,0,0,0,Safe
200,196,1000,0,1,0,0,0,1,0,0,3,3,0,0,0,Safe
200,208,1000,0,1,0,0,0,1,0,0,4,4,0,0,0,Information
200,196,1000,0,1,0,0,0,1,0,0,3,3,0,0,0,Safe
200,203,1213,0,1,0,0,0,1,5,1,3,3,0,0,0,Authorization
200,219,1150,0,1,0,0,0,1,1,1,3,3,0,0,0,Input Validation
200,180,1000,0,1,0,0,0,1,0,0,2,2,0,0,0,Safe
200,204,1249,0,1,0,0,0,1,1,1,3,3,0,0,0,Input Validation
200,236,1000,0,1,0,0,0,1,0,0,4,4,0,0,0,Safe
200,203,1216,0,1,0,0,0,1,5,1,3,3,0,0,0,Safe
200,223,1756,0,1,0,0,0,1,13,1,3,3,1,0,0,Safe
200,194,1000,0,1,0,0,0,1,0,0,2,2,0,0,0,Information
200,204,1000,0,1,0,0,0,1,0,0,3,3,0,0,0,Input Validation
200,233,2005,0,1,0,0,0,1,13,1,3,3,1,0,0,Input Validation
200,204,1000,0,1,0,0,0,1,0,0,3,3,0,0,0,Information
400,1908,3737,1,3,1,4,3,1,0,2,8,0,1,0,0,Session
200,223,1753,0,1,0,0,0,1,13,1,3,3,1,0,0,Safe
200,236,1000,0,1,0,0,0,1,0,0,4,4,0,0,0,Information
200,210,1186,0,1,0,0,0,1,5,1,3,3,1,0,0,Safe
200,192,1000,0,1,0,0,0,1,0,0,3,3,0,0,0,Safe
200,194,1000,0,1,0,0,0,1,0,0,3,3,0,0,0,Safe
200,214,1012,0,1,0,0,0,1,1,1,3,3,0,0,0,Authorization
200,242,1000,0,1,0,0,0,1,0,0,5,5,0,0,0,Input Validation
200,206,1000,0,1,0,0,0,1,0,0,2,2,0,0,0,Information
200,326,1000,0,1,0,0,0,1,5,0,3,3,0,0,0,Safe
200,698,1000,0,1,0,0,0,1,13,0,3,3,1,0,0,Safe
200,202,1000,0,1,0,0,0,1,0,0,3,3,0,0,0,Input Validation
200,420,1000,0,1,0,0,0,1,3,0,3,3,0,0,0,Input Validation
200,218,1132,0,1,0,0,0,1,1,1,3,3,0,0,0,Input Validation
200,198,1072,0,1,0,0,0,1,1,1,3,3,0,0,0,Input Validation
200,152,1000,0,1,0,0,0,1,0,0,1,1,0,0,0,Input Validation
200,466,1000,0,1,0,0,0,1,5,0,3,3,0,0,0,Input Validation
302,1538,6168,5,1,1,3,2,0,6,2,4,4,0,1,0,Session
302,807,821,0,0,1,4,1,0,5,1,2,4,0,0,1,Header
200,266,1000,0,1,0,0,0,1,1,0,3,3,0,0,0,Safe
200,166,1000,0,1,0,0,0,1,0,0,1,1,0,0,0,Input Validation
200,198,1000,0,1,0,0,0,1,0,0,3,3,0,0,0,Safe
200,932,4861,7,3,1,1,3,1,2,0,8,2,0,1,0,Session
200,214,1012,0,1,0,0,0,1,1,1,3,3,0,0,0,Safe
200,214,1012,0,1,0,0,0,1,1,1,3,3,0,0,0,Authorization
200,1491,780,0,0,0,5,3,1,4,2,1,0,1,1,0,Header
200,222,1000,0,1,0,0,0,1,0,0,3,3,0,0,0,Information
200,224,1000,0,1,0,0,0,1,1,0,3,3,0,0,0,Safe
200,216,1000,0,1,0,0,0,1,0,0,4,4,0,0,0,Safe
200,231,1939,0,1,0,0,0,1,13,1,3,3,1,0,0,Input Validation
200,188,1000,0,1,0,0,0,1,0,0,3,3,0,0,0,Safe
200,150,1000,0,1,0,0,0,1,0,0,0,0,0,0,0,Input Validation
200,226,1780,0,1,0,0,0,1,13,1,3,3,1,0,0,Safe
200,205,1297,0,1,0,0,0,1,1,1,3,3,0,0,0,Input Validation
200,208,1000,0,1,0,0,0,1,0,0,3,3,0,0,0,Information
200,266,1000,0,1,0,0,0,1,1,0,3,3,0,0,0,Safe
200,198,1000,0,1,0,0,0,1,0,0,3,3,0,0,0,Safe
200,216,1000,0,1,0,0,0,1,0,0,4,4,0,0,0,Safe
200,202,1000,0,1,0,0,0,1,0,0,3,3,0,0,0,Input Validation
200,218,1141,0,1,0,0,0,1,1,1,3,3,0,0,0,Input Validation
200,184,1000,0,1,0,0,0,1,0,0,2,2,0,0,0,Input Validation
500,107,7526,5,1,1,3,1,1,0,2,2,3,1,1,1,Input Validation
200,203,1213,0,1,0,0,0,1,5,1,3,3,0,0,0,Authorization
200,210,1183,0,1,0,0,0,1,5,1,3,3,1,0,0,Authorization
200,212,1000,0,1,0,0,0,1,0,0,3,3,0,0,0,Input Validation
200,225,1750,0,1,0,0,0,1,13,1,3,3,1,0,0,Safe
200,864,1000,0,1,0,0,0,1,13,0,3,3,1,0,0,Input Validation
200,756,1000,0,1,0,0,0,1,13,0,3,3,1,0,0,Input Validation
200,210,1000,0,1,0,0,0,1,0,0,3,3,0,0,0,Information
200,192,1000,0,1,0,0,0,1,0,0,3,3,0,0,0,Safe
200,384,1000,0,1,0,0,0,1,1,0,3,3,0,0,0,Input Validation
200,230,1903,0,1,0,0,0,1,13,1,3,3,1,0,0,Input Validation
200,203,1225,0,1,0,0,0,1,1,1,3,3,0,0,0,Input Validation
400,469,2304,5,0,0,4,4,1,6,0,4,1,1,0,0,Authentication
403,1185,5562,0,0,2,1,0,0,1,0,8,1,0,1,0,Header
200,198,1129,0,1,0,0,0,1,3,1,3,3,0,0,0,Safe
200,202,1189,0,1,0,0,0,1,1,1,3,3,0,0,0,Input Validation
200,330,1000,0,1,0,0,0,1,1,0,3,3,0,0,0,Input Validation
200,222,1726,0,1,0,0,0,1,13,1,3,3,1,0,0,Authorization
302,532,1112,2,1,1,0,3,0,6,2,4,1,1,0,0,Header
200,214,1624,0,1,0,0,0,1,3,1,3,3,0,0,0,Input Validation
200,264,1000,0,1,0,0,0,1,1,0,3,3,0,0,0,Safe
200,194,1000,0,1,0,0,0,1,0,0,3,3,0,0,0,Safe
200,225,1822,0,1,0,0,0,1,13,1,3,3,1,0,0,Input Validation
200,196,1000,0,1,0,0,0,1,0,0,3,3,0,0,0,Safe
200,226,1843,0,1,0,0,0,1,13,1,3,3,1,0,0,Input Validation
200,470,6317,3,1,1,2,4,1,1,1,7,2,1,0,0,Session
200,214,1012,0,1,0,0,0,1,1,1,3,3,0,0,0,Authorization
200,184,1000,0,1,0,0,0,1,0,0,2,2,0,0,0,Safe
200,312,1000,0,1,0,0,0,1,1,0,3,3,0,0,0,Input Validation
200,205,1336,0,1,0,0,0,1,3,1,3,3,0,0,0,Input Validation
200,128,8180,3,2,0,2,4,1,3,0,7,4,1,0,1,Input Validation
200,230,1906,0,1,0,0,0,1,13,1,3,3,1,0,0,Input Validation
200,328,1000,0,1,0,0,0,1,5,0,3,3,1,0,0,Safe
200,414,1000,0,1,0,0,0,1,5,0,3,3,1,0,0,Input Validation
200,180,1000,0,1,0,0,0,1,0,0,1,1,0,0,0,Safe
200,1136,2170,7,3,1,2,0,1,3,0,8,1,1,1,0,Session
200,196,1000,0,1,0,0,0,1,0,0,3,3,0,0,0,Safe
500,956,7913,0,2,2,2,1,0,1,1,2,4,1,0,0,Configuration
200,197,1051,0,1,0,0,0,1,1,1,3,3,0,0,0,Authorization
200,326,1000,0,1,0,0,0,1,5,0,3,3,1,0,0,Safe
200,197,1051,0,1,0,0,0,1,1,1,3,3,0,0,0,Authorization
200,214,1015,0,1,0,0,0,1,1,1,3,3,0,0,0,Safe
200,682,1000,0,1,0,0,0,1,5,0,3,3,0,0,0,Input Validation
200,220,1000,0,1,0,0,0,1,0,0,3,3,0,0,0,Input Validation
200,244,1000,0,1,0,0,0,1,0,0,4,4,0,0,0,Input Validation
200,200,1000,0,1,0,0,0,1,0,0,3,3,0,0,0,Safe
200,150,1000,0,1,0,0,0,1,0,0,0,0,0,0,0,Input Validation
200,1117,2886,2,1,0,3,0,0,5,0,9,2,1,1,0,Header
200,334,1000,0,1,0,0,0,1,5,0,3,3,0,0,0,Safe
200,199,1099,0,1,0,0,0,1,1,1,3,3,0,0,0,Safe
200,202,1255,0,1,0,0,0,1,3,1,3,3,0,0,0,Input Validation
500,1249,9205,2,0,0,3,4,0,0,1,8,4,1,1,0,Configuration
200,196,1000,0,1,0,0,0,1,0,0,3,3,0,0,0,Safe
200,198,1000,0,1,0,0,0,1,0,0,4,4,0,0,0,Information
200,304,1000,0,1,0,0,0,1,1,0,3,3,0,0,0,Input Validation
200,223,1717,0,1,0,0,0,1,13,1,3,3,1,0,0,Safe
200,932,4861,7,3,1,1,3,1,2,0,8,2,0,1,0,Session
200,214,1000,0,1,0,0,0,1,0,0,4,4,0,0,0,Safe
200,196,1000,0,1,0,0,0,1,0,0,3,3,0,0,0,Input Validation
200,258,1000,0,1,0,0,0,1,1,0,3,3,0,0,0,Input Validation
200,231,1522,0,1,0,0,0,1,1,1,3,3,0,0,0,Input Validation
302,316,1808,6,4,1,4,2,0,3,0,1,3,0,1,1,Session
200,198,1000,0,1,0,0,0,1,0,0,3,3,0,0,0,Safe
200,212,1000,0,1,0,0,0,1,0,0,3,3,0,0,0,Safe
200,196,1000,0,1,0,0,0,1,0,0,3,3,0,0,0,Safe
200,166,1000,0,1,0,0,0,1,0,0,1,1,0,0,0,Input Validation
400,366,6182,3,1,0,5,0,0,6,0,2,3,1,1,1,Configuration
200,573,2493,5,1,0,5,1,1,2,0,9,0,1,0,1,Authentication
500,565,2939,7,2,1,0,3,1,7,2,4,3,1,0,1,Authentication
200,203,1216,0,1,0,0,0,1,5,1,3,3,0,0,0,Authorization
302,190,7883,5,1,0,0,3,1,3,0,8,4,1,0,1,Authentication
403,88,7794,2,0,0,5,0,0,1,0,2,2,1,1,1,Configuration
302,1069,6041,3,0,2,4,3,0,1,0,5,2,1,0,1,Configuration
200,202,1201,0,1,0,0,0,1,5,1,3,3,0,0,0,Safe
400,145,5307,0,3,1,2,3,1,4,1,5,1,0,1,0,Configuration
403,1185,5562,0,0,2,1,0,0,1,0,8,1,0,1,0,Header
200,194,1000,0,1,0,0,0,1,0,0,3,3,0,0,0,Safe
200,197,1051,0,1,0,0,0,1,1,1,3,3,0,0,0,Authorization
302,1514,125,0,3,2,4,2,0,4,0,8,3,0,0,1,Session
200,202,1000,0,1,0,0,0,1,0,0,3,3,0,0,0,Safe
200,200,1000,0,1,0,0,0,1,0,0,3,3,0,0,0,Safe
200,226,1000,0,1,0,0,0,1,1,0,3,3,0,0,0,Safe
200,201,1174,0,1,0,0,0,1,1,1,3,3,0,0,0,Input Validation
302,664,5492,2,2,2,3,3,0,1,2,5,2,1,1,0,Configuration
200,1117,2886,2,1,0,3,0,0,5,0,9,2,1,1,0,Header
200,194,1000,0,1,0,0,0,1,0,0,3,3,0,0,0,Safe
200,188,1000,0,1,0,0,0,1,0,0,2,2,0,0,0,Information
302,1231,2779,0,1,2,0,1,0,0,1,9,1,0,0,0,Configuration
200,202,1000,0,1,0,0,0,1,0,0,3,3,0,0,0,Safe
200,222,1000,0,1,0,0,0,1,0,0,4,4,0,0,0,Input Validation
200,228,1852,0,1,0,0,0,1,13,1,3,3,1,0,0,Input Validation
200,209,1171,0,1,0,0,0,1,5,1,3,3,1,0,0,Authorization
200,213,1276,0,1,0,0,0,1,5,1,3,3,1,0,0,Input Validation
200,340,1000,0,1,0,0,0,1,1,0,3,3,0,0,0,Input Validation
200,236,9542,2,1,2,5,4,1,0,1,4,3,0,0,1,Configuration
302,498,2048,2,1,2,4,0,1,4,2,1,4,1,0,0,Header
200,246,1000,0,1,0,0,0,1,1,0,3,3,0,0,0,Input Validation
200,458,1000,0,1,0,0,0,1,5,0,3,3,0,0,0,Input Validation
200,216,1000,0,1,0,0,0,1,0,0,4,4,0,0,0,Safe
200,456,1000,0,1,0,0,0,1,5,0,3,3,1,0,0,Input Validation
200,206,1000,0,1,0,0,0,1,0,0,2,2,0,0,0,Input Validation
200,242,1000,0,1,0,0,0,1,0,0,5,5,0,0,0,Information
200,203,1216,0,1,0,0,0,1,5,1,3,3,0,0,0,Safe
200,188,1000,0,1,0,0,0,1,0,0,3,3,0,0,0,Safe
200,212,1000,0,1,0,0,0,1,0,0,3,3,0,0,0,Safe
500,988,4905,3,3,2,5,2,1,4,1,9,3,1,0,1,Configuration
200,198,1129,0,1,0,0,0,1,3,1,3,3,0,0,0,Authorization
200,216,1378,0,1,0,0,0,1,5,1,3,3,1,0,0,Input Validation
200,210,1180,0,1,0,0,0,1,5,1,3,3,1,0,0,Authorization
200,198,1000,0,1,0,0,0,1,0,0,3,3,0,0,0,Safe
500,432,8310,0,1,1,4,2,0,3,2,7,2,1,1,0,Header
200,197,1051,0,1,0,0,0,1,1,1,3,3,0,0,0,Authorization
200,166,1000,0,1,0,0,0,1,0,0,1,1,0,0,0,Information
200,214,1012,0,1,0,0,0,1,1,1,3,3,0,0,0,Safe
200,749,5545,2,0,1,5,4,0,3,2,3,3,1,1,1,Header
200,252,1000,0,1,0,0,0,1,0,0,4,4,0,0,0,Information
200,225,1759,0,1,0,0,0,1,13,1,3,3,1,0,0,Safe
200,436,1000,0,1,0,0,0,1,3,0,3,3,0,0,0,Safe
400,167,3553,2,3,2,4,0,0,0,1,1,2,0,1,1,Header
200,196,1000,0,1,0,0,0,1,0,0,3,3,0,0,0,Safe
200,150,1000,0,1,0,0,0,1,0,0,0,0,0,0,0,Input Validation
200,802,1000,0,1,0,0,0,1,13,0,3,3,1,0,0,Input Validation
200,234,1000,0,1,0,0,0,1,0,0,4,4,0,0,0,Information
400,366,6182,3,1,0,5,0,0,6,0,2,3,1,1,1,Configuration
200,238,2209,0,1,0,0,0,1,13,1,3,3,1,0,0,Input Validation
200,1255,5088,2,1,2,3,3,0,4,2,3,4,0,0,0,Header
400,749,5188,3,2,0,4,0,1,2,1,9,1,1,1,1,Authentication
200,200,1000,0,1,0,0,0,1,0,0,3,3,0,0,0,Safe
400,67,868,3,2,2,1,1,1,3,0,2,2,0,1,0,Configuration
200,500,1000,0,1,0,0,0,1,5,0,3,3,1,0,0,Input Validation
200,198,1000,0,1,0,0,0,1,0,0,3,3,0,0,0,Safe
200,217,1405,0,1,0,0,0,1,5,1,3,3,1,0,0,Input Validation
200,210,1441,0,1,0,0,0,1,5,1,3,3,0,0,0,Input Validation
200,219,1174,0,1,0,0,0,1,1,1,3,3,0,0,0,Input Validation
200,198,1000,0,1,0,0,0,1,0,0,3,3,0,0,0,Safe
200,201,1171,0,1,0,0,0,1,1,1,3,3,0,0,0,Safe
200,730,1000,0,1,0,0,0,1,13,0,3,3,1,0,0,Safe
200,728,1000,0,1,0,0,0,1,13,0,3,3,1,0,0,Safe
200,700,1000,0,1,0,0,0,1,13,0,3,3,1,0,0,Safe
200,224,1000,0,1,0,0,0,1,1,0,3,3,0,0,0,Safe
200,198,1123,0,1,0,0,0,1,3,1,3,3,0,0,0,Safe
200,420,1000,0,1,0,0,0,1,3,0,3,3,0,0,0,Input Validation
200,198,1123,0,1,0,0,0,1,3,1,3,3,0,0,0,Safe
200,394,1000,0,1,0,0,0,1,3,0,3,3,0,0,0,Input Validation
200,188,1000,0,1,0,0,0,1,0,0,3,3,0,0,0,Safe
200,328,1000,0,1,0,0,0,1,5,0,3,3,1,0,0,Safe
200,246,1000,0,1,0,0,0,1,0,0,4,4,0,0,0,Safe
200,1849,6755,5,3,1,3,2,1,6,1,2,2,1,1,0,Authentication
200,166,1000,0,1,0,0,0,1,0,0,1,1,0,0,0,Information
200,150,1000,0,1,0,0,0,1,0,0,0,0,0,0,0,Information
200,1001,798,0,1,1,3,4,1,0,0,3,1,1,1,1,Authentication
200,202,1000,0,1,0,0,0,1,0,0,3,3,0,0,0,Safe
200,284,1000,0,1,0,0,0,1,3,0,3,3,0,0,0,Safe
200,216,1000,0,1,0,0,0,1,0,0,4,4,0,0,0,Safe
500,606,8281,2,3,0,2,1,0,2,2,3,2,0,1,1,Header
200,1084,1000,0,1,0,0,0,1,13,0,3,3,1,0,0,Input Validation
200,232,1984,0,1,0,0,0,1,13,1,3,3,1,0,0,Input Validation
200,690,1000,0,1,0,0,0,1,13,0,3,3,1,0,0,Safe
200,204,1261,0,1,0,0,0,1,1,1,3,3,0,0,0,Input Validation
200,198,1000,0,1,0,0,0,1,0,0,1,1,0,0,0,Information
200,188,1000,0,1,0,0,0,1,0,0,3,3,0,0,0,Safe
200,224,1732,0,1,0,0,0,1,13,1,3,3,1,0,0,Safe
403,820,3255,5,4,0,1,4,1,2,1,8,1,0,0,1,Session
200,212,1000,0,1,0,0,0,1,0,0,3,3,0,0,0,Information
200,203,1210,0,1,0,0,0,1,1,1,3,3,0,0,0,Input Validation
200,208,1447,0,1,0,0,0,1,3,1,3,3,0,0,0,Safe
200,200,1000,0,1,0,0,0,1,0,0,3,3,0,0,0,Safe
200,230,1000,0,1,0,0,0,1,0,0,4,4,0,0,0,Information
200,209,1174,0,1,0,0,0,1,5,1,3,3,1,0,0,Safe
200,412,1000,0,1,0,0,0,1,3,0,3,3,0,0,0,Input Validation
200,216,1609,0,1,0,0,0,1,1,1,3,3,0,0,0,Input Validation
200,204,1000,0,1,0,0,0,1,0,0,3,3,0,0,0,Input Validation
200,168,1000,0,1,0,0,0,1,0,0,2,2,0,0,0,Information
302,601,7912,4,3,2,1,3,0,1,0,8,0,1,0,1,Session
200,197,1117,0,1,0,0,0,1,3,1,3,3,0,0,0,Safe
200,168,1000,0,1,0,0,0,1,0,0,2,2,0,0,0,Input Validation
500,425,3630,0,1,2,2,0,1,7,1,8,2,1,0,1,Authentication
200,210,1192,0,1,0,0,0,1,5,1,3,3,1,0,0,Authorization
200,150,1000,0,1,0,0,0,1,0,0,0,0,0,0,0,Information
200,212,1000,0,1,0,0,0,1,0,0,3,3,0,0,0,Safe
200,188,1000,0,1,0,0,0,1,0,0,3,3,0,0,0,Safe
200,284,1000,0,1,0,0,0,1,3,0,3,3,0,0,0,Safe
200,573,2493,5,1,0,5,1,1,2,0,9,0,1,0,1,Authentication
200,234,1000,0,1,0,0,0,1,1,0,3,3,0,0,0,Safe
400,145,5307,0,3,1,2,3,1,4,1,5,1,0,1,0,Configuration
200,206,1303,0,1,0,0,0,1,1,1,3,3,0,0,0,Input Validation
200,226,1786,0,1,0,0,0,1,13,1,3,3,1,0,0,Safe
403,88,7794,2,0,0,5,0,0,1,0,2,2,1,1,1,Configuration
200,200,1000,0,1,0,0,0,1,0,0,3,3,0,0,0,Safe
200,207,1348,0,1,0,0,0,1,5,1,3,3,0,0,0,Input Validation
200,219,1168,0,1,0,0,0,1,1,1,3,3,0,0,0,Input Validation
403,1513,1088,3,2,0,2,3,1,2,0,5,2,0,0,1,Configuration
500,769,8016,1,2,0,1,0,1,3,0,9,4,1,0,0,Authentication
200,198,1129,0,1,0,0,0,1,3,1,3,3,0,0,0,Authorization
200,258,1000,0,1,0,0,0,1,1,0,3,3,0,0,0,Input Validation
200,364,1000,0,1,0,0,0,1,3,0,3,3,0,0,0,Input Validation
200,224,1000,0,1,0,0,0,1,0,0,4,4,0,0,0,Input Validation
200,231,1936,0,1,0,0,0,1,13,1,3,3,1,0,0,Input Validation
400,1759,3733,1,2,2,4,3,0,7,1,3,3,1,0,0,Configuration
200,188,1000,0,1,0,0,0,1,0,0,3,3,0,0,0,Safe
200,328,1000,0,1,0,0,0,1,5,0,3,3,1,0,0,Safe
200,1912,2668,7,0,2,2,2,1,7,2,3,0,1,0,1,Authentication
200,1001,798,0,1,1,3,4,1,0,0,3,1,1,1,1,Authentication
403,144,7339,6,1,1,1,2,1,1,0,6,3,1,1,1,Authentication
200,197,1051,0,1,0,0,0,1,1,1,3,3,0,0,0,Authorization
200,724,1000,0,1,0,0,0,1,13,0,3,3,1,0,0,Safe
200,196,1000,0,1,0,0,0,1,0,0,3,3,0,0,0,Safe
500,72,5981,1,1,0,3,1,1,6,1,3,1,1,0,1,Authentication
200,322,1000,0,1,0,0,0,1,5,0,3,3,1,0,0,Safe
200,196,1000,0,1,0,0,0,1,0,0,3,3,0,0,0,Input Validation
200,230,1975,0,1,0,0,0,1,13,1,3,3,1,0,0,Input Validation
200,274,1000,0,1,0,0,0,1,3,0,3,3,0,0,0,Safe
200,242,1000,0,1,0,0,0,1,0,0,5,5,0,0,0,Information
200,198,1000,0,1,0,0,0,1,0,0,3,3,0,0,0,Safe
200,240,1000,0,1,0,0,0,1,0,0,4,4,0,0,0,Information
200,348,1000,0,1,0,0,0,1,1,0,3,3,0,0,0,Input Validation
200,334,1000,0,1,0,0,0,1,3,0,3,3,0,0,0,Input Validation
200,242,1000,0,1,0,0,0,1,0,0,5,5,0,0,0,Information
403,962,1642,5,0,1,0,1,1,1,1,5,4,1,1,0,Authentication
500,586,7778,1,2,1,5,1,0,1,1,3,2,1,0,0,Header
200,166,1000,0,1,0,0,0,1,0,0,1,1,0,0,0,Information
200,224,1000,0,1,0,0,0,1,0,0,4,4,0,0,0,Input Validation
200,1255,5088,2,1,2,3,3,0,4,2,3,4,0,0,0,Header
200,202,1186,0,1,0,0,0,1,1,1,3,3,0,0,0,Input Validation
200,178,1000,0,1,0,0,0,1,0,0,2,2,0,0,0,Safe
403,586,1725,0,1,1,1,2,1,2,0,3,0,0,1,1,Configuration
200,227,1888,0,1,0,0,0,1,13,1,3,3,1,0,0,Input Validation
500,565,2939,7,2,1,0,3,1,7,2,4,3,1,0,1,Authentication
200,213,1537,0,1,0,0,0,1,1,1,3,3,0,0,0,Input Validation
200,216,1000,0,1,0,0,0,1,0,0,4,4,0,0,0,Safe
200,1006,2838,2,0,2,0,0,1,1,2,2,4,1,1,0,Authentication
200,218,1135,0,1,0,0,0,1,1,1,3,3,0,0,0,Input Validation
200,205,1279,0,1,0,0,0,1,1,1,3,3,0,0,0,Input Validation
400,217,8901,3,0,0,4,1,0,0,1,5,3,1,1,1,Configuration
200,224,1000,0,1,0,0,0,1,0,0,4,4,0,0,0,Input Validation
200,224,1741,0,1,0,0,0,1,13,1,3,3,1,0,0,Authorization
200,199,1099,0,1,0,0,0,1,1,1,3,3,0,0,0,Authorization
200,196,1000,0,1,0,0,0,1,0,0,3,3,0,0,0,Safe
200,326,1000,0,1,0,0,0,1,5,0,3,3,1,0,0,Safe
200,229,1891,0,1,0,0,0,1,13,1,3,3,1,0,0,Safe
200,153,2845,3,4,1,4,1,0,6,1,9,1,0,1,0,Session
200,202,1000,0,1,0,0,0,1,0,0,2,2,0,0,0,Information
200,282,1000,0,1,0,0,0,1,3,0,3,3,0,0,0,Safe
200,238,1000,0,1,0,0,0,1,0,0,4,4,0,0,0,Input Validation
200,388,1000,0,1,0,0,0,1,3,0,3,3,0,0,0,Input Validation
200,208,1372,0,1,0,0,0,1,5,1,3,3,0,0,0,Input Validation
200,722,1000,0,1,0,0,0,1,13,0,3,3,1,0,0,Input Validation
200,224,1000,0,1,0,0,0,1,0,0,4,4,0,0,0,Information
200,352,1000,0,1,0,0,0,1,1,0,3,3,0,0,0,Input Validation
200,418,1000,0,1,0,0,0,1,5,0,3,3,1,0,0,Input Validation
200,225,1825,0,1,0,0,0,1,13,1,3,3,1,0,0,Safe
200,226,1846,0,1,0,0,0,1,13,1,3,3,1,0,0,Input Validation
200,216,1000,0,1,0,0,0,1,0,0,4,4,0,0,0,Safe
200,242,1000,0,1,0,0,0,1,0,0,5,5,0,0,0,Information
302,110,6877,2,2,0,4,1,1,1,0,6,4,1,0,0,Authentication
200,214,1300,0,1,0,0,0,1,5,1,3,3,1,0,0,Input Validation
200,227,1837,0,1,0,0,0,1,13,1,3,3,1,0,0,Safe
200,229,1876,0,1,0,0,0,1,13,1,3,3,1,0,0,Input Validation
200,201,1168,0,1,0,0,0,1,1,1,3,3,0,0,0,Input Validation
200,500,1000,0,1,0,0,0,1,5,0,3,3,1,0,0,Input Validation
200,242,1000,0,1,0,0,0,1,0,0,5,5,0,0,0,Input Validation
200,348,1000,0,1,0,0,0,1,5,0,3,3,0,0,0,Safe
200,354,1000,0,1,0,0,0,1,1,0,3,3,0,0,0,Input Validation
200,468,1000,0,1,0,0,0,1,5,0,3,3,0,0,0,Input Validation
200,1392,2932,0,2,2,5,2,1,6,0,5,3,1,1,1,Authentication
200,706,1000,0,1,0,0,0,1,13,0,3,3,1,0,0,Safe
302,414,6909,5,2,2,2,2,1,3,0,2,1,1,0,0,Authentication
400,1428,3755,2,2,0,4,1,0,4,2,6,1,1,0,0,Session
200,186,1000,0,1,0,0,0,1,0,0,1,1,0,0,0,Input Validation
200,227,1879,0,1,0,0,0,1,13,1,3,3,1,0,0,Input Validation
403,1073,5772,2,4,1,5,2,1,0,2,9,4,1,0,0,Session
200,226,1849,0,1,0,0,0,1,13,1,3,3,1,0,0,Input Validation
200,214,1000,0,1,0,0,0,1,0,0,4,4,0,0,0,Safe
200,336,1000,0,1,0,0,0,1,1,0,3,3,0,0,0,Input Validation
500,1152,4857,0,3,0,2,3,1,5,0,1,0,0,1,0,Header
200,206,1000,0,1,0,0,0,1,0,0,4,4,0,0,0,Information
200,178,1000,0,1,0,0,0,1,0,0,1,1,0,0,0,Safe
200,196,1000,0,1,0,0,0,1,0,0,3,3,0,0,0,Input Validation
200,892,1000,0,1,0,0,0,1,13,0,3,3,1,0,0,Input Validation
200,204,1000,0,1,0,0,0,1,0,0,3,3,0,0,0,Information
200,214,1012,0,1,0,0,0,1,1,1,3,3,0,0,0,Authorization
200,188,1000,0,1,0,0,0,1,0,0,3,3,0,0,0,Safe
200,232,1000,0,1,0,0,0,1,1,0,3,3,0,0,0,Safe
200,830,462,0,0,0,1,3,0,2,1,7,4,0,0,1,Configuration
200,230,1981,0,1,0,0,0,1,13,1,3,3,1,0,0,Input Validation
302,1890,506,1,1,1,4,1,1,5,1,2,1,1,0,0,Header
200,224,1807,0,1,0,0,0,1,13,1,3,3,1,0,0,Safe
200,210,1183,0,1,0,0,0,1,5,1,3,3,1,0,0,Safe
200,1022,1000,0,1,0,0,0,1,13,0,3,3,1,0,0,Input Validation
200,310,1000,0,1,0,0,0,1,1,0,3,3,0,0,0,Input Validation
200,216,1000,0,1,0,0,0,1,0,0,4,4,0,0,0,Safe
200,226,1789,0,1,0,0,0,1,13,1,3,3,1,0,0,Safe
200,209,1171,0,1,0,0,0,1,5,1,3,3,1,0,0,Authorization
200,227,1888,0,1,0,0,0,1,13,1,3,3,1,0,0,Input Validation
200,202,1264,0,1,0,0,0,1,3,1,3,3,0,0,0,Input Validation
200,606,1000,0,1,0,0,0,1,3,0,3,3,0,0,0,Input Validation
200,232,1000,0,1,0,0,0,1,0,0,4,4,0,0,0,Information
200,210,1000,0,1,0,0,0,1,0,0,3,3,0,0,0,Information
200,202,1000,0,1,0,0,0,1,0,0,3,3,0,0,0,Safe
200,188,1000,0,1,0,0,0,1,0,0,3,3,0,0,0,Safe
200,202,1252,0,1,0,0,0,1,3,1,3,3,0,0,0,Input Validation
200,222,1000,0,1,0,0,0,1,0,0,4,4,0,0,0,Information
403,1278,7326,6,3,1,3,1,1,7,1,9,3,0,0,0,Session
200,202,1000,0,1,0,0,0,1,0,0,3,3,0,0,0,Input Validation
200,226,4480,3,2,1,1,3,1,4,0,7,0,1,0,0,Configuration
200,516,1000,0,1,0,0,0,1,5,0,3,3,0,0,0,Input Validation
200,214,1012,0,1,0,0,0,1,1,1,3,3,0,0,0,Authorization
200,204,1324,0,1,0,0,0,1,3,1,3,3,0,0,0,Input Validation
302,440,4530,2,2,0,2,1,0,6,0,2,3,0,0,1,Configuration
200,206,1000,0,1,0,0,0,1,0,0,2,2,0,0,0,Input Validation
403,562,675,3,3,0,2,4,0,4,0,1,0,1,1,1,Configuration
200,1922,7206,0,2,1,0,2,0,3,2,8,1,0,1,1,Header
200,816,1000,0,1,0,0,0,1,13,0,3,3,1,0,0,Input Validation
200,232,1000,0,1,0,0,0,1,0,0,3,3,0,0,0,Information
500,241,2152,0,0,0,4,2,0,5,0,5,0,0,1,1,Header
200,234,1000,0,1,0,0,0,1,0,0,4,4,0,0,0,Information
200,190,1000,0,1,0,0,0,1,0,0,1,1,0,0,0,Information
200,196,1000,0,1,0,0,0,1,0,0,3,3,0,0,0,Information
200,1237,182,1,1,0,4,1,1,7,1,6,0,1,1,0,Header
302,1492,1879,0,0,2,0,3,0,6,0,9,2,1,0,1,Header
200,360,1000,0,1,0,0,0,1,3,0,3,3,0,0,0,Input Validation
200,223,1771,0,1,0,0,0,1,13,1,3,3,1,0,0,Safe
400,670,902,1,0,0,3,3,1,2,1,7,0,0,0,0,Header
200,204,1000,0,1,0,0,0,1,0,0,3,3,0,0,0,Information
200,714,1000,0,1,0,0,0,1,13,0,3,3,1,0,0,Safe
200,334,1000,0,1,0,0,0,1,5,0,3,3,1,0,0,Safe
400,1838,7474,0,0,2,1,3,1,0,1,9,0,0,0,1,Header
200,203,1225,0,1,0,0,0,1,5,1,3,3,0,0,0,Authorization
200,188,1000,0,1,0,0,0,1,0,0,3,3,0,0,0,Safe
302,345,9610,7,1,2,4,0,1,6,2,1,0,1,0,0,Authentication
200,224,1729,0,1,0,0,0,1,13,1,3,3,1,0,0,Safe
302,914,6128,6,2,0,3,4,1,4,0,4,3,1,1,0,Authentication
200,231,1522,0,1,0,0,0,1,1,1,3,3,0,0,0,Input Validation
200,390,1000,0,1,0,0,0,1,1,0,3,3,0,0,0,Input Validation
200,198,1000,0,1,0,0,0,1,0,0,1,1,0,0,0,Input Validation
200,198,1000,0,1,0,0,0,1,0,0,3,3,0,0,0,Safe
200,198,1000,0,1,0,0,0,1,0,0,3,3,0,0,0,Safe
200,294,1000,0,1,0,0,0,1,1,0,3,3,0,0,0,Input Validation
200,188,1000,0,1,0,0,0,1,0,0,3,3,0,0,0,Safe
200,364,1000,0,1,0,0,0,1,1,0,3,3,0,0,0,Input Validation
200,322,1000,0,1,0,0,0,1,5,0,3,3,1,0,0,Safe
403,1777,6142,5,2,0,0,0,1,3,0,3,4,1,1,0,Authentication
200,184,1000,0,1,0,0,0,1,0,0,2,2,0,0,0,Information
200,282,1000,0,1,0,0,0,1,3,0,3,3,0,0,0,Safe
400,392,1046,2,3,1,4,2,1,0,0,5,3,0,0,1,Session
200,816,1000,0,1,0,0,0,1,13,0,3,3,1,0,0,Input Validation
200,225,1810,0,1,0,0,0,1,13,1,3,3,1,0,0,Authorization
500,926,9140,0,0,1,2,4,0,3,1,6,3,1,0,1,Header
200,219,1174,0,1,0,0,0,1,1,1,3,3,0,0,0,Input Validation
200,352,1000,0,1,0,0,0,1,3,0,3,3,0,0,0,Input Validation
200,182,1000,0,1,0,0,0,1,0,0,2,2,0,0,0,Information
403,899,4133,3,2,0,3,1,0,2,2,8,3,0,0,1,Session
200,228,1843,0,1,0,0,0,1,13,1,3,3,1,0,0,Input Validation
400,775,6440,0,1,1,3,0,0,3,1,7,2,1,1,0,Header
200,264,1000,0,1,0,0,0,1,1,0,3,3,0,0,0,Safe
200,1967,1975,2,0,1,0,3,0,5,1,5,4,1,1,1,Configuration
200,858,1000,0,1,0,0,0,1,13,0,3,3,1,0,0,Input Validation
200,188,1000,0,1,0,0,0,1,0,0,2,2,0,0,0,Information
200,199,1099,0,1,0,0,0,1,1,1,3,3,0,0,0,Authorization
200,197,1117,0,1,0,0,0,1,3,1,3,3,0,0,0,Safe
200,200,1000,0,1,0,0,0,1,0,0,3,3,0,0,0,Safe
200,198,1138,0,1,0,0,0,1,3,1,3,3,0,0,0,Safe
200,224,1000,0,1,0,0,0,1,0,0,4,4,0,0,0,Information
200,308,1000,0,1,0,0,0,1,1,0,3,3,0,0,0,Input Validation
403,1481,767,4,3,1,3,3,1,7,1,2,3,1,0,0,Authentication
200,180,1000,0,1,0,0,0,1,0,0,2,2,0,0,0,Safe
200,202,1252,0,1,0,0,0,1,3,1,3,3,0,0,0,Input Validation
200,197,1114,0,1,0,0,0,1,3,1,3,3,0,0,0,Authorization
302,1444,5167,1,0,2,1,4,0,7,0,8,3,1,0,0,Header
200,199,1099,0,1,0,0,0,1,1,1,3,3,0,0,0,Authorization
200,192,1000,0,1,0,0,0,1,0,0,3,3,0,0,0,Safe
200,204,1249,0,1,0,0,0,1,1,1,3,3,0,0,0,Input Validation
200,202,1201,0,1,0,0,0,1,5,1,3,3,0,0,0,Safe
500,1216,8285,2,1,2,5,0,0,7,0,5,0,0,1,1,Header
200,750,1000,0,1,0,0,0,1,13,0,3,3,1,0,0,Input Validation
200,372,1000,0,1,0,0,0,1,3,0,3,3,0,0,0,Input Validation
200,186,1000,0,1,0,0,0,1,0,0,3,3,0,0,0,Information
200,188,1000,0,1,0,0,0,1,0,0,3,3,0,0,0,Safe
200,198,1000,0,1,0,0,0,1,0,0,3,3,0,0,0,Safe
200,150,1000,0,1,0,0,0,1,0,0,0,0,0,0,0,Information
200,199,1099,0,1,0,0,0,1,1,1,3,3,0,0,0,Authorization
200,678,1000,0,1,0,0,0,1,13,0,3,3,1,0,0,Safe
200,444,1000,0,1,0,0,0,1,5,0,3,3,0,0,0,Input Validation
200,216,1000,0,1,0,0,0,1,0,0,3,3,0,0,0,Information
302,532,1112,2,1,1,0,3,0,6,2,4,1,1,0,0,Header
200,197,1051,0,1,0,0,0,1,1,1,3,3,0,0,0,Safe
200,178,1000,0,1,0,0,0,1,0,0,1,1,0,0,0,Input Validation
400,804,893,2,2,0,3,2,1,1,1,6,1,1,0,1,Authentication
302,66,5488,0,1,0,2,1,0,6,0,1,0,1,0,0,Header
200,222,1000,0,1,0,0,0,1,0,0,5,5,0,0,0,Input Validation
200,204,1000,0,1,0,0,0,1,0,0,3,3,0,0,0,Input Validation
200,270,1000,0,1,0,0,0,1,3,0,3,3,0,0,0,Safe
200,202,1000,0,1,0,0,0,1,0,0,3,3,0,0,0,Information
200,202,1201,0,1,0,0,0,1,1,1,3,3,0,0,0,Input Validation
200,200,1000,0,1,0,0,0,1,0,0,3,3,0,0,0,Safe
200,188,1000,0,1,0,0,0,1,0,0,3,3,0,0,0,Safe
200,804,1000,0,1,0,0,0,1,13,0,3,3,1,0,0,Input Validation
400,520,4591,0,0,0,5,0,1,4,2,4,1,1,1,1,Configuration
200,296,1000,0,1,0,0,0,1,1,0,3,3,0,0,0,Input Validation
200,312,1000,0,1,0,0,0,1,1,0,3,3,0,0,0,Input Validation
200,234,1000,0,1,0,0,0,1,1,0,3,3,0,0,0,Safe
200,229,1942,0,1,0,0,0,1,13,1,3,3,1,0,0,Input Validation
200,186,1000,0,1,0,0,0,1,0,0,1,1,0,0,0,Information
200,232,1000,0,1,0,0,0,1,1,0,3,3,0,0,0,Safe
403,820,3255,5,4,0,1,4,1,2,1,8,1,0,0,1,Session
200,804,1000,0,1,0,0,0,1,13,0,3,3,1,0,0,Input Validation
200,184,1000,0,1,0,0,0,1,0,0,2,2,0,0,0,Input Validation
400,920,4863,1,0,1,2,3,1,5,2,5,2,1,1,1,Header
500,375,9433,3,2,0,3,0,1,6,0,6,4,1,0,0,Authentication
200,240,1000,0,1,0,0,0,1,0,0,4,4,0,0,0,Input Validation
302,1506,1091,0,3,2,2,1,0,2,0,5,4,1,0,0,Header
200,202,1201,0,1,0,0,0,1,5,1,3,3,0,0,0,Authorization
200,718,1000,0,1,0,0,0,1,13,0,3,3,1,0,0,Safe
200,176,1000,0,1,0,0,0,1,0,0,2,2,0,0,0,Input Validation
200,228,1861,0,1,0,0,0,1,13,1,3,3,1,0,0,Input Validation
200,198,1000,0,1,0,0,0,1,0,0,3,3,0,0,0,Safe
200,296,1000,0,1,0,0,0,1,1,0,3,3,0,0,0,Input Validation
200,230,1924,0,1,0,0,0,1,13,1,3,3,1,0,0,Input Validation
200,212,1000,0,1,0,0,0,1,0,0,3,3,0,0,0,Input Validation
200,804,1000,0,1,0,0,0,1,13,0,3,3,1,0,0,Input Validation
302,804,1494,3,1,0,3,2,0,1,0,1,2,1,1,1,Configuration
200,214,1000,0,1,0,0,0,1,0,0,2,2,0,0,0,Information
200,210,1444,0,1,0,0,0,1,5,1,3,3,0,0,0,Input Validation
200,210,1186,0,1,0,0,0,1,5,1,3,3,1,0,0,Safe
200,168,1000,0,1,0,0,0,1,0,0,2,2,0,0,0,Input Validation
200,196,1000,0,1,0,0,0,1,0,0,3,3,0,0,0,Information
200,214,1012,0,1,0,0,0,1,1,1,3,3,0,0,0,Authorization
200,225,1810,0,1,0,0,0,1,13,1,3,3,1,0,0,Safe
200,150,1000,0,1,0,0,0,1,0,0,0,0,0,0,0,Information
200,216,1000,0,1,0,0,0,1,0,0,4,4,0,0,0,Safe
200,214,1012,0,1,0,0,0,1,1,1,3,3,0,0,0,Safe
200,856,1000,0,1,0,0,0,1,13,0,3,3,1,0,0,Safe
200,218,1144,0,1,0,0,0,1,1,1,3,3,0,0,0,Input Validation
200,390,1000,0,1,0,0,0,1,5,0,3,3,0,0,0,Input Validation
200,1922,7206,0,2,1,0,2,0,3,2,8,1,0,1,1,Header
200,222,1669,0,1,0,0,0,1,13,1,3,3,1,0,0,Safe
200,212,1000,0,1,0,0,0,1,0,0,3,3,0,0,0,Safe
200,224,1783,0,1,0,0,0,1,13,1,3,3,1,0,0,Safe
200,204,1000,0,1,0,0,0,1,0,0,3,3,0,0,0,Input Validation
200,196,1000,0,1,0,0,0,1,0,0,3,3,0,0,0,Safe
200,308,1000,0,1,0,0,0,1,3,0,3,3,0,0,0,Input Validation
200,190,1000,0,1,0,0,0,1,0,0,1,1,0,0,0,Information
200,364,1000,0,1,0,0,0,1,3,0,3,3,0,0,0,Input Validation
500,872,2100,4,2,0,5,2,1,6,0,5,4,1,1,0,Authentication
200,202,1000,0,1,0,0,0,1,0,0,3,3,0,0,0,Input Validation
200,573,2493,5,1,0,5,1,1,2,0,9,0,1,0,1,Authentication
200,282,1000,0,1,0,0,0,1,3,0,3,3,0,0,0,Safe
200,432,1000,0,1,0,0,0,1,1,0,3,3,0,0,0,Input Validation
200,213,1597,0,1,0,0,0,1,3,1,3,3,0,0,0,Input Validation
200,202,1252,0,1,0,0,0,1,3,1,3,3,0,0,0,Input Validation
200,188,1000,0,1,0,0,0,1,0,0,3,3,0,0,0,Safe
200,212,1000,0,1,0,0,0,1,0,0,3,3,0,0,0,Safe
200,188,1000,0,1,0,0,0,1,0,0,2,2,0,0,0,Information
200,334,1000,0,1,0,0,0,1,5,0,3,3,0,0,0,Safe
200,182,1000,0,1,0,0,0,1,0,0,2,2,0,0,0,Information
400,1447,1595,0,3,0,5,0,1,3,1,7,1,1,0,0,Authentication
200,238,1000,0,1,0,0,0,1,0,0,4,4,0,0,0,Information
200,776,1000,0,1,0,0,0,1,13,0,3,3,1,0,0,Input Validation
200,242,1000,0,1,0,0,0,1,0,0,5,5,0,0,0,Safe
302,1444,5167,1,0,2,1,4,0,7,0,8,3,1,0,0,Header
200,207,1357,0,1,0,0,0,1,1,1,3,3,0,0,0,Safe
200,203,1225,0,1,0,0,0,1,5,1,3,3,0,0,0,Safe
200,201,1165,0,1,0,0,0,1,1,1,3,3,0,0,0,Input Validation
200,196,1000,0,1,0,0,0,1,0,0,3,3,0,0,0,Safe
200,224,1735,0,1,0,0,0,1,13,1,3,3,1,0,0,Safe
200,197,1051,0,1,0,0,0,1,1,1,3,3,0,0,0,Authorization
200,196,1000,0,1,0,0,0,1,0,0,3,3,0,0,0,Safe
200,178,1000,0,1,0,0,0,1,0,0,2,2,0,0,0,Safe
200,229,1891,0,1,0,0,0,1,13,1,3,3,1,0,0,Input Validation
200,282,1000,0,1,0,0,0,1,1,0,3,3,0,0,0,Input Validation
200,182,1000,0,1,0,0,0,1,0,0,2,2,0,0,0,Information
200,230,1906,0,1,0,0,0,1,13,1,3,3,1,0,0,Input Validation
400,1703,2880,6,1,2,0,0,0,5,0,5,2,0,0,0,Session
200,228,1918,0,1,0,0,0,1,13,1,3,3,1,0,0,Input Validation
200,228,1915,0,1,0,0,0,1,13,1,3,3,1,0,0,Input Validation
200,242,1000,0,1,0,0,0,1,0,0,4,4,0,0,0,Information
200,400,1000,0,1,0,0,0,1,5,0,3,3,1,0,0,Input Validation
400,1759,3733,1,2,2,4,3,0,7,1,3,3,1,0,0,Configuration
200,198,1126,0,1,0,0,0,1,3,1,3,3,0,0,0,Authorization
200,184,1000,0,1,0,0,0,1,0,0,2,2,0,0,0,Information
403,1614,1318,2,1,1,0,0,0,2,2,2,3,0,1,1,Configuration
200,810,1000,0,1,0,0,0,1,13,0,3,3,1,0,0,Input Validation
200,192,1000,0,1,0,0,0,1,0,0,3,3,0,0,0,Safe
200,372,1000,0,1,0,0,0,1,1,0,3,3,0,0,0,Input Validation
200,190,1000,0,1,0,0,0,1,0,0,1,1,0,0,0,Input Validation
200,241,2230,0,1,0,0,0,1,13,1,3,3,1,0,0,Input Validation
200,728,1000,0,1,0,0,0,1,13,0,3,3,1,0,0,Safe
302,90,3199,6,0,1,0,4,1,3,1,3,0,1,0,0,Authentication
200,198,1000,0,1,0,0,0,1,0,0,3,3,0,0,0,Safe
200,196,1000,0,1,0,0,0,1,0,0,3,3,0,0,0,Information
200,214,1012,0,1,0,0,0,1,1,1,3,3,0,0,0,Authorization
200,204,1000,0,1,0,0,0,1,0,0,3,3,0,0,0,Information
200,216,1000,0,1,0,0,0,1,0,0,4,4,0,0,0,Safe
302,532,1112,2,1,1,0,3,0,6,2,4,1,1,0,0,Header
200,224,1000,0,1,0,0,0,1,1,0,3,3,0,0,0,Safe
200,150,1000,0,1,0,0,0,1,0,0,0,0,0,0,0,Information
403,586,1725,0,1,1,1,2,1,2,0,3,0,0,1,1,Configuration
200,214,1012,0,1,0,0,0,1,1,1,3,3,0,0,0,Authorization
403,1513,1088,3,2,0,2,3,1,2,0,5,2,0,0,1,Configuration
200,232,1000,0,1,0,0,0,1,1,0,3,3,0,0,0,Safe
200,420,1000,0,1,0,0,0,1,3,0,3,3,0,0,0,Input Validation
200,214,1012,0,1,0,0,0,1,1,1,3,3,0,0,0,Safe
200,217,1393,0,1,0,0,0,1,5,1,3,3,1,0,0,Input Validation
200,203,1216,0,1,0,0,0,1,1,1,3,3,0,0,0,Input Validation
200,1392,2932,0,2,2,5,2,1,6,0,5,3,1,1,1,Authentication
200,204,1000,0,1,0,0,0,1,0,0,3,3,0,0,0,Input Validation
200,224,1000,0,1,0,0,0,1,0,0,5,5,0,0,0,Safe
200,198,1000,0,1,0,0,0,1,0,0,3,3,0,0,0,Safe
200,220,1207,0,1,0,0,0,1,1,1,3,3,0,0,0,Input Validation
200,832,1000,0,1,0,0,0,1,13,0,3,3,1,0,0,Input Validation
200,244,1000,0,1,0,0,0,1,0,0,4,4,0,0,0,Information
400,426,9356,1,1,0,0,4,0,6,2,1,0,1,0,0,Header
200,196,1000,0,1,0,0,0,1,0,0,3,3,0,0,0,Safe
200,216,1000,0,1,0,0,0,1,0,0,4,4,0,0,0,Safe
200,202,1189,0,1,0,0,0,1,1,1,3,3,0,0,0,Input Validation
200,348,1000,0,1,0,0,0,1,5,0,3,3,0,0,0,Safe
400,520,4591,0,0,0,5,0,1,4,2,4,1,1,1,1,Configuration
200,282,1000,0,1,0,0,0,1,3,0,3,3,0,0,0,Safe
200,190,1000,0,1,0,0,0,1,0,0,1,1,0,0,0,Information
403,562,675,3,3,0,2,4,0,4,0,1,0,1,1,1,Configuration
200,204,1000,0,1,0,0,0,1,0,0,3,3,0,0,0,Information
200,734,1000,0,1,0,0,0,1,13,0,3,3,1,0,0,Safe
200,199,1099,0,1,0,0,0,1,1,1,3,3,0,0,0,Authorization
200,188,1000,0,1,0,0,0,1,0,0,3,3,0,0,0,Safe
302,498,2048,2,1,2,4,0,1,4,2,1,4,1,0,0,Header
200,188,1000,0,1,0,0,0,1,0,0,2,2,0,0,0,Information
500,1524,4047,4,1,1,3,0,1,7,2,2,2,0,1,0,Session
403,1073,5772,2,4,1,5,2,1,0,2,9,4,1,0,0,Session
200,188,1000,0,1,0,0,0,1,0,0,3,3,0,0,0,Safe
200,208,1369,0,1,0,0,0,1,5,1,3,3,0,0,0,Input Validation
200,222,1738,0,1,0,0,0,1,13,1,3,3,1,0,0,Authorization
200,216,1000,0,1,0,0,0,1,0,0,4,4,0,0,0,Safe
200,332,1000,0,1,0,0,0,1,3,0,3,3,0,0,0,Input Validation
500,1216,8285,2,1,2,5,0,0,7,0,5,0,0,1,1,Header
200,424,1000,0,1,0,0,0,1,3,0,3,3,0,0,0,Safe
200,202,1000,0,1,0,0,0,1,0,0,3,3,0,0,0,Safe
200,221,1696,0,1,0,0,0,1,13,1,3,3,1,0,0,Safe
200,824,1000,0,1,0,0,0,1,13,0,3,3,1,0,0,Input Validation
400,130,2280,4,3,1,0,1,1,3,0,2,4,1,0,1,Authentication
403,1324,1056,2,1,1,1,0,0,4,1,1,2,1,0,0,Configuration
200,336,1000,0,1,0,0,0,1,1,0,3,3,0,0,0,Input Validation
200,202,1189,0,1,0,0,0,1,1,1,3,3,0,0,0,Input Validation
400,513,370,2,3,0,4,3,1,6,1,7,1,1,1,0,Header
200,182,1000,0,1,0,0,0,1,0,0,3,3,0,0,0,Input Validation
200,223,1750,0,1,0,0,0,1,13,1,3,3,1,0,0,Safe
500,1524,4047,4,1,1,3,0,1,7,2,2,2,0,1,0,Session
200,223,1759,0,1,0,0,0,1,13,1,3,3,1,0,0,Authorization
200,210,1186,0,1,0,0,0,1,5,1,3,3,1,0,0,Safe
200,186,1000,0,1,0,0,0,1,0,0,1,1,0,0,0,Information
200,272,1000,0,1,0,0,0,1,3,0,3,3,0,0,0,Safe
200,206,1321,0,1,0,0,0,1,1,1,3,3,0,0,0,Input Validation
200,200,1000,0,1,0,0,0,1,0,0,3,3,0,0,0,Safe
200,198,1132,0,1,0,0,0,1,3,1,3,3,0,0,0,Safe
200,354,1000,0,1,0,0,0,1,3,0,3,3,0,0,0,Input Validation
200,205,1273,0,1,0,0,0,1,1,1,3,3,0,0,0,Input Validation
200,215,1354,0,1,0,0,0,1,5,1,3,3,1,0,0,Input Validation
200,233,2050,0,1,0,0,0,1,13,1,3,3,1,0,0,Input Validation
403,210,5799,0,1,0,3,2,1,7,0,3,4,1,1,1,Authentication
200,150,1000,0,1,0,0,0,1,0,0,0,0,0,0,0,Input Validation
200,782,1000,0,1,0,0,0,1,13,0,3,3,1,0,0,Input Validation
200,232,1000,0,1,0,0,0,1,1,0,3,3,0,0,0,Safe
200,225,1768,0,1,0,0,0,1,13,1,3,3,1,0,0,Safe
200,202,1201,0,1,0,0,0,1,1,1,3,3,0,0,0,Input Validation
500,926,9140,0,0,1,2,4,0,3,1,6,3,1,0,1,Header
200,370,1000,0,1,0,0,0,1,1,0,3,3,0,0,0,Input Validation
500,744,406,0,1,1,1,2,1,4,0,3,3,1,0,0,Configuration
200,1274,9439,2,1,0,2,3,1,2,2,3,2,1,1,0,Authentication
200,770,1000,0,1,0,0,0,1,13,0,3,3,1,0,0,Safe
400,543,2151,3,1,0,4,1,0,4,2,6,1,1,0,1,Configuration
200,324,1000,0,1,0,0,0,1,5,0,3,3,1,0,0,Safe
200,182,1000,0,1,0,0,0,1,0,0,2,2,0,0,0,Information
200,212,1246,0,1,0,0,0,1,5,1,3,3,1,0,0,Input Validation
200,196,1000,0,1,0,0,0,1,0,0,3,3,0,0,0,Safe
200,372,1000,0,1,0,0,0,1,1,0,3,3,0,0,0,Input Validation
200,196,1000,0,1,0,0,0,1,0,0,3,3,0,0,0,Information
200,166,1000,0,1,0,0,0,1,0,0,1,1,0,0,0,Information
200,440,1000,0,1,0,0,0,1,3,0,3,3,0,0,0,Input Validation
200,234,1000,0,1,0,0,0,1,1,0,3,3,0,0,0,Safe
200,205,1339,0,1,0,0,0,1,3,1,3,3,0,0,0,Input Validation
200,188,1000,0,1,0,0,0,1,0,0,3,3,0,0,0,Safe
200,214,1012,0,1,0,0,0,1,1,1,3,3,0,0,0,Safe
200,200,1000,0,1,0,0,0,1,0,0,3,3,0,0,0,Safe
200,848,1000,0,1,0,0,0,1,13,0,3,3,1,0,0,Input Validation
500,104,8138,0,3,1,1,2,1,1,0,7,3,1,1,0,Configuration
200,227,1822,0,1,0,0,0,1,13,1,3,3,1,0,0,Authorization
200,199,1102,0,1,0,0,0,1,1,1,3,3,0,0,0,Safe
200,1026,3822,0,1,1,0,0,1,7,2,9,2,0,0,1,Header
200,166,1000,0,1,0,0,0,1,0,0,1,1,0,0,0,Input Validation
200,266,1000,0,1,0,0,0,1,1,0,3,3,0,0,0,Safe
200,216,1000,0,1,0,0,0,1,0,0,4,4,0,0,0,Safe
200,197,1114,0,1,0,0,0,1,3,1,3,3,0,0,0,Authorization
200,180,1000,0,1,0,0,0,1,0,0,2,2,0,0,0,Input Validation
200,182,1000,0,1,0,0,0,1,0,0,2,2,0,0,0,Input Validation
200,204,1000,0,1,0,0,0,1,0,0,3,3,0,0,0,Input Validation
200,227,1834,0,1,0,0,0,1,13,1,3,3,1,0,0,Safe
200,198,1000,0,1,0,0,0,1,0,0,3,3,0,0,0,Safe
200,166,1000,0,1,0,0,0,1,0,0,1,1,0,0,0,Information
200,298,1000,0,1,0,0,0,1,1,0,3,3,0,0,0,Input Validation
200,222,1000,0,1,0,0,0,1,0,0,3,3,0,0,0,Information
200,278,1000,0,1,0,0,0,1,3,0,3,3,0,0,0,Safe
200,430,1000,0,1,0,0,0,1,3,0,3,3,0,0,0,Input Validation
302,1012,1927,5,3,1,0,0,0,1,2,2,1,0,1,1,Input Validation
200,192,1000,0,1,0,0,0,1,0,0,3,3,0,0,0,Safe
200,204,1255,0,1,0,0,0,1,1,1,3,3,0,0,0,Safe
200,196,1000,0,1,0,0,0,1,0,0,3,3,0,0,0,Safe
200,150,1000,0,1,0,0,0,1,0,0,0,0,0,0,0,Information
200,216,1000,0,1,0,0,0,1,0,0,4,4,0,0,0,Safe
200,199,1102,0,1,0,0,0,1,1,1,3,3,0,0,0,Safe
200,216,1000,0,1,0,0,0,1,0,0,4,4,0,0,0,Safe
200,830,1000,0,1,0,0,0,1,13,0,3,3,1,0,0,Input Validation
200,203,1231,0,1,0,0,0,1,1,1,3,3,0,0,0,Input Validation
200,222,1264,0,1,0,0,0,1,1,1,3,3,0,0,0,Safe
200,196,1000,0,1,0,0,0,1,0,0,3,3,0,0,0,Safe
200,1912,2668,7,0,2,2,2,1,7,2,3,0,1,0,1,Authentication
200,204,1000,0,1,0,0,0,1,0,0,3,3,0,0,0,Information
200,754,1000,0,1,0,0,0,1,13,0,3,3,1,0,0,Input Validation
200,264,1000,0,1,0,0,0,1,1,0,3,3,0,0,0,Safe
200,239,2236,0,1,0,0,0,1,13,1,3,3,1,0,0,Input Validation
200,222,1744,0,1,0,0,0,1,13,1,3,3,1,0,0,Authorization
200,392,1000,0,1,0,0,0,1,1,0,3,3,0,0,0,Input Validation
200,202,1201,0,1,0,0,0,1,5,1,3,3,0,0,0,Authorization
200,150,1000,0,1,0,0,0,1,0,0,0,0,0,0,0,Information
200,214,1000,0,1,0,0,0,1,0,0,2,2,0,0,0,Information
200,225,1831,0,1,0,0,0,1,13,1,3,3,1,0,0,Safe
200,446,1000,0,1,0,0,0,1,5,0,3,3,0,0,0,Input Validation
200,764,1000,0,1,0,0,0,1,13,0,3,3,1,0,0,Input Validation
200,211,1231,0,1,0,0,0,1,5,1,3,3,1,0,0,Input Validation
200,478,1000,0,1,0,0,0,1,5,0,3,3,0,0,0,Input Validation
200,220,1201,0,1,0,0,0,1,1,1,3,3,0,0,0,Input Validation
200,209,1177,0,1,0,0,0,1,5,1,3,3,1,0,0,Safe
200,202,1204,0,1,0,0,0,1,5,1,3,3,0,0,0,Authorization
302,162,9132,2,1,2,4,4,0,3,2,9,3,1,0,1,Header
200,218,1141,0,1,0,0,0,1,1,1,3,3,0,0,0,Input Validation
200,314,1000,0,1,0,0,0,1,1,0,3,3,0,0,0,Input Validation
500,1280,452,3,3,0,5,4,0,1,0,8,3,0,1,1,Configuration
200,199,1090,0,1,0,0,0,1,1,1,3,3,0,0,0,Input Validation
302,1538,6168,5,1,1,3,2,0,6,2,4,4,0,1,0,Session
200,228,1918,0,1,0,0,0,1,13,1,3,3,1,0,0,Input Validation
403,894,2126,2,0,1,1,1,1,6,1,2,4,1,1,1,Authentication
302,914,6128,6,2,0,3,4,1,4,0,4,3,1,1,0,Authentication
200,242,1000,0,1,0,0,0,1,1,0,3,3,0,0,0,Safe
200,198,1129,0,1,0,0,0,1,3,1,3,3,0,0,0,Safe
200,212,1000,0,1,0,0,0,1,0,0,3,3,0,0,0,Safe
500,126,4254,6,1,0,4,3,0,4,0,1,4,1,0,1,Session
200,150,1000,0,1,0,0,0,1,0,0,0,0,0,0,0,Information
200,310,1000,0,1,0,0,0,1,1,0,3,3,0,0,0,Input Validation
200,223,1771,0,1,0,0,0,1,13,1,3,3,1,0,0,Authorization
200,188,1000,0,1,0,0,0,1,0,0,3,3,0,0,0,Safe
200,206,1000,0,1,0,0,0,1,0,0,4,4,0,0,0,Input Validation
200,180,1000,0,1,0,0,0,1,0,0,2,2,0,0,0,Input Validation
200,230,1000,0,1,0,0,0,1,0,0,3,3,0,0,0,Information
200,266,1000,0,1,0,0,0,1,1,0,3,3,0,0,0,Safe
200,227,1873,0,1,0,0,0,1,13,1,3,3,1,0,0,Input Validation
200,228,1909,0,1,0,0,0,1,13,1,3,3,1,0,0,Input Validation
200,184,1000,0,1,0,0,0,1,0,0,2,2,0,0,0,Input Validation
500,194,1173,1,2,0,5,1,1,5,0,4,2,1,1,1,Header
200,186,1000,0,1,0,0,0,1,0,0,1,1,0,0,0,Information
403,1073,5772,2,4,1,5,2,1,0,2,9,4,1,0,0,Session
200,194,1000,0,1,0,0,0,1,0,0,3,3,0,0,0,Safe
200,834,1000,0,1,0,0,0,1,13,0,3,3,1,0,0,Input Validation
200,150,1000,0,1,0,0,0,1,0,0,0,0,0,0,0,Information
500,872,2100,4,2,0,5,2,1,6,0,5,4,1,1,0,Authentication
200,662,1000,0,1,0,0,0,1,13,0,3,3,1,0,0,Safe
200,225,1768,0,1,0,0,0,1,13,1,3,3,1,0,0,Safe
200,214,1012,0,1,0,0,0,1,1,1,3,3,0,0,0,Authorization
200,320,1000,0,1,0,0,0,1,1,0,3,3,0,0,0,Input Validation
200,692,1000,0,1,0,0,0,1,13,0,3,3,1,0,0,Safe
200,222,1264,0,1,0,0,0,1,1,1,3,3,0,0,0,Input Validation
200,228,1906,0,1,0,0,0,1,13,1,3,3,1,0,0,Input Validation
200,728,1000,0,1,0,0,0,1,13,0,3,3,1,0,0,Safe
200,232,1000,0,1,0,0,0,1,0,0,4,4,0,0,0,Input Validation
200,210,1186,0,1,0,0,0,1,5,1,3,3,1,0,0,Authorization
200,196,1000,0,1,0,0,0,1,0,0,3,3,0,0,0,Information
200,222,1726,0,1,0,0,0,1,13,1,3,3,1,0,0,Authorization
200,188,1000,0,1,0,0,0,1,0,0,1,1,0,0,0,Safe
200,206,1300,0,1,0,0,0,1,5,1,3,3,0,0,0,Input Validation
302,57,3523,3,4,1,0,2,0,0,2,4,1,1,0,1,Session
500,977,787,2,0,1,5,2,1,0,2,7,0,0,0,0,Input Validation
200,166,1000,0,1,0,0,0,1,0,0,1,1,0,0,0,Information
200,282,1000,0,1,0,0,0,1,3,0,3,3,0,0,0,Safe
200,260,1000,0,1,0,0,0,1,0,0,4,4,0,0,0,Information
403,1355,1861,2,3,2,4,4,1,0,0,6,4,1,1,0,Authentication
200,226,1000,0,1,0,0,0,1,1,0,3,3,0,0,0,Safe
200,209,1177,0,1,0,0,0,1,5,1,3,3,1,0,0,Authorization
200,204,1000,0,1,0,0,0,1,0,0,4,4,0,0,0,Information
200,150,1000,0,1,0,0,0,1,0,0,0,0,0,0,0,Input Validation
200,224,1795,0,1,0,0,0,1,13,1,3,3,1,0,0,Safe
200,1979,9177,3,1,1,2,1,1,5,2,4,2,0,1,0,Configuration
200,204,1249,0,1,0,0,0,1,1,1,3,3,0,0,0,Input Validation
200,502,1000,0,1,0,0,0,1,5,0,3,3,1,0,0,Input Validation
200,192,1000,0,1,0,0,0,1,0,0,3,3,0,0,0,Safe
200,196,1000,0,1,0,0,0,1,0,0,3,3,0,0,0,Safe
302,116,332,4,1,2,3,1,1,7,0,3,1,1,0,1,Authentication
200,220,1000,0,1,0,0,0,1,0,0,3,3,0,0,0,Information
200,227,1831,0,1,0,0,0,1,13,1,3,3,1,0,0,Authorization
302,345,9610,7,1,2,4,0,1,6,2,1,0,1,0,0,Authentication
400,1699,8051,0,2,2,1,3,1,7,0,1,3,1,0,0,Header
200,207,1333,0,1,0,0,0,1,5,1,3,3,0,0,0,Input Validation
200,332,1000,0,1,0,0,0,1,1,0,3,3,0,0,0,Input Validation
200,224,1000,0,1,0,0,0,1,1,0,3,3,0,0,0,Safe
200,221,1717,0,1,0,0,0,1,13,1,3,3,1,0,0,Authorization
200,196,1000,0,1,0,0,0,1,0,0,3,3,0,0,0,Safe
403,470,9883,0,2,2,3,2,0,1,1,3,2,0,0,0,Session
200,264,1000,0,1,0,0,0,1,1,0,3,3,0,0,0,Safe
200,197,1114,0,1,0,0,0,1,3,1,3,3,0,0,0,Safe
200,198,1000,0,1,0,0,0,1,0,0,3,3,0,0,0,Safe
200,226,1789,0,1,0,0,0,1,13,1,3,3,1,0,0,Safe
200,196,1000,0,1,0,0,0,1,0,0,3,3,0,0,0,Safe
200,342,1000,0,1,0,0,0,1,5,0,3,3,0,0,0,Safe
200,674,1000,0,1,0,0,0,1,13,0,3,3,1,0,0,Safe
200,225,1756,0,1,0,0,0,1,13,1,3,3,1,0,0,Safe
200,209,1174,0,1,0,0,0,1,5,1,3,3,1,0,0,Safe
200,396,1000,0,1,0,0,0,1,5,0,3,3,1,0,0,Input Validation
200,160,1000,0,1,0,0,0,1,0,0,1,1,0,0,0,Safe
403,455,7186,1,0,1,5,1,1,1,0,7,2,0,0,1,Header
400,326,9231,0,2,0,2,0,0,5,1,6,2,0,1,0,Header
200,197,1051,0,1,0,0,0,1,1,1,3,3,0,0,0,Authorization
403,767,2882,7,3,2,1,4,1,2,0,4,2,1,1,0,Authentication
200,197,1051,0,1,0,0,0,1,1,1,3,3,0,0,0,Authorization
200,332,1000,0,1,0,0,0,1,5,0,3,3,0,0,0,Safe
200,209,1411,0,1,0,0,0,1,5,1,3,3,0,0,0,Input Validation
200,1979,9177,3,1,1,2,1,1,5,2,4,2,0,1,0,Configuration
200,564,1000,0,1,0,0,0,1,1,0,3,3,0,0,0,Input Validation
200,200,1000,0,1,0,0,0,1,0,0,3,3,0,0,0,Safe
200,166,1000,0,1,0,0,0,1,0,0,1,1,0,0,0,Information
200,260,1000,0,1,0,0,0,1,0,0,5,5,0,0,0,Information
200,270,1000,0,1,0,0,0,1,0,0,5,5,0,0,0,Information
200,139,9067,4,1,1,1,1,1,0,2,4,1,1,1,0,Authentication
200,384,1000,0,1,0,0,0,1,1,0,3,3,0,0,0,Input Validation
200,203,1216,0,1,0,0,0,1,5,1,3,3,0,0,0,Authorization
200,231,2014,0,1,0,0,0,1,13,1,3,3,1,0,0,Input Validation
200,816,1000,0,1,0,0,0,1,13,0,3,3,1,0,0,Input Validation
200,197,1117,0,1,0,0,0,1,3,1,3,3,0,0,0,Safe
200,200,1000,0,1,0,0,0,1,0,0,3,3,0,0,0,Safe
200,194,1000,0,1,0,0,0,1,0,0,3,3,0,0,0,Safe
200,201,1234,0,1,0,0,0,1,3,1,3,3,0,0,0,Input Validation
200,168,1000,0,1,0,0,0,1,0,0,2,2,0,0,0,Input Validation
200,204,1000,0,1,0,0,0,1,0,0,3,3,0,0,0,Information
200,197,1051,0,1,0,0,0,1,1,1,3,3,0,0,0,Safe
200,182,1000,0,1,0,0,0,1,0,0,2,2,0,0,0,Input Validation
302,1890,506,1,1,1,4,1,1,5,1,2,1,1,0,0,Header
200,206,1000,0,1,0,0,0,1,0,0,3,3,0,0,0,Information
200,648,1000,0,1,0,0,0,1,5,0,3,3,1,0,0,Input Validation
200,272,1000,0,1,0,0,0,1,0,0,5,5,0,0,0,Information
200,166,1000,0,1,0,0,0,1,0,0,1,1,0,0,0,Information
200,216,1369,0,1,0,0,0,1,5,1,3,3,1,0,0,Input Validation
200,258,1000,0,1,0,0,0,1,1,0,3,3,0,0,0,Input Validation
200,218,1129,0,1,0,0,0,1,1,1,3,3,0,0,0,Input Validation
200,262,1000,0,1,0,0,0,1,0,0,5,5,0,0,0,Information
200,188,1000,0,1,0,0,0,1,0,0,3,3,0,0,0,Safe
200,201,1234,0,1,0,0,0,1,3,1,3,3,0,0,0,Input Validation
200,150,1000,0,1,0,0,0,1,0,0,0,0,0,0,0,Information
200,199,1177,0,1,0,0,0,1,3,1,3,3,0,0,0,Input Validation
403,470,9883,0,2,2,3,2,0,1,1,3,2,0,0,0,Session
200,214,1012,0,1,0,0,0,1,1,1,3,3,0,0,0,Safe
200,202,1000,0,1,0,0,0,1,0,0,3,3,0,0,0,Input Validation
200,150,1000,0,1,0,0,0,1,0,0,0,0,0,0,0,Information
200,868,1000,0,1,0,0,0,1,13,0,3,3,1,0,0,Input Validation
200,224,1000,0,1,0,0,0,1,1,0,3,3,0,0,0,Safe
200,166,1000,0,1,0,0,0,1,0,0,1,1,0,0,0,Information
200,1204,3656,2,2,0,0,1,1,0,1,2,1,1,1,0,Authentication
200,210,1186,0,1,0,0,0,1,5,1,3,3,1,0,0,Safe
200,203,1219,0,1,0,0,0,1,1,1,3,3,0,0,0,Safe
200,227,1834,0,1,0,0,0,1,13,1,3,3,1,0,0,Authorization
200,218,1141,0,1,0,0,0,1,1,1,3,3,0,0,0,Input Validation
500,375,9433,3,2,0,3,0,1,6,0,6,4,1,0,0,Authentication
302,880,2861,0,0,1,5,4,1,0,1,6,1,0,1,1,Header
200,178,1000,0,1,0,0,0,1,0,0,1,1,0,0,0,Safe
200,226,1783,0,1,0,0,0,1,13,1,3,3,1,0,0,Authorization
200,242,1000,0,1,0,0,0,1,0,0,5,5,0,0,0,Information
200,229,1948,0,1,0,0,0,1,13,1,3,3,1,0,0,Input Validation
200,196,1000,0,1,0,0,0,1,0,0,3,3,0,0,0,Safe
200,204,1261,0,1,0,0,0,1,1,1,3,3,0,0,0,Input Validation
200,985,6871,2,0,1,3,4,0,7,1,1,0,1,0,1,Header
500,956,7913,0,2,2,2,1,0,1,1,2,4,1,0,0,Configuration
200,424,1000,0,1,0,0,0,1,5,0,3,3,0,0,0,Input Validation
200,209,1399,0,1,0,0,0,1,5,1,3,3,0,0,0,Input Validation
200,197,1051,0,1,0,0,0,1,1,1,3,3,0,0,0,Authorization
500,753,9762,4,1,0,2,3,1,7,2,5,0,1,1,1,Authentication
200,212,1000,0,1,0,0,0,1,0,0,3,3,0,0,0,Safe
200,1074,1954,2,2,2,4,0,0,0,1,4,0,0,1,0,Configuration
500,237,7395,0,4,0,3,2,1,6,2,9,1,1,1,1,Session
200,796,1000,0,1,0,0,0,1,13,0,3,3,1,0,0,Input Validation
200,196,1000,0,1,0,0,0,1,0,0,3,3,0,0,0,Information
200,314,1000,0,1,0,0,0,1,1,0,3,3,0,0,0,Input Validation
200,228,1921,0,1,0,0,0,1,13,1,3,3,1,0,0,Input Validation
200,206,1000,0,1,0,0,0,1,0,0,2,2,0,0,0,Information
200,232,1000,0,1,0,0,0,1,0,0,4,4,0,0,0,Information
200,229,1870,0,1,0,0,0,1,13,1,3,3,1,0,0,Input Validation
200,202,1000,0,1,0,0,0,1,0,0,3,3,0,0,0,Safe
200,252,1000,0,1,0,0,0,1,0,0,5,5,0,0,0,Input Validation
200,230,1918,0,1,0,0,0,1,13,1,3,3,1,0,0,Input Validation
200,225,1816,0,1,0,0,0,1,13,1,3,3,1,0,0,Safe
200,209,1171,0,1,0,0,0,1,5,1,3,3,1,0,0,Safe
200,197,1051,0,1,0,0,0,1,1,1,3,3,0,0,0,Authorization
500,717,7918,0,4,2,2,0,0,1,1,3,4,0,0,1,Session
200,404,1000,0,1,0,0,0,1,3,0,3,3,0,0,0,Input Validation
200,150,1000,0,1,0,0,0,1,0,0,0,0,0,0,0,Information
200,210,1000,0,1,0,0,0,1,0,0,3,3,0,0,0,Information
200,232,1000,0,1,0,0,0,1,0,0,4,4,0,0,0,Input Validation
200,150,1000,0,1,0,0,0,1,0,0,0,0,0,0,0,Information
403,990,8116,0,2,0,2,2,0,4,0,7,1,1,1,0,Session
200,212,1000,0,1,0,0,0,1,0,0,3,3,0,0,0,Safe
200,840,1000,0,1,0,0,0,1,13,0,3,3,1,0,0,Input Validation
200,197,1051,0,1,0,0,0,1,1,1,3,3,0,0,0,Authorization
200,210,1447,0,1,0,0,0,1,5,1,3,3,0,0,0,Input Validation
200,210,1204,0,1,0,0,0,1,5,1,3,3,1,0,0,Safe
400,217,8901,3,0,0,4,1,0,0,1,5,3,1,1,1,Configuration
200,198,1000,0,1,0,0,0,1,0,0,3,3,0,0,0,Safe
200,229,1930,0,1,0,0,0,1,13,1,3,3,1,0,0,Input Validation
200,804,1000,0,1,0,0,0,1,13,0,3,3,1,0,0,Input Validation
200,242,1000,0,1,0,0,0,1,0,0,5,5,0,0,0,Information
200,184,1000,0,1,0,0,0,1,0,0,2,2,0,0,0,Information
200,330,1000,0,1,0,0,0,1,1,0,3,3,0,0,0,Input Validation
200,442,1000,0,1,0,0,0,1,5,0,3,3,1,0,0,Input Validation
200,410,1000,0,1,0,0,0,1,5,0,3,3,0,0,0,Input Validation
200,332,1000,0,1,0,0,0,1,5,0,3,3,0,0,0,Safe
200,196,1000,0,1,0,0,0,1,0,0,3,3,0,0,0,Safe
200,330,1000,0,1,0,0,0,1,1,0,3,3,0,0,0,Input Validation
302,1069,6041,3,0,2,4,3,0,1,0,5,2,1,0,1,Configuration
200,854,1000,0,1,0,0,0,1,13,0,3,3,1,0,0,Input Validation
200,221,1693,0,1,0,0,0,1,13,1,3,3,1,0,0,Authorization
200,204,1249,0,1,0,0,0,1,1,1,3,3,0,0,0,Input Validation
200,216,1000,0,1,0,0,0,1,0,0,4,4,0,0,0,Safe
200,1067,1984,1,1,1,5,0,0,7,1,8,0,1,0,1,Session
200,202,1000,0,1,0,0,0,1,0,0,3,3,0,0,0,Safe
200,288,1000,0,1,0,0,0,1,3,0,3,3,0,0,0,Safe
200,224,1720,0,1,0,0,0,1,13,1,3,3,1,0,0,Safe
200,166,1000,0,1,0,0,0,1,0,0,1,1,0,0,0,Information
200,242,1000,0,1,0,0,0,1,0,0,5,5,0,0,0,Input Validation
200,1209,349,2,0,0,5,1,1,0,2,5,2,1,1,0,Header
403,1749,7162,2,2,2,1,2,1,5,1,9,0,0,1,1,Configuration
200,205,1288,0,1,0,0,0,1,5,1,3,3,0,0,0,Input Validation
200,197,1051,0,1,0,0,0,1,1,1,3,3,0,0,0,Authorization
200,198,1000,0,1,0,0,0,1,0,0,3,3,0,0,0,Safe
200,178,1000,0,1,0,0,0,1,0,0,2,2,0,0,0,Safe
200,227,1816,0,1,0,0,0,1,13,1,3,3,1,0,0,Input Validation
200,194,1000,0,1,0,0,0,1,0,0,2,2,0,0,0,Information
200,190,1000,0,1,0,0,0,1,0,0,3,3,0,0,0,Safe
200,197,1051,0,1,0,0,0,1,1,1,3,3,0,0,0,Safe
200,264,1000,0,1,0,0,0,1,1,0,3,3,0,0,0,Safe
200,178,1000,0,1,0,0,0,1,0,0,2,2,0,0,0,Safe
200,196,1000,0,1,0,0,0,1,0,0,3,3,0,0,0,Information
200,202,1000,0,1,0,0,0,1,0,0,4,4,0,0,0,Input Validation
200,222,1000,0,1,0,0,0,1,0,0,4,4,0,0,0,Information
200,1157,8421,3,1,0,2,0,0,3,1,3,4,0,0,0,Configuration
200,232,1000,0,1,0,0,0,1,1,0,3,3,0,0,0,Safe
200,206,1324,0,1,0,0,0,1,5,1,3,3,0,0,0,Input Validation
200,205,1279,0,1,0,0,0,1,1,1,3,3,0,0,0,Input Validation
200,200,1000,0,1,0,0,0,1,0,0,3,3,0,0,0,Safe
200,334,1000,0,1,0,0,0,1,5,0,3,3,0,0,0,Safe
200,340,1000,0,1,0,0,0,1,5,0,3,3,0,0,0,Safe
200,166,1000,0,1,0,0,0,1,0,0,1,1,0,0,0,Information
200,224,1000,0,1,0,0,0,1,1,0,3,3,0,0,0,Safe
200,194,1000,0,1,0,0,0,1,0,0,3,3,0,0,0,Safe
200,203,1225,0,1,0,0,0,1,1,1,3,3,0,0,0,Input Validation
400,67,868,3,2,2,1,1,1,3,0,2,2,0,1,0,Configuration
200,202,1201,0,1,0,0,0,1,5,1,3,3,0,0,0,Authorization
200,216,1000,0,1,0,0,0,1,0,0,4,4,0,0,0,Safe
200,199,1099,0,1,0,0,0,1,1,1,3,3,0,0,0,Safe
200,296,1000,0,1,0,0,0,1,1,0,3,3,0,0,0,Input Validation
200,166,1000,0,1,0,0,0,1,0,0,1,1,0,0,0,Input Validation
200,264,1000,0,1,0,0,0,1,1,0,3,3,0,0,0,Safe
200,224,1723,0,1,0,0,0,1,13,1,3,3,1,0,0,Authorization
200,246,1000,0,1,0,0,0,1,0,0,5,5,0,0,0,Information
200,1062,2144,0,4,0,3,2,0,1,0,8,4,0,0,1,Session
200,199,1150,0,1,0,0,0,1,3,1,3,3,0,0,0,Input Validation
200,202,1000,0,1,0,0,0,1,0,0,3,3,0,0,0,Safe
200,206,1000,0,1,0,0,0,1,0,0,3,3,0,0,0,Information
400,232,3212,6,4,2,5,2,0,4,2,1,3,0,1,1,Session
200,199,1099,0,1,0,0,0,1,1,1,3,3,0,0,0,Authorization
403,910,5490,2,3,0,4,1,1,6,2,8,4,1,1,1,Authentication
200,1245,9535,5,0,1,4,2,1,0,0,8,4,1,1,0,Authentication
200,204,1315,0,1,0,0,0,1,3,1,3,3,0,0,0,Input Validation
200,210,1201,0,1,0,0,0,1,5,1,3,3,1,0,0,Authorization
200,364,1000,0,1,0,0,0,1,1,0,3,3,0,0,0,Input Validation
200,226,1786,0,1,0,0,0,1,13,1,3,3,1,0,0,Authorization
200,770,1000,0,1,0,0,0,1,13,0,3,3,1,0,0,Safe
200,238,1000,0,1,0,0,0,1,0,0,4,4,0,0,0,Information
200,228,1855,0,1,0,0,0,1,13,1,3,3,1,0,0,Input Validation
200,204,1000,0,1,0,0,0,1,0,0,3,3,0,0,0,Information
200,224,1000,0,1,0,0,0,1,1,0,3,3,0,0,0,Safe
200,668,1000,0,1,0,0,0,1,13,0,3,3,1,0,0,Safe
200,199,1099,0,1,0,0,0,1,1,1,3,3,0,0,0,Safe
200,210,1000,0,1,0,0,0,1,0,0,4,4,0,0,0,Information
200,352,1000,0,1,0,0,0,1,1,0,3,3,0,0,0,Input Validation
302,66,5488,0,1,0,2,1,0,6,0,1,0,1,0,0,Header
200,234,2023,0,1,0,0,0,1,13,1,3,3,1,0,0,Input Validation
200,344,1000,0,1,0,0,0,1,5,0,3,3,0,0,0,Safe
200,246,1000,0,1,0,0,0,1,0,0,5,5,0,0,0,Input Validation
200,1979,9177,3,1,1,2,1,1,5,2,4,2,0,1,0,Configuration
200,838,1000,0,1,0,0,0,1,13,0,3,3,1,0,0,Input Validation
200,258,1000,0,1,0,0,0,1,0,0,4,4,0,0,0,Information
200,1157,8421,3,1,0,2,0,0,3,1,3,4,0,0,0,Configuration
200,212,1000,0,1,0,0,0,1,0,0,3,3,0,0,0,Information
200,202,1000,0,1,0,0,0,1,0,0,3,3,0,0,0,Safe
200,326,1000,0,1,0,0,0,1,5,0,3,3,1,0,0,Safe
200,229,1957,0,1,0,0,0,1,13,1,3,3,1,0,0,Input Validation
200,216,1000,0,1,0,0,0,1,0,0,4,4,0,0,0,Safe
200,238,1000,0,1,0,0,0,1,0,0,4,4,0,0,0,Information
200,207,1345,0,1,0,0,0,1,5,1,3,3,0,0,0,Input Validation
200,231,1990,0,1,0,0,0,1,13,1,3,3,1,0,0,Input Validation
200,362,6054,1,2,2,4,0,0,4,2,3,0,1,0,1,Configuration
200,376,1000,0,1,0,0,0,1,1,0,3,3,0,0,0,Safe
200,150,1000,0,1,0,0,0,1,0,0,0,0,0,0,0,Information
400,158,2694,1,1,0,5,4,1,6,0,7,2,1,0,0,Header
200,204,1000,0,1,0,0,0,1,0,0,3,3,0,0,0,Information
200,214,1012,0,1,0,0,0,1,1,1,3,3,0,0,0,Safe
200,225,1753,0,1,0,0,0,1,13,1,3,3,1,0,0,Authorization
200,204,1000,0,1,0,0,0,1,0,0,3,3,0,0,0,Information
200,726,1000,0,1,0,0,0,1,13,0,3,3,1,0,0,Safe
200,334,1000,0,1,0,0,0,1,5,0,3,3,1,0,0,Safe
200,204,1000,0,1,0,0,0,1,0,0,3,3,0,0,0,Information
200,214,1015,0,1,0,0,0,1,1,1,3,3,0,0,0,Safe
200,488,1000,0,1,0,0,0,1,5,0,3,3,1,0,0,Input Validation
200,218,1141,0,1,0,0,0,1,1,1,3,3,0,0,0,Input Validation
200,224,1000,0,1,0,0,0,1,0,0,4,4,0,0,0,Information
200,242,1000,0,1,0,0,0,1,0,0,5,5,0,0,0,Information
200,214,1000,0,1,0,0,0,1,0,0,3,3,0,0,0,Information
200,206,1000,0,1,0,0,0,1,0,0,3,3,0,0,0,Information
200,515,5487,1,2,1,0,4,1,6,1,7,0,0,1,0,Configuration
400,217,8901,3,0,0,4,1,0,0,1,5,3,1,1,1,Configuration
200,248,1000,0,1,0,0,0,1,0,0,4,4,0,0,0,Information
200,222,1747,0,1,0,0,0,1,13,1,3,3,1,0,0,Authorization
403,910,5490,2,3,0,4,1,1,6,2,8,4,1,1,1,Authentication
200,206,1000,0,1,0,0,0,1,0,0,2,2,0,0,0,Information
200,220,1000,0,1,0,0,0,1,0,0,3,3,0,0,0,Information
200,188,1000,0,1,0,0,0,1,0,0,3,3,0,0,0,Safe
200,214,1015,0,1,0,0,0,1,1,1,3,3,0,0,0,Safe
200,194,1000,0,1,0,0,0,1,0,0,3,3,0,0,0,Safe
200,226,1786,0,1,0,0,0,1,13,1,3,3,1,0,0,Authorization
200,198,1000,0,1,0,0,0,1,0,0,3,3,0,0,0,Safe
200,215,1339,0,1,0,0,0,1,5,1,3,3,1,0,0,Input Validation
200,604,1000,0,1,0,0,0,1,1,0,3,3,0,0,0,Input Validation
200,226,1780,0,1,0,0,0,1,13,1,3,3,1,0,0,Safe
200,858,1000,0,1,0,0,0,1,13,0,3,3,1,0,0,Input Validation
200,150,1000,0,1,0,0,0,1,0,0,0,0,0,0,0,Information
200,196,1000,0,1,0,0,0,1,0,0,3,3,0,0,0,Safe
200,262,1000,0,1,0,0,0,1,0,0,4,4,0,0,0,Information
200,203,1216,0,1,0,0,0,1,1,1,3,3,0,0,0,Input Validation
200,225,1771,0,1,0,0,0,1,13,1,3,3,1,0,0,Safe
400,326,9231,0,2,0,2,0,0,5,1,6,2,0,1,0,Header
400,110,5141,2,1,1,0,2,1,1,1,7,1,1,1,0,Header
200,221,1231,0,1,0,0,0,1,1,1,3,3,0,0,0,Input Validation
200,216,1000,0,1,0,0,0,1,0,0,4,4,0,0,0,Safe
200,244,1000,0,1,0,0,0,1,0,0,4,4,0,0,0,Information
200,197,1051,0,1,0,0,0,1,1,1,3,3,0,0,0,Safe
200,410,1000,0,1,0,0,0,1,5,0,3,3,1,0,0,Input Validation
500,237,7395,0,4,0,3,2,1,6,2,9,1,1,1,1,Session
200,207,1336,0,1,0,0,0,1,5,1,3,3,0,0,0,Input Validation
200,188,1000,0,1,0,0,0,1,0,0,3,3,0,0,0,Safe
400,1652,6318,4,3,1,2,2,1,2,1,3,1,1,0,0,Session
200,197,1051,0,1,0,0,0,1,1,1,3,3,0,0,0,Safe
200,203,1225,0,1,0,0,0,1,5,1,3,3,0,0,0,Authorization
200,240,1000,0,1,0,0,0,1,0,0,4,4,0,0,0,Information
200,206,1321,0,1,0,0,0,1,1,1,3,3,0,0,0,Input Validation
200,188,1000,0,1,0,0,0,1,0,0,3,3,0,0,0,Safe
200,222,1000,0,1,0,0,0,1,0,0,4,4,0,0,0,Input Validation
200,223,1702,0,1,0,0,0,1,13,1,3,3,1,0,0,Safe
400,704,5989,6,3,0,1,1,0,2,0,2,2,1,0,0,Session
200,653,6124,3,2,0,5,0,1,2,2,1,4,0,1,1,Configuration
302,1066,697,6,0,0,4,4,1,3,1,9,0,0,1,1,Input Validation
200,196,1000,0,1,0,0,0,1,0,0,3,3,0,0,0,Input Validation
200,216,1000,0,1,0,0,0,1,0,0,4,4,0,0,0,Safe
200,232,1978,0,1,0,0,0,1,13,1,3,3,1,0,0,Input Validation
200,724,1000,0,1,0,0,0,1,13,0,3,3,1,0,0,Safe
200,194,1000,0,1,0,0,0,1,0,0,3,3,0,0,0,Safe
200,242,1000,0,1,0,0,0,1,0,0,5,5,0,0,0,Information
200,266,1000,0,1,0,0,0,1,1,0,3,3,0,0,0,Safe
200,209,1414,0,1,0,0,0,1,5,1,3,3,0,0,0,Input Validation
200,192,1000,0,1,0,0,0,1,0,0,3,3,0,0,0,Safe
200,178,1000,0,1,0,0,0,1,0,0,2,2,0,0,0,Safe
200,197,1051,0,1,0,0,0,1,1,1,3,3,0,0,0,Authorization
200,176,1000,0,1,0,0,0,1,0,0,2,2,0,0,0,Input Validation
302,807,821,0,0,1,4,1,0,5,1,2,4,0,0,1,Header
200,197,1054,0,1,0,0,0,1,1,1,3,3,0,0,0,Safe
200,262,1000,0,1,0,0,0,1,0,0,4,4,0,0,0,Safe
200,200,1000,0,1,0,0,0,1,0,0,3,3,0,0,0,Safe
302,804,1494,3,1,0,3,2,0,1,0,1,2,1,1,1,Configuration
200,214,1000,0,1,0,0,0,1,0,0,4,4,0,0,0,Safe
302,601,7912,4,3,2,1,3,0,1,0,8,0,1,0,1,Session
200,372,1000,0,1,0,0,0,1,5,0,3,3,1,0,0,Input Validation
200,197,1114,0,1,0,0,0,1,3,1,3,3,0,0,0,Authorization
200,231,1519,0,1,0,0,0,1,1,1,3,3,0,0,0,Input Validation
200,202,1000,0,1,0,0,0,1,0,0,3,3,0,0,0,Input Validation
200,206,1000,0,1,0,0,0,1,0,0,3,3,0,0,0,Information
200,230,1966,0,1,0,0,0,1,13,1,3,3,1,0,0,Input Validation
200,200,1000,0,1,0,0,0,1,0,0,3,3,0,0,0,Safe
200,234,1000,0,1,0,0,0,1,1,0,3,3,0,0,0,Safe
200,194,1000,0,1,0,0,0,1,0,0,2,2,0,0,0,Information
200,205,1276,0,1,0,0,0,1,5,1,3,3,0,0,0,Input Validation
200,776,1000,0,1,0,0,0,1,13,0,3,3,1,0,0,Input Validation
403,589,871,5,2,0,2,3,1,7,1,7,0,0,1,0,Session
200,222,1000,0,1,0,0,0,1,0,0,3,3,0,0,0,Input Validation
200,202,1000,0,1,0,0,0,1,0,0,3,3,0,0,0,Safe
200,212,1000,0,1,0,0,0,1,0,0,3,3,0,0,0,Safe
200,197,1114,0,1,0,0,0,1,3,1,3,3,0,0,0,Authorization
500,988,4905,3,3,2,5,2,1,4,1,9,3,1,0,1,Configuration
200,392,1000,0,1,0,0,0,1,1,0,3,3,0,0,0,Input Validation
200,178,1000,0,1,0,0,0,1,0,0,2,2,0,0,0,Safe
200,166,1000,0,1,0,0,0,1,0,0,1,1,0,0,0,Information
200,200,1000,0,1,0,0,0,1,0,0,3,3,0,0,0,Safe
400,866,3104,1,1,0,0,3,1,7,2,8,4,0,0,0,Configuration
200,203,1216,0,1,0,0,0,1,5,1,3,3,0,0,0,Authorization
200,336,1000,0,1,0,0,0,1,5,0,3,3,1,0,0,Safe
302,614,8082,4,3,1,4,4,1,7,1,6,0,1,1,1,Session
400,1437,6873,0,2,1,4,2,0,1,0,3,2,0,1,1,Header
500,432,8310,0,1,1,4,2,0,3,2,7,2,1,1,0,Header
200,204,1327,0,1,0,0,0,1,3,1,3,3,0,0,0,Safe
200,227,1813,0,1,0,0,0,1,13,1,3,3,1,0,0,Authorization
200,1025,4166,0,1,1,1,1,0,4,0,7,3,1,0,1,Header
200,232,1000,0,1,0,0,0,1,1,0,3,3,0,0,0,Safe
200,209,1177,0,1,0,0,0,1,5,1,3,3,1,0,0,Safe
500,911,6811,2,1,2,3,0,1,4,0,4,4,1,1,1,Header
200,197,1114,0,1,0,0,0,1,3,1,3,3,0,0,0,Authorization
200,274,1000,0,1,0,0,0,1,3,0,3,3,0,0,0,Safe
200,202,1000,0,1,0,0,0,1,0,0,3,3,0,0,0,Information
500,1609,3175,0,1,0,0,4,1,3,2,5,4,1,0,0,Header
200,220,1000,0,1,0,0,0,1,0,0,4,4,0,0,0,Input Validation
500,1182,6688,7,3,0,1,3,1,4,0,7,4,0,0,0,Session
302,1453,7923,5,4,1,1,1,0,7,2,2,2,1,0,1,Session
500,721,6416,4,2,0,5,4,1,3,0,4,2,1,1,0,Authentication
200,232,1000,0,1,0,0,0,1,1,0,3,3,0,0,0,Safe
200,153,2845,3,4,1,4,1,0,6,1,9,1,0,1,0,Session
500,1182,6688,7,3,0,1,3,1,4,0,7,4,0,0,0,Session
200,198,1000,0,1,0,0,0,1,0,0,2,2,0,0,0,Safe
200,202,1000,0,1,0,0,0,1,0,0,3,3,0,0,0,Safe
403,351,5799,1,1,1,4,3,1,4,0,4,2,0,1,0,Input Validation
200,244,1000,0,1,0,0,0,1,0,0,4,4,0,0,0,Information
200,178,1000,0,1,0,0,0,1,0,0,2,2,0,0,0,Safe
200,262,1000,0,1,0,0,0,1,0,0,6,6,0,0,0,Input Validation
200,222,1000,0,1,0,0,0,1,0,0,3,3,0,0,0,Information
200,830,462,0,0,0,1,3,0,2,1,7,4,0,0,1,Configuration
200,200,1000,0,1,0,0,0,1,0,0,3,3,0,0,0,Safe
200,199,1099,0,1,0,0,0,1,1,1,3,3,0,0,0,Authorization
200,201,1165,0,1,0,0,0,1,1,1,3,3,0,0,0,Input Validation
200,203,1288,0,1,0,0,0,1,3,1,3,3,0,0,0,Input Validation
500,956,7913,0,2,2,2,1,0,1,1,2,4,1,0,0,Configuration
200,227,1873,0,1,0,0,0,1,13,1,3,3,1,0,0,Input Validation
200,204,1000,0,1,0,0,0,1,0,0,3,3,0,0,0,Information
200,196,1000,0,1,0,0,0,1,0,0,3,3,0,0,0,Safe
200,384,1000,0,1,0,0,0,1,1,0,3,3,0,0,0,Safe
200,160,1000,0,1,0,0,0,1,0,0,1,1,0,0,0,Safe
302,90,3199,6,0,1,0,4,1,3,1,3,0,1,0,0,Authentication
200,724,1000,0,1,0,0,0,1,13,0,3,3,1,0,0,Input Validation
200,184,1000,0,1,0,0,0,1,0,0,2,2,0,0,0,Information
200,292,1000,0,1,0,0,0,1,1,0,3,3,0,0,0,Input Validation
302,313,2941,0,4,2,5,2,0,3,0,5,0,0,0,0,Session
200,872,3174,1,1,1,0,0,1,5,0,5,0,1,1,0,Header
200,218,1144,0,1,0,0,0,1,1,1,3,3,0,0,0,Input Validation
403,1136,6804,3,0,0,5,2,0,7,2,1,4,0,1,1,Configuration
200,876,1000,0,1,0,0,0,1,13,0,3,3,1,0,0,Input Validation
200,1967,1975,2,0,1,0,3,0,5,1,5,4,1,1,1,Configuration
200,1954,8887,7,0,1,4,2,1,0,0,9,2,1,0,0,Authentication
200,150,1000,0,1,0,0,0,1,0,0,0,0,0,0,0,Information
200,712,1000,0,1,0,0,0,1,13,0,3,3,1,0,0,Safe
200,197,1054,0,1,0,0,0,1,1,1,3,3,0,0,0,Safe
302,316,1808,6,4,1,4,2,0,3,0,1,3,0,1,1,Session
200,242,1000,0,1,0,0,0,1,0,0,5,5,0,0,0,Information
200,226,1858,0,1,0,0,0,1,13,1,3,3,1,0,0,Safe
403,962,1642,5,0,1,0,1,1,1,1,5,4,1,1,0,Authentication
200,198,1129,0,1,0,0,0,1,3,1,3,3,0,0,0,Authorization
200,197,1051,0,1,0,0,0,1,1,1,3,3,0,0,0,Safe
200,204,1000,0,1,0,0,0,1,0,0,3,3,0,0,0,Safe
302,1684,362,3,3,1,0,3,1,0,1,1,3,1,0,1,Authentication
200,224,1000,0,1,0,0,0,1,0,0,4,4,0,0,0,Information
200,216,1075,0,1,0,0,0,1,1,1,3,3,0,0,0,Input Validation
200,676,1000,0,1,0,0,0,1,5,0,3,3,0,0,0,Input Validation
200,680,1000,0,1,0,0,0,1,13,0,3,3,1,0,0,Safe
200,212,1000,0,1,0,0,0,1,0,0,3,3,0,0,0,Input Validation
200,198,1000,0,1,0,0,0,1,0,0,3,3,0,0,0,Safe
200,230,1969,0,1,0,0,0,1,13,1,3,3,1,0,0,Input Validation
200,226,1807,0,1,0,0,0,1,13,1,3,3,1,0,0,Authorization
200,182,1000,0,1,0,0,0,1,0,0,2,2,0,0,0,Information
200,188,1000,0,1,0,0,0,1,0,0,3,3,0,0,0,Safe
200,258,1000,0,1,0,0,0,1,0,0,5,5,0,0,0,Input Validation
200,203,1213,0,1,0,0,0,1,1,1,3,3,0,0,0,Input Validation
200,186,1000,0,1,0,0,0,1,0,0,1,1,0,0,0,Information
200,203,1213,0,1,0,0,0,1,5,1,3,3,0,0,0,Authorization
200,166,1000,0,1,0,0,0,1,0,0,1,1,0,0,0,Information
302,316,1808,6,4,1,4,2,0,3,0,1,3,0,1,1,Session
200,818,1000,0,1,0,0,0,1,13,0,3,3,1,0,0,Input Validation
200,210,1192,0,1,0,0,0,1,5,1,3,3,1,0,0,Safe
302,804,1494,3,1,0,3,2,0,1,0,1,2,1,1,1,Configuration
200,194,1000,0,1,0,0,0,1,0,0,3,3,0,0,0,Safe
500,1164,1205,3,1,1,0,1,1,4,2,9,0,0,1,0,Session
200,188,1000,0,1,0,0,0,1,0,0,3,3,0,0,0,Safe
200,204,1000,0,1,0,0,0,1,0,0,3,3,0,0,0,Information
200,316,1000,0,1,0,0,0,1,5,0,3,3,1,0,0,Safe
200,166,1000,0,1,0,0,0,1,0,0,1,1,0,0,0,Information
200,201,1150,0,1,0,0,0,1,1,1,3,3,0,0,0,Input Validation
200,232,1000,0,1,0,0,0,1,1,0,3,3,0,0,0,Safe
200,196,1000,0,1,0,0,0,1,0,0,3,3,0,0,0,Safe
200,352,1000,0,1,0,0,0,1,1,0,3,3,0,0,0,Input Validation
200,198,1000,0,1,0,0,0,1,0,0,3,3,0,0,0,Safe
302,1413,6335,6,3,2,3,4,1,6,2,1,3,1,1,1,Authentication
200,206,1000,0,1,0,0,0,1,0,0,4,4,0,0,0,Input Validation
200,225,1762,0,1,0,0,0,1,13,1,3,3,1,0,0,Authorization
200,224,1000,0,1,0,0,0,1,1,0,3,3,0,0,0,Safe
200,222,1000,0,1,0,0,0,1,0,0,4,4,0,0,0,Information
500,1745,3358,0,2,1,3,4,1,2,2,6,1,1,1,1,Header
200,444,1000,0,1,0,0,0,1,5,0,3,3,0,0,0,Input Validation
400,462,7643,3,0,0,4,0,1,1,0,9,2,1,0,1,Authentication
200,203,1222,0,1,0,0,0,1,5,1,3,3,0,0,0,Safe
200,230,1927,0,1,0,0,0,1,13,1,3,3,1,0,0,Input Validation
200,315,7169,1,2,2,3,4,0,5,0,3,4,1,1,1,Configuration
200,224,1732,0,1,0,0,0,1,13,1,3,3,1,0,0,Authorization
200,328,1000,0,1,0,0,0,1,5,0,3,3,1,0,0,Safe
200,210,1189,0,1,0,0,0,1,5,1,3,3,1,0,0,Authorization
200,178,1000,0,1,0,0,0,1,0,0,2,2,0,0,0,Safe
200,318,1000,0,1,0,0,0,1,5,0,3,3,1,0,0,Safe
200,231,1948,0,1,0,0,0,1,13,1,3,3,1,0,0,Input Validation
200,197,1117,0,1,0,0,0,1,3,1,3,3,0,0,0,Safe
200,184,1000,0,1,0,0,0,1,0,0,2,2,0,0,0,Input Validation
200,222,1000,0,1,0,0,0,1,0,0,4,4,0,0,0,Input Validation
200,212,1000,0,1,0,0,0,1,0,0,3,3,0,0,0,Safe
200,370,1000,0,1,0,0,0,1,3,0,3,3,0,0,0,Input Validation
200,199,1099,0,1,0,0,0,1,1,1,3,3,0,0,0,Authorization
200,198,1000,0,1,0,0,0,1,0,0,3,3,0,0,0,Safe
200,197,1051,0,1,0,0,0,1,1,1,3,3,0,0,0,Authorization
302,664,5492,2,2,2,3,3,0,1,2,5,2,1,1,0,Configuration
200,150,1000,0,1,0,0,0,1,0,0,0,0,0,0,0,Information
200,201,1171,0,1,0,0,0,1,1,1,3,3,0,0,0,Input Validation
200,192,1000,0,1,0,0,0,1,0,0,3,3,0,0,0,Safe
200,342,1000,0,1,0,0,0,1,3,0,3,3,0,0,0,Input Validation
200,200,1000,0,1,0,0,0,1,0,0,3,3,0,0,0,Safe
500,194,1173,1,2,0,5,1,1,5,0,4,2,1,1,1,Header
200,184,1000,0,1,0,0,0,1,0,0,2,2,0,0,0,Safe
400,462,7643,3,0,0,4,0,1,1,0,9,2,1,0,1,Authentication
200,178,1000,0,1,0,0,0,1,0,0,2,2,0,0,0,Safe
200,198,1000,0,1,0,0,0,1,0,0,3,3,0,0,0,Safe
200,310,1000,0,1,0,0,0,1,1,0,3,3,0,0,0,Input Validation
200,258,1000,0,1,0,0,0,1,0,0,4,4,0,0,0,Information
500,1249,9205,2,0,0,3,4,0,0,1,8,4,1,1,0,Configuration
200,1245,9535,5,0,1,4,2,1,0,0,8,4,1,1,0,Authentication
200,666,1000,0,1,0,0,0,1,13,0,3,3,1,0,0,Safe
200,330,1000,0,1,0,0,0,1,1,0,3,3,0,0,0,Input Validation
500,1249,9205,2,0,0,3,4,0,0,1,8,4,1,1,0,Configuration
200,210,1198,0,1,0,0,0,1,5,1,3,3,1,0,0,Authorization
200,332,1000,0,1,0,0,0,1,5,0,3,3,0,0,0,Safe
200,202,1201,0,1,0,0,0,1,5,1,3,3,0,0,0,Authorization
200,346,1000,0,1,0,0,0,1,1,0,3,3,0,0,0,Input Validation
200,268,1000,0,1,0,0,0,1,0,0,4,4,0,0,0,Input Validation
400,76,325,4,1,0,3,0,1,3,0,3,3,1,1,0,Authentication
200,214,1000,0,1,0,0,0,1,0,0,4,4,0,0,0,Safe
200,320,1000,0,1,0,0,0,1,5,0,3,3,1,0,0,Safe
200,490,1000,0,1,0,0,0,1,5,0,3,3,0,0,0,Input Validation
200,350,1000,0,1,0,0,0,1,1,0,3,3,0,0,0,Input Validation
403,1185,5562,0,0,2,1,0,0,1,0,8,1,0,1,0,Header
200,836,1000,0,1,0,0,0,1,13,0,3,3,1,0,0,Input Validation
200,198,1000,0,1,0,0,0,1,0,0,1,1,0,0,0,Information
200,248,1000,0,1,0,0,0,1,0,0,4,4,0,0,0,Information
200,201,1234,0,1,0,0,0,1,3,1,3,3,0,0,0,Input Validation
200,932,4861,7,3,1,1,3,1,2,0,8,2,0,1,0,Session
200,782,1000,0,1,0,0,0,1,13,0,3,3,1,0,0,Input Validation
200,204,1000,0,1,0,0,0,1,0,0,3,3,0,0,0,Information
200,132,7889,2,2,1,2,0,1,3,0,7,0,0,1,0,Input Validation
200,1487,9012,2,2,1,2,1,1,6,2,4,1,0,1,1,Header
200,224,1720,0,1,0,0,0,1,13,1,3,3,1,0,0,Safe
200,221,1234,0,1,0,0,0,1,1,1,3,3,0,0,0,Input Validation
200,204,1000,0,1,0,0,0,1,0,0,3,3,0,0,0,Information
500,1249,9205,2,0,0,3,4,0,0,1,8,4,1,1,0,Configuration
200,1062,2144,0,4,0,3,2,0,1,0,8,4,0,0,1,Session
200,188,1000,0,1,0,0,0,1,0,0,3,3,0,0,0,Safe
200,1062,2144,0,4,0,3,2,0,1,0,8,4,0,0,1,Session
200,203,1210,0,1,0,0,0,1,5,1,3,3,0,0,0,Authorization
200,666,1000,0,1,0,0,0,1,5,0,3,3,1,0,0,Input Validation
200,222,1741,0,1,0,0,0,1,13,1,3,3,1,0,0,Authorization
200,202,1000,0,1,0,0,0,1,0,0,3,3,0,0,0,Information
200,1737,7005,2,1,2,4,3,0,0,0,4,2,0,1,0,Session
200,224,1000,0,1,0,0,0,1,1,0,3,3,0,0,0,Safe
200,188,1000,0,1,0,0,0,1,0,0,3,3,0,0,0,Safe
200,232,1000,0,1,0,0,0,1,0,0,4,4,0,0,0,Information
200,230,1915,0,1,0,0,0,1,13,1,3,3,1,0,0,Input Validation
400,920,4863,1,0,1,2,3,1,5,2,5,2,1,1,1,Header
200,202,1000,0,1,0,0,0,1,0,0,3,3,0,0,0,Safe
200,196,1000,0,1,0,0,0,1,0,0,3,3,0,0,0,Information
200,166,1000,0,1,0,0,0,1,0,0,1,1,0,0,0,Information
200,1677,9595,4,2,0,1,2,1,2,0,1,2,1,1,1,Session
200,826,1000,0,1,0,0,0,1,13,0,3,3,1,0,0,Input Validation
400,920,4863,1,0,1,2,3,1,5,2,5,2,1,1,1,Header
200,166,1000,0,1,0,0,0,1,0,0,1,1,0,0,0,Input Validation
200,188,1000,0,1,0,0,0,1,0,0,3,3,0,0,0,Safe
302,880,2861,0,0,1,5,4,1,0,1,6,1,0,1,1,Header
200,198,1000,0,1,0,0,0,1,0,0,1,1,0,0,0,Information
200,166,1000,0,1,0,0,0,1,0,0,1,1,0,0,0,Information
200,718,1000,0,1,0,0,0,1,13,0,3,3,1,0,0,Safe
200,192,1000,0,1,0,0,0,1,0,0,3,3,0,0,0,Safe
200,332,1000,0,1,0,0,0,1,5,0,3,3,0,0,0,Safe
200,227,1837,0,1,0,0,0,1,13,1,3,3,1,0,0,Input Validation
200,196,1000,0,1,0,0,0,1,0,0,3,3,0,0,0,Information
200,406,1000,0,1,0,0,0,1,5,0,3,3,1,0,0,Input Validation
200,352,1000,0,1,0,0,0,1,1,0,3,3,0,0,0,Input Validation
200,216,1000,0,1,0,0,0,1,0,0,4,4,0,0,0,Safe
200,204,1000,0,1,0,0,0,1,0,0,3,3,0,0,0,Information
200,653,6124,3,2,0,5,0,1,2,2,1,4,0,1,1,Configuration
200,342,1000,0,1,0,0,0,1,1,0,3,3,0,0,0,Input Validation
200,458,1000,0,1,0,0,0,1,5,0,3,3,1,0,0,Input Validation
403,1324,1056,2,1,1,1,0,0,4,1,1,2,1,0,0,Configuration
200,272,1000,0,1,0,0,0,1,3,0,3,3,0,0,0,Safe
200,212,1000,0,1,0,0,0,1,0,0,3,3,0,0,0,Safe
200,211,1234,0,1,0,0,0,1,5,1,3,3,1,0,0,Safe
200,1264,2710,0,0,0,1,2,1,0,2,7,1,0,0,1,Header
200,223,1750,0,1,0,0,0,1,13,1,3,3,1,0,0,Authorization
200,194,1000,0,1,0,0,0,1,0,0,3,3,0,0,0,Safe
200,200,1144,0,1,0,0,0,1,1,1,3,3,0,0,0,Input Validation
200,204,1000,0,1,0,0,0,1,0,0,3,3,0,0,0,Information
200,338,1000,0,1,0,0,0,1,5,0,3,3,1,0,0,Safe
200,344,1000,0,1,0,0,0,1,5,0,3,3,0,0,0,Safe
200,220,1684,0,1,0,0,0,1,13,1,3,3,1,0,0,Authorization
200,272,1000,0,1,0,0,0,1,3,0,3,3,0,0,0,Safe
200,224,1000,0,1,0,0,0,1,0,0,4,4,0,0,0,Information
200,203,1225,0,1,0,0,0,1,5,1,3,3,0,0,0,Authorization
200,202,1000,0,1,0,0,0,1,0,0,3,3,0,0,0,Safe
302,1601,4524,5,4,1,5,0,1,4,2,2,0,1,1,0,Session
403,538,3076,7,3,2,1,0,1,3,0,9,1,1,0,1,Authentication
500,1609,3175,0,1,0,0,4,1,3,2,5,4,1,0,0,Header
200,228,1000,0,1,0,0,0,1,0,0,4,4,0,0,0,Information
200,205,1273,0,1,0,0,0,1,1,1,3,3,0,0,0,Input Validation
200,210,1432,0,1,0,0,0,1,5,1,3,3,0,0,0,Input Validation
302,74,8070,2,1,0,3,3,0,5,1,2,3,0,0,1,Configuration
200,199,1099,0,1,0,0,0,1,1,1,3,3,0,0,0,Safe
200,184,1000,0,1,0,0,0,1,0,0,2,2,0,0,0,Input Validation
200,496,1000,0,1,0,0,0,1,5,0,3,3,1,0,0,Input Validation
400,209,8006,2,0,0,0,0,1,5,0,2,2,0,1,0,Configuration
200,200,1000,0,1,0,0,0,1,0,0,3,3,0,0,0,Input Validation
403,740,8762,1,1,0,3,2,0,7,2,7,4,0,0,0,Session
200,202,1000,0,1,0,0,0,1,0,0,3,3,0,0,0,Safe
200,196,1000,0,1,0,0,0,1,0,0,3,3,0,0,0,Safe
200,232,7290,7,4,1,1,3,1,5,1,2,3,1,1,0,Session
200,274,1000,0,1,0,0,0,1,3,0,3,3,0,0,0,Safe
403,620,710,7,2,2,0,4,1,1,2,4,3,1,0,1,Input Validation
200,1795,6816,3,4,1,2,2,1,1,0,9,4,0,0,0,Session
200,205,1351,0,1,0,0,0,1,3,1,3,3,0,0,0,Input Validation
200,203,1231,0,1,0,0,0,1,1,1,3,3,0,0,0,Input Validation
403,1185,5562,0,0,2,1,0,0,1,0,8,1,0,1,0,Header
200,166,1000,0,1,0,0,0,1,0,0,1,1,0,0,0,Input Validation
200,216,1000,0,1,0,0,0,1,0,0,4,4,0,0,0,Safe
200,326,1000,0,1,0,0,0,1,5,0,3,3,1,0,0,Safe
200,210,1183,0,1,0,0,0,1,5,1,3,3,1,0,0,Safe
200,572,1000,0,1,0,0,0,1,1,0,3,3,0,0,0,Input Validation
200,232,1000,0,1,0,0,0,1,1,0,3,3,0,0,0,Safe
200,206,1306,0,1,0,0,0,1,5,1,3,3,0,0,0,Input Validation
200,205,1273,0,1,0,0,0,1,1,1,3,3,0,0,0,Input Validation
200,188,1000,0,1,0,0,0,1,0,0,3,3,0,0,0,Safe
200,224,1000,0,1,0,0,0,1,0,0,4,4,0,0,0,Input Validation
200,204,1000,0,1,0,0,0,1,0,0,3,3,0,0,0,Information
403,678,1277,0,3,0,1,4,0,3,2,7,1,1,0,0,Input Validation
302,90,3199,6,0,1,0,4,1,3,1,3,0,1,0,0,Authentication
200,199,1099,0,1,0,0,0,1,1,1,3,3,0,0,0,Authorization
200,214,1012,0,1,0,0,0,1,1,1,3,3,0,0,0,Authorization
200,188,1000,0,1,0,0,0,1,0,0,3,3,0,0,0,Safe
200,216,1000,0,1,0,0,0,1,0,0,4,4,0,0,0,Safe
200,205,1291,0,1,0,0,0,1,1,1,3,3,0,0,0,Input Validation
200,232,1000,0,1,0,0,0,1,1,0,3,3,0,0,0,Safe
200,196,1000,0,1,0,0,0,1,0,0,3,3,0,0,0,Safe
200,282,1000,0,1,0,0,0,1,3,0,3,3,0,0,0,Safe
200,206,1363,0,1,0,0,0,1,3,1,3,3,0,0,0,Input Validation
200,252,1000,0,1,0,0,0,1,0,0,4,4,0,0,0,Input Validation
200,178,1000,0,1,0,0,0,1,0,0,2,2,0,0,0,Safe
200,224,1000,0,1,0,0,0,1,0,0,4,4,0,0,0,Input Validation
200,212,1000,0,1,0,0,0,1,0,0,3,3,0,0,0,Safe
200,206,1000,0,1,0,0,0,1,0,0,2,2,0,0,0,Information
200,222,1000,0,1,0,0,0,1,0,0,3,3,0,0,0,Input Validation
200,192,1000,0,1,0,0,0,1,0,0,3,3,0,0,0,Safe
200,398,1000,0,1,0,0,0,1,5,0,3,3,1,0,0,Input Validation
403,910,5490,2,3,0,4,1,1,6,2,8,4,1,1,1,Authentication
200,232,1000,0,1,0,0,0,1,0,0,3,3,0,0,0,Information
200,515,5487,1,2,1,0,4,1,6,1,7,0,0,1,0,Configuration
403,88,7794,2,0,0,5,0,0,1,0,2,2,1,1,1,Configuration
200,212,1000,0,1,0,0,0,1,0,0,3,3,0,0,0,Safe
200,198,1066,0,1,0,0,0,1,1,1,3,3,0,0,0,Safe
200,414,1000,0,1,0,0,0,1,3,0,3,3,0,0,0,Input Validation
200,210,1435,0,1,0,0,0,1,5,1,3,3,0,0,0,Input Validation
200,200,1000,0,1,0,0,0,1,0,0,3,3,0,0,0,Safe
200,814,1000,0,1,0,0,0,1,13,0,3,3,1,0,0,Input Validation
200,202,1000,0,1,0,0,0,1,0,0,3,3,0,0,0,Safe
200,354,1000,0,1,0,0,0,1,3,0,3,3,0,0,0,Input Validation
200,200,1000,0,1,0,0,0,1,0,0,3,3,0,0,0,Safe
200,209,1177,0,1,0,0,0,1,5,1,3,3,1,0,0,Authorization
200,222,1000,0,1,0,0,0,1,0,0,3,3,0,0,0,Input Validation
200,218,1000,0,1,0,0,0,1,0,0,4,4,0,0,0,Information
200,332,1000,0,1,0,0,0,1,5,0,3,3,1,0,0,Safe
200,194,1000,0,1,0,0,0,1,0,0,3,3,0,0,0,Safe
200,644,1000,0,1,0,0,0,1,13,0,3,3,1,0,0,Safe
500,104,8138,0,3,1,1,2,1,1,0,7,3,1,1,0,Configuration
200,216,1000,0,1,0,0,0,1,0,0,4,4,0,0,0,Safe
200,198,1000,0,1,0,0,0,1,0,0,3,3,0,0,0,Safe
200,203,1222,0,1,0,0,0,1,5,1,3,3,0,0,0,Authorization
400,67,868,3,2,2,1,1,1,3,0,2,2,0,1,0,Configuration
200,306,1000,0,1,0,0,0,1,1,0,3,3,0,0,0,Input Validation
200,221,1210,0,1,0,0,0,1,1,1,3,3,0,0,0,Input Validation
200,238,1000,0,1,0,0,0,1,0,0,4,4,0,0,0,Information
200,196,1000,0,1,0,0,0,1,0,0,3,3,0,0,0,Safe
200,210,1435,0,1,0,0,0,1,5,1,3,3,0,0,0,Input Validation
400,708,2863,2,2,2,1,0,1,6,2,2,2,0,0,1,Header
200,194,1000,0,1,0,0,0,1,0,0,3,3,0,0,0,Safe
200,564,1000,0,1,0,0,0,1,1,0,3,3,0,0,0,Input Validation
200,210,1189,0,1,0,0,0,1,5,1,3,3,1,0,0,Authorization
200,258,1000,0,1,0,0,0,1,0,0,4,4,0,0,0,Input Validation
200,205,1339,0,1,0,0,0,1,3,1,3,3,0,0,0,Input Validation
400,1120,3911,1,3,1,4,4,1,0,2,7,1,1,1,0,Header
400,1759,3733,1,2,2,4,3,0,7,1,3,3,1,0,0,Configuration
200,196,1000,0,1,0,0,0,1,0,0,3,3,0,0,0,Safe
200,218,1147,0,1,0,0,0,1,1,1,3,3,0,0,0,Input Validation
200,197,1051,0,1,0,0,0,1,1,1,3,3,0,0,0,Safe
200,240,1000,0,1,0,0,0,1,0,0,4,4,0,0,0,Information
200,221,1696,0,1,0,0,0,1,13,1,3,3,1,0,0,Authorization
200,234,1000,0,1,0,0,0,1,1,0,3,3,0,0,0,Safe
200,150,1000,0,1,0,0,0,1,0,0,0,0,0,0,0,Information
200,324,1000,0,1,0,0,0,1,1,0,3,3,0,0,0,Input Validation
200,1001,798,0,1,1,3,4,1,0,0,3,1,1,1,1,Authentication
200,214,1000,0,1,0,0,0,1,0,0,4,4,0,0,0,Information
200,386,1000,0,1,0,0,0,1,3,0,3,3,0,0,0,Input Validation
403,1481,767,4,3,1,3,3,1,7,1,2,3,1,0,0,Authentication
200,206,1321,0,1,0,0,0,1,1,1,3,3,0,0,0,Input Validation
200,188,1000,0,1,0,0,0,1,0,0,3,3,0,0,0,Safe
200,210,1189,0,1,0,0,0,1,5,1,3,3,1,0,0,Safe
200,214,1000,0,1,0,0,0,1,1,0,3,3,0,0,0,Safe
200,196,1000,0,1,0,0,0,1,0,0,3,3,0,0,0,Safe
200,728,1000,0,1,0,0,0,1,13,0,3,3,1,0,0,Safe
200,346,1000,0,1,0,0,0,1,5,0,3,3,0,0,0,Safe
200,214,1012,0,1,0,0,0,1,1,1,3,3,0,0,0,Safe
200,224,1000,0,1,0,0,0,1,0,0,4,4,0,0,0,Information
200,232,1000,0,1,0,0,0,1,1,0,3,3,0,0,0,Safe
200,334,1000,0,1,0,0,0,1,5,0,3,3,0,0,0,Safe
200,224,1780,0,1,0,0,0,1,13,1,3,3,1,0,0,Safe
200,227,1879,0,1,0,0,0,1,13,1,3,3,1,0,0,Input Validation
200,224,1000,0,1,0,0,0,1,1,0,3,3,0,0,0,Safe
200,218,1675,0,1,0,0,0,1,5,1,3,3,0,0,0,Input Validation
200,222,1000,0,1,0,0,0,1,0,0,4,4,0,0,0,Information
200,202,1000,0,1,0,0,0,1,0,0,3,3,0,0,0,Input Validation
200,1737,7005,2,1,2,4,3,0,0,0,4,2,0,1,0,Session
200,262,1000,0,1,0,0,0,1,0,0,6,6,0,0,0,Input Validation
200,203,1222,0,1,0,0,0,1,5,1,3,3,0,0,0,Safe
200,231,1954,0,1,0,0,0,1,13,1,3,3,1,0,0,Input Validation
200,983,7284,1,0,1,1,3,0,4,1,6,4,0,0,0,Configuration
200,150,1000,0,1,0,0,0,1,0,0,0,0,0,0,0,Information
200,370,1000,0,1,0,0,0,1,1,0,3,3,0,0,0,Input Validation
200,196,1000,0,1,0,0,0,1,0,0,3,3,0,0,0,Safe
200,172,1000,0,1,0,0,0,1,0,0,2,2,0,0,0,Safe
200,362,6054,1,2,2,4,0,0,4,2,3,0,1,0,1,Configuration
200,242,1000,0,1,0,0,0,1,0,0,4,4,0,0,0,Safe
200,197,1051,0,1,0,0,0,1,1,1,3,3,0,0,0,Safe
200,232,1963,0,1,0,0,0,1,13,1,3,3,1,0,0,Input Validation
403,1073,5772,2,4,1,5,2,1,0,2,9,4,1,0,0,Session
302,601,7912,4,3,2,1,3,0,1,0,8,0,1,0,1,Session
200,222,1264,0,1,0,0,0,1,1,1,3,3,0,0,0,Input Validation
302,1684,362,3,3,1,0,3,1,0,1,1,3,1,0,1,Authentication
200,207,1339,0,1,0,0,0,1,5,1,3,3,0,0,0,Input Validation
200,197,1054,0,1,0,0,0,1,1,1,3,3,0,0,0,Safe
200,150,1000,0,1,0,0,0,1,0,0,0,0,0,0,0,Information
200,202,1201,0,1,0,0,0,1,5,1,3,3,0,0,0,Safe
200,1001,798,0,1,1,3,4,1,0,0,3,1,1,1,1,Authentication
200,203,1210,0,1,0,0,0,1,1,1,3,3,0,0,0,Input Validation
200,330,1000,0,1,0,0,0,1,1,0,3,3,0,0,0,Input Validation
200,186,1000,0,1,0,0,0,1,0,0,2,2,0,0,0,Input Validation
200,230,1906,0,1,0,0,0,1,13,1,3,3,1,0,0,Input Validation
302,313,2941,0,4,2,5,2,0,3,0,5,0,0,0,0,Session
200,242,1000,0,1,0,0,0,1,0,0,5,5,0,0,0,Information
200,197,1114,0,1,0,0,0,1,3,1,3,3,0,0,0,Authorization
200,230,1000,0,1,0,0,0,1,0,0,3,3,0,0,0,Information
200,180,1000,0,1,0,0,0,1,0,0,2,2,0,0,0,Input Validation
200,199,1099,0,1,0,0,0,1,1,1,3,3,0,0,0,Authorization
200,814,1000,0,1,0,0,0,1,13,0,3,3,1,0,0,Input Validation
200,214,1012,0,1,0,0,0,1,1,1,3,3,0,0,0,Authorization
200,330,1000,0,1,0,0,0,1,5,0,3,3,1,0,0,Safe
200,340,1000,0,1,0,0,0,1,5,0,3,3,0,0,0,Safe
200,200,1000,0,1,0,0,0,1,0,0,1,1,0,0,0,Safe
200,336,1000,0,1,0,0,0,1,1,0,3,3,0,0,0,Safe
200,226,1855,0,1,0,0,0,1,13,1,3,3,1,0,0,Input Validation
200,206,1000,0,1,0,0,0,1,0,0,2,2,0,0,0,Information
403,1391,8542,2,2,2,3,3,1,1,1,3,0,1,1,1,Configuration
200,1074,1954,2,2,2,4,0,0,0,1,4,0,0,1,0,Configuration
302,807,821,0,0,1,4,1,0,5,1,2,4,0,0,1,Header
200,196,1000,0,1,0,0,0,1,0,0,3,3,0,0,0,Safe
302,1663,2032,6,2,2,5,4,1,3,0,1,0,1,0,0,Session
200,806,1000,0,1,0,0,0,1,13,0,3,3,1,0,0,Input Validation
200,252,1000,0,1,0,0,0,1,0,0,5,5,0,0,0,Information
200,178,1000,0,1,0,0,0,1,0,0,2,2,0,0,0,Safe
200,414,1000,0,1,0,0,0,1,3,0,3,3,0,0,0,Input Validation
200,1136,2170,7,3,1,2,0,1,3,0,8,1,1,1,0,Session
302,664,5492,2,2,2,3,3,0,1,2,5,2,1,1,0,Configuration
200,840,1000,0,1,0,0,0,1,13,0,3,3,1,0,0,Input Validation
200,205,1273,0,1,0,0,0,1,1,1,3,3,0,0,0,Input Validation
200,199,1099,0,1,0,0,0,1,1,1,3,3,0,0,0,Authorization
403,1516,2093,2,0,2,2,2,1,1,0,9,4,1,0,0,Header
200,203,1216,0,1,0,0,0,1,5,1,3,3,0,0,0,Safe
200,230,1903,0,1,0,0,0,1,13,1,3,3,1,0,0,Input Validation
200,214,1012,0,1,0,0,0,1,1,1,3,3,0,0,0,Authorization
200,207,1351,0,1,0,0,0,1,5,1,3,3,0,0,0,Input Validation
200,188,1000,0,1,0,0,0,1,0,0,3,3,0,0,0,Safe
200,420,1000,0,1,0,0,0,1,3,0,3,3,0,0,0,Input Validation
403,562,675,3,3,0,2,4,0,4,0,1,0,1,1,1,Configuration
200,378,1000,0,1,0,0,0,1,3,0,3,3,0,0,0,Input Validation
200,150,1000,0,1,0,0,0,1,0,0,0,0,0,0,0,Input Validation
200,220,1675,0,1,0,0,0,1,13,1,3,3,1,0,0,Authorization
200,1319,3772,1,1,2,1,4,0,3,0,4,4,1,0,0,Header
200,346,1000,0,1,0,0,0,1,3,0,3,3,0,0,0,Input Validation
200,232,1000,0,1,0,0,0,1,1,0,3,3,0,0,0,Safe
200,209,1171,0,1,0,0,0,1,5,1,3,3,1,0,0,Safe
200,650,1000,0,1,0,0,0,1,5,0,3,3,1,0,0,Input Validation
200,202,1000,0,1,0,0,0,1,0,0,3,3,0,0,0,Input Validation
200,786,1000,0,1,0,0,0,1,13,0,3,3,1,0,0,Input Validation
500,744,406,0,1,1,1,2,1,4,0,3,3,1,0,0,Configuration
200,210,1204,0,1,0,0,0,1,5,1,3,3,1,0,0,Safe
200,314,1000,0,1,0,0,0,1,1,0,3,3,0,0,0,Input Validation
200,266,1000,0,1,0,0,0,1,1,0,3,3,0,0,0,Safe
200,204,1000,0,1,0,0,0,1,0,0,3,3,0,0,0,Information
200,194,1000,0,1,0,0,0,1,0,0,3,3,0,0,0,Safe
200,210,1198,0,1,0,0,0,1,5,1,3,3,1,0,0,Safe
200,200,1000,0,1,0,0,0,1,0,0,3,3,0,0,0,Safe
200,203,1297,0,1,0,0,0,1,3,1,3,3,0,0,0,Input Validation
200,219,1168,0,1,0,0,0,1,1,1,3,3,0,0,0,Input Validation
200,222,1000,0,1,0,0,0,1,0,0,3,3,0,0,0,Input Validation
200,194,1000,0,1,0,0,0,1,0,0,3,3,0,0,0,Safe
200,196,1000,0,1,0,0,0,1,0,0,3,3,0,0,0,Safe
200,166,1000,0,1,0,0,0,1,0,0,1,1,0,0,0,Information
200,852,1000,0,1,0,0,0,1,13,0,3,3,1,0,0,Input Validation
200,197,1114,0,1,0,0,0,1,3,1,3,3,0,0,0,Safe
200,188,1000,0,1,0,0,0,1,0,0,3,3,0,0,0,Safe
200,262,1000,0,1,0,0,0,1,0,0,6,6,0,0,0,Information
200,262,1000,0,1,0,0,0,1,0,0,6,6,0,0,0,Information
400,366,6182,3,1,0,5,0,0,6,0,2,3,1,1,1,Configuration
200,832,1000,0,1,0,0,0,1,13,0,3,3,1,0,0,Input Validation
200,742,1000,0,1,0,0,0,1,13,0,3,3,1,0,0,Safe
200,192,1000,0,1,0,0,0,1,0,0,3,3,0,0,0,Safe
200,196,1000,0,1,0,0,0,1,0,0,3,3,0,0,0,Safe
200,372,1000,0,1,0,0,0,1,1,0,3,3,0,0,0,Input Validation
200,210,1189,0,1,0,0,0,1,5,1,3,3,1,0,0,Authorization
200,196,1000,0,1,0,0,0,1,0,0,3,3,0,0,0,Safe
200,150,1000,0,1,0,0,0,1,0,0,0,0,0,0,0,Information
200,1737,7005,2,1,2,4,3,0,0,0,4,2,0,1,0,Session
500,375,9433,3,2,0,3,0,1,6,0,6,4,1,0,0,Authentication
200,398,1000,0,1,0,0,0,1,5,0,3,3,1,0,0,Input Validation
200,166,1000,0,1,0,0,0,1,0,0,1,1,0,0,0,Information
500,1408,7797,2,2,1,2,1,0,4,1,7,4,0,1,1,Header
200,342,1000,0,1,0,0,0,1,1,0,3,3,0,0,0,Input Validation
200,214,1012,0,1,0,0,0,1,1,1,3,3,0,0,0,Safe
200,556,1000,0,1,0,0,0,1,1,0,3,3,0,0,0,Input Validation
403,1777,6142,5,2,0,0,0,1,3,0,3,4,1,1,0,Authentication
200,203,1222,0,1,0,0,0,1,1,1,3,3,0,0,0,Input Validation
200,680,1000,0,1,0,0,0,1,13,0,3,3,1,0,0,Safe
200,205,1336,0,1,0,0,0,1,3,1,3,3,0,0,0,Input Validation
200,201,1210,0,1,0,0,0,1,3,1,3,3,0,0,0,Input Validation
500,1609,3175,0,1,0,0,4,1,3,2,5,4,1,0,0,Header
200,188,1000,0,1,0,0,0,1,0,0,3,3,0,0,0,Safe
200,203,1213,0,1,0,0,0,1,5,1,3,3,0,0,0,Authorization
200,288,1000,0,1,0,0,0,1,3,0,3,3,0,0,0,Safe
200,390,1000,0,1,0,0,0,1,5,0,3,3,0,0,0,Input Validation
302,880,2861,0,0,1,5,4,1,0,1,6,1,0,1,1,Header
200,272,1000,0,1,0,0,0,1,3,0,3,3,0,0,0,Safe
200,480,1000,0,1,0,0,0,1,5,0,3,3,1,0,0,Input Validation
400,92,2006,6,0,2,2,3,1,3,0,3,2,1,0,1,Authentication
200,207,1342,0,1,0,0,0,1,5,1,3,3,0,0,0,Input Validation
200,150,1000,0,1,0,0,0,1,0,0,0,0,0,0,0,Information
200,213,1537,0,1,0,0,0,1,1,1,3,3,0,0,0,Input Validation
200,214,1012,0,1,0,0,0,1,1,1,3,3,0,0,0,Authorization
200,232,1975,0,1,0,0,0,1,13,1,3,3,1,0,0,Input Validation
403,586,1725,0,1,1,1,2,1,2,0,3,0,0,1,1,Configuration
200,354,1000,0,1,0,0,0,1,5,0,3,3,0,0,0,Input Validation
200,1136,2170,7,3,1,2,0,1,3,0,8,1,1,1,0,Session
200,780,1000,0,1,0,0,0,1,13,0,3,3,1,0,0,Safe
200,188,1000,0,1,0,0,0,1,0,0,3,3,0,0,0,Safe
500,714,8324,6,3,2,3,0,1,3,2,5,3,0,0,1,Session
200,194,1000,0,1,0,0,0,1,0,0,3,3,0,0,0,Safe
403,899,4133,3,2,0,3,1,0,2,2,8,3,0,0,1,Session
200,198,1132,0,1,0,0,0,1,3,1,3,3,0,0,0,Safe
200,332,1000,0,1,0,0,0,1,5,0,3,3,0,0,0,Safe
200,248,1000,0,1,0,0,0,1,0,0,4,4,0,0,0,Input Validation
200,166,1000,0,1,0,0,0,1,0,0,1,1,0,0,0,Input Validation
200,203,1225,0,1,0,0,0,1,5,1,3,3,0,0,0,Safe
200,216,1366,0,1,0,0,0,1,5,1,3,3,1,0,0,Input Validation
200,370,1000,0,1,0,0,0,1,1,0,3,3,0,0,0,Input Validation
200,166,1000,0,1,0,0,0,1,0,0,1,1,0,0,0,Input Validation
200,232,1000,0,1,0,0,0,1,1,0,3,3,0,0,0,Safe
200,198,1000,0,1,0,0,0,1,0,0,3,3,0,0,0,Safe
200,232,1000,0,1,0,0,0,1,1,0,3,3,0,0,0,Safe
400,1851,7619,1,1,0,2,3,0,3,1,4,0,0,1,0,Header
200,500,1000,0,1,0,0,0,1,5,0,3,3,0,0,0,Input Validation
200,1074,1954,2,2,2,4,0,0,0,1,4,0,0,1,0,Configuration
500,1906,1465,3,0,2,0,4,1,3,1,3,4,1,1,0,Authentication
400,366,6182,3,1,0,5,0,0,6,0,2,3,1,1,1,Configuration
200,1319,3772,1,1,2,1,4,0,3,0,4,4,1,0,0,Header
200,178,1000,0,1,0,0,0,1,0,0,2,2,0,0,0,Safe
200,204,1000,0,1,0,0,0,1,0,0,3,3,0,0,0,Input Validation
200,178,1000,0,1,0,0,0,1,0,0,2,2,0,0,0,Safe
200,203,1276,0,1,0,0,0,1,3,1,3,3,0,0,0,Input Validation
200,166,1000,0,1,0,0,0,1,0,0,1,1,0,0,0,Information
200,231,1522,0,1,0,0,0,1,1,1,3,3,0,0,0,Input Validation
500,1648,5529,1,2,0,5,1,0,1,0,9,0,1,0,1,Configuration
200,203,1219,0,1,0,0,0,1,5,1,3,3,0,0,0,Safe
500,72,5981,1,1,0,3,1,1,6,1,3,1,1,0,1,Authentication
200,166,1000,0,1,0,0,0,1,0,0,1,1,0,0,0,Information
200,460,1000,0,1,0,0,0,1,5,0,3,3,0,0,0,Input Validation
200,198,1000,0,1,0,0,0,1,0,0,3,3,0,0,0,Safe
200,224,1000,0,1,0,0,0,1,1,0,3,3,0,0,0,Safe
500,606,8281,2,3,0,2,1,0,2,2,3,2,0,1,1,Header
200,226,1807,0,1,0,0,0,1,13,1,3,3,1,0,0,Safe
200,1981,9304,0,1,1,0,1,1,5,1,9,4,1,0,1,Authentication
302,1071,3943,5,0,2,1,1,1,1,1,4,3,1,1,1,Authentication
400,1703,2880,6,1,2,0,0,0,5,0,5,2,0,0,0,Session
200,334,1000,0,1,0,0,0,1,5,0,3,3,1,0,0,Safe
403,767,2882,7,3,2,1,4,1,2,0,4,2,1,1,0,Authentication
200,200,1000,0,1,0,0,0,1,0,0,3,3,0,0,0,Safe
200,216,1000,0,1,0,0,0,1,0,0,4,4,0,0,0,Safe
200,282,1000,0,1,0,0,0,1,3,0,3,3,0,0,0,Safe
200,316,1000,0,1,0,0,0,1,1,0,3,3,0,0,0,Input Validation
200,188,1000,0,1,0,0,0,1,0,0,3,3,0,0,0,Safe
200,218,1666,0,1,0,0,0,1,5,1,3,3,0,0,0,Input Validation
500,1830,2068,7,3,1,2,0,0,7,0,1,0,0,1,0,Session
200,199,1099,0,1,0,0,0,1,1,1,3,3,0,0,0,Safe
400,1851,7619,1,1,0,2,3,0,3,1,4,0,0,1,0,Header
403,1693,104,6,3,1,4,3,1,6,2,7,3,1,0,1,Authentication
200,204,1327,0,1,0,0,0,1,3,1,3,3,0,0,0,Input Validation
200,214,1012,0,1,0,0,0,1,1,1,3,3,0,0,0,Safe
200,1042,1000,0,1,0,0,0,1,13,0,3,3,1,0,0,Input Validation
200,214,1012,0,1,0,0,0,1,1,1,3,3,0,0,0,Authorization
200,200,1000,0,1,0,0,0,1,0,0,3,3,0,0,0,Safe
200,200,1000,0,1,0,0,0,1,0,0,3,3,0,0,0,Safe
200,222,1000,0,1,0,0,0,1,0,0,4,4,0,0,0,Information
200,402,1000,0,1,0,0,0,1,3,0,3,3,0,0,0,Input Validation
200,203,1210,0,1,0,0,0,1,5,1,3,3,0,0,0,Safe
200,360,1000,0,1,0,0,0,1,1,0,3,3,0,0,0,Input Validation
200,330,1000,0,1,0,0,0,1,5,0,3,3,1,0,0,Safe
200,200,1000,0,1,0,0,0,1,0,0,3,3,0,0,0,Safe
200,194,1000,0,1,0,0,0,1,0,0,3,3,0,0,0,Safe
200,200,1000,0,1,0,0,0,1,0,0,3,3,0,0,0,Safe
200,882,1000,0,1,0,0,0,1,13,0,3,3,1,0,0,Safe
200,188,1000,0,1,0,0,0,1,0,0,3,3,0,0,0,Safe
403,1929,6396,0,2,1,4,3,1,1,0,7,0,0,0,0,Header
200,1981,9304,0,1,1,0,1,1,5,1,9,4,1,0,1,Authentication
200,213,1519,0,1,0,0,0,1,1,1,3,3,0,0,0,Input Validation
200,246,1000,0,1,0,0,0,1,0,0,4,4,0,0,0,Information
200,231,1930,0,1,0,0,0,1,13,1,3,3,1,0,0,Input Validation
200,202,1249,0,1,0,0,0,1,3,1,3,3,0,0,0,Input Validation
200,194,1000,0,1,0,0,0,1,0,0,3,3,0,0,0,Safe
200,230,1900,0,1,0,0,0,1,13,1,3,3,1,0,0,Input Validation
200,203,1276,0,1,0,0,0,1,3,1,3,3,0,0,0,Input Validation
200,196,1000,0,1,0,0,0,1,0,0,3,3,0,0,0,Safe
200,202,1204,0,1,0,0,0,1,5,1,3,3,0,0,0,Authorization
200,262,1000,0,1,0,0,0,1,0,0,6,6,0,0,0,Information
500,194,1173,1,2,0,5,1,1,5,0,4,2,1,1,1,Header
200,458,1000,0,1,0,0,0,1,5,0,3,3,0,0,0,Input Validation
200,214,1306,0,1,0,0,0,1,5,1,3,3,1,0,0,Input Validation
200,1157,8421,3,1,0,2,0,0,3,1,3,4,0,0,0,Configuration
200,200,1144,0,1,0,0,0,1,1,1,3,3,0,0,0,Input Validation
200,197,1051,0,1,0,0,0,1,1,1,3,3,0,0,0,Safe
200,573,2493,5,1,0,5,1,1,2,0,9,0,1,0,1,Authentication
500,717,7918,0,4,2,2,0,0,1,1,3,4,0,0,1,Session
200,306,1000,0,1,0,0,0,1,1,0,3,3,0,0,0,Input Validation
200,206,1000,0,1,0,0,0,1,0,0,3,3,0,0,0,Information
200,225,1756,0,1,0,0,0,1,13,1,3,3,1,0,0,Authorization
302,116,332,4,1,2,3,1,1,7,0,3,1,1,0,1,Authentication
200,380,1000,0,1,0,0,0,1,1,0,3,3,0,0,0,Input Validation
200,166,1000,0,1,0,0,0,1,0,0,1,1,0,0,0,Information
200,232,7290,7,4,1,1,3,1,5,1,2,3,1,1,0,Session
200,214,1000,0,1,0,0,0,1,0,0,4,4,0,0,0,Input Validation
200,184,1000,0,1,0,0,0,1,0,0,2,2,0,0,0,Safe
200,203,1231,0,1,0,0,0,1,5,1,3,3,0,0,0,Safe
200,212,1000,0,1,0,0,0,1,0,0,3,3,0,0,0,Safe
200,342,1000,0,1,0,0,0,1,5,0,3,3,0,0,0,Safe
200,198,1129,0,1,0,0,0,1,3,1,3,3,0,0,0,Authorization
200,414,1000,0,1,0,0,0,1,5,0,3,3,0,0,0,Input Validation
200,240,1000,0,1,0,0,0,1,0,0,4,4,0,0,0,Input Validation
200,206,1321,0,1,0,0,0,1,1,1,3,3,0,0,0,Input Validation
400,950,5880,2,1,1,0,1,1,5,0,2,2,0,1,1,Header
200,222,1000,0,1,0,0,0,1,0,0,3,3,0,0,0,Input Validation
400,912,9897,0,3,2,3,2,1,5,0,5,0,1,0,0,Session
200,197,1042,0,1,0,0,0,1,1,1,3,3,0,0,0,Safe
200,204,1000,0,1,0,0,0,1,0,0,3,3,0,0,0,Information
200,210,1000,0,1,0,0,0,1,0,0,3,3,0,0,0,Information
200,211,1213,0,1,0,0,0,1,5,1,3,3,1,0,0,Safe
200,188,1000,0,1,0,0,0,1,0,0,3,3,0,0,0,Safe
200,210,1438,0,1,0,0,0,1,5,1,3,3,0,0,0,Input Validation
200,196,1000,0,1,0,0,0,1,0,0,3,3,0,0,0,Safe
200,1074,1954,2,2,2,4,0,0,0,1,4,0,0,1,0,Configuration
403,1614,1318,2,1,1,0,0,0,2,2,2,3,0,1,1,Configuration
200,264,1000,0,1,0,0,0,1,1,0,3,3,0,0,0,Safe
200,210,1000,0,1,0,0,0,1,0,0,3,3,0,0,0,Input Validation
200,204,1249,0,1,0,0,0,1,1,1,3,3,0,0,0,Input Validation
200,202,1000,0,1,0,0,0,1,0,0,3,3,0,0,0,Safe
200,212,1000,0,1,0,0,0,1,0,0,3,3,0,0,0,Safe
200,258,1000,0,1,0,0,0,1,1,0,3,3,0,0,0,Input Validation
200,222,1738,0,1,0,0,0,1,13,1,3,3,1,0,0,Safe
200,200,1000,0,1,0,0,0,1,0,0,3,3,0,0,0,Information
200,227,1873,0,1,0,0,0,1,13,1,3,3,1,0,0,Safe
200,330,1000,0,1,0,0,0,1,1,0,3,3,0,0,0,Input Validation
200,224,1000,0,1,0,0,0,1,0,0,4,4,0,0,0,Input Validation
403,1423,7086,5,1,1,0,2,1,6,0,4,1,1,1,0,Authentication
302,57,3523,3,4,1,0,2,0,0,2,4,1,1,0,1,Session
200,206,1000,0,1,0,0,0,1,0,0,3,3,0,0,0,Input Validation
200,202,1204,0,1,0,0,0,1,5,1,3,3,0,0,0,Safe
200,199,1099,0,1,0,0,0,1,1,1,3,3,0,0,0,Safe
200,573,2493,5,1,0,5,1,1,2,0,9,0,1,0,1,Authentication
200,188,1000,0,1,0,0,0,1,0,0,2,2,0,0,0,Input Validation
200,226,1786,0,1,0,0,0,1,13,1,3,3,1,0,0,Authorization
200,1025,4166,0,1,1,1,1,0,4,0,7,3,1,0,1,Header
200,196,1000,0,1,0,0,0,1,0,0,3,3,0,0,0,Safe
500,114,6456,1,1,0,4,4,1,4,0,4,0,0,0,1,Input Validation
200,208,1000,0,1,0,0,0,1,0,0,3,3,0,0,0,Input Validation
200,209,1177,0,1,0,0,0,1,5,1,3,3,1,0,0,Authorization
200,150,1000,0,1,0,0,0,1,0,0,0,0,0,0,0,Information
200,834,1000,0,1,0,0,0,1,13,0,3,3,1,0,0,Input Validation
200,199,1099,0,1,0,0,0,1,1,1,3,3,0,0,0,Safe
200,336,1000,0,1,0,0,0,1,5,0,3,3,1,0,0,Safe
200,372,1000,0,1,0,0,0,1,1,0,3,3,0,0,0,Input Validation
200,180,1000,0,1,0,0,0,1,0,0,2,2,0,0,0,Input Validation
200,322,1000,0,1,0,0,0,1,1,0,3,3,0,0,0,Input Validation
500,1846,8345,3,2,0,0,2,1,1,0,3,1,1,1,0,Configuration
200,698,1000,0,1,0,0,0,1,13,0,3,3,1,0,0,Safe
200,180,1000,0,1,0,0,0,1,0,0,2,2,0,0,0,Information
200,223,1768,0,1,0,0,0,1,13,1,3,3,1,0,0,Authorization
200,210,1189,0,1,0,0,0,1,5,1,3,3,1,0,0,Safe
200,214,1012,0,1,0,0,0,1,1,1,3,3,0,0,0,Authorization
200,211,1462,0,1,0,0,0,1,5,1,3,3,0,0,0,Input Validation
200,227,1813,0,1,0,0,0,1,13,1,3,3,1,0,0,Authorization
200,227,1819,0,1,0,0,0,1,13,1,3,3,1,0,0,Safe
200,166,1000,0,1,0,0,0,1,0,0,1,1,0,0,0,Information
200,208,1000,0,1,0,0,0,1,0,0,3,3,0,0,0,Information
200,684,1000,0,1,0,0,0,1,13,0,3,3,1,0,0,Safe
400,232,3212,6,4,2,5,2,0,4,2,1,3,0,1,1,Session
200,754,1000,0,1,0,0,0,1,13,0,3,3,1,0,0,Safe
200,712,1000,0,1,0,0,0,1,13,0,3,3,1,0,0,Safe
200,214,1012,0,1,0,0,0,1,1,1,3,3,0,0,0,Authorization
200,322,1000,0,1,0,0,0,1,3,0,3,3,0,0,0,Input Validation
200,749,5545,2,0,1,5,4,0,3,2,3,3,1,1,1,Header
200,210,1183,0,1,0,0,0,1,5,1,3,3,1,0,0,Authorization
200,201,1150,0,1,0,0,0,1,1,1,3,3,0,0,0,Input Validation
200,188,1000,0,1,0,0,0,1,0,0,3,3,0,0,0,Input Validation
200,306,1000,0,1,0,0,0,1,1,0,3,3,0,0,0,Input Validation
200,188,1000,0,1,0,0,0,1,0,0,3,3,0,0,0,Safe
200,478,1000,0,1,0,0,0,1,5,0,3,3,1,0,0,Input Validation
200,714,1000,0,1,0,0,0,1,13,0,3,3,1,0,0,Safe
200,150,1000,0,1,0,0,0,1,0,0,0,0,0,0,0,Information
200,770,1000,0,1,0,0,0,1,13,0,3,3,1,0,0,Input Validation
200,250,1000,0,1,0,0,0,1,0,0,4,4,0,0,0,Information
500,819,2596,2,2,1,1,3,1,6,1,3,2,0,1,1,Input Validation
200,152,1000,0,1,0,0,0,1,0,0,1,1,0,0,0,Input Validation
200,200,1000,0,1,0,0,0,1,0,0,3,3,0,0,0,Safe
200,214,1012,0,1,0,0,0,1,1,1,3,3,0,0,0,Safe
200,232,1960,0,1,0,0,0,1,13,1,3,3,1,0,0,Input Validation
200,212,1000,0,1,0,0,0,1,0,0,3,3,0,0,0,Safe
200,772,1000,0,1,0,0,0,1,13,0,3,3,1,0,0,Input Validation
200,686,1000,0,1,0,0,0,1,13,0,3,3,1,0,0,Safe
400,1428,3755,2,2,0,4,1,0,4,2,6,1,1,0,0,Session
200,198,1000,0,1,0,0,0,1,0,0,4,4,0,0,0,Information
200,258,1000,0,1,0,0,0,1,1,0,3,3,0,0,0,Input Validation
200,226,1789,0,1,0,0,0,1,13,1,3,3,1,0,0,Safe
403,195,4488,0,3,0,4,0,0,0,0,8,3,1,0,1,Configuration
200,432,1000,0,1,0,0,0,1,1,0,3,3,0,0,0,Input Validation
200,312,1000,0,1,0,0,0,1,1,0,3,3,0,0,0,Input Validation
200,202,1000,0,1,0,0,0,1,0,0,3,3,0,0,0,Input Validation
200,214,1000,0,1,0,0,0,1,0,0,4,4,0,0,0,Safe
200,214,1012,0,1,0,0,0,1,1,1,3,3,0,0,0,Safe
200,336,1000,0,1,0,0,0,1,1,0,3,3,0,0,0,Safe
200,214,1012,0,1,0,0,0,1,1,1,3,3,0,0,0,Safe
200,282,1000,0,1,0,0,0,1,3,0,3,3,0,0,0,Safe
200,354,1000,0,1,0,0,0,1,5,0,3,3,0,0,0,Input Validation
400,1759,3733,1,2,2,4,3,0,7,1,3,3,1,0,0,Configuration
200,203,1213,0,1,0,0,0,1,5,1,3,3,0,0,0,Safe
200,218,1426,0,1,0,0,0,1,5,1,3,3,1,0,0,Input Validation
200,196,1000,0,1,0,0,0,1,0,0,3,3,0,0,0,Safe
200,224,1000,0,1,0,0,0,1,1,0,3,3,0,0,0,Safe
200,208,1369,0,1,0,0,0,1,5,1,3,3,0,0,0,Input Validation
200,328,1000,0,1,0,0,0,1,1,0,3,3,0,0,0,Input Validation
200,204,1000,0,1,0,0,0,1,0,0,3,3,0,0,0,Input Validation
200,412,1000,0,1,0,0,0,1,1,0,3,3,0,0,0,Input Validation
200,166,1000,0,1,0,0,0,1,0,0,1,1,0,0,0,Information
200,216,1609,0,1,0,0,0,1,1,1,3,3,0,0,0,Input Validation
200,196,1000,0,1,0,0,0,1,0,0,3,3,0,0,0,Input Validation
200,194,1000,0,1,0,0,0,1,0,0,3,3,0,0,0,Safe
200,199,1099,0,1,0,0,0,1,1,1,3,3,0,0,0,Safe
200,197,1114,0,1,0,0,0,1,3,1,3,3,0,0,0,Authorization
200,199,1099,0,1,0,0,0,1,1,1,3,3,0,0,0,Safe
200,830,462,0,0,0,1,3,0,2,1,7,4,0,0,1,Configuration
200,217,1396,0,1,0,0,0,1,5,1,3,3,1,0,0,Input Validation
403,210,5799,0,1,0,3,2,1,7,0,3,4,1,1,1,Authentication
200,204,1000,0,1,0,0,0,1,0,0,3,3,0,0,0,Input Validation
200,212,1000,0,1,0,0,0,1,0,0,3,3,0,0,0,Safe
200,1659,817,2,0,1,1,0,0,5,2,4,1,1,0,0,Header
200,216,1075,0,1,0,0,0,1,1,1,3,3,0,0,0,Input Validation
200,217,1417,0,1,0,0,0,1,5,1,3,3,1,0,0,Input Validation
500,1830,2068,7,3,1,2,0,0,7,0,1,0,0,1,0,Session
200,240,1000,0,1,0,0,0,1,0,0,4,4,0,0,0,Information
400,543,2151,3,1,0,4,1,0,4,2,6,1,1,0,1,Configuration
200,199,1099,0,1,0,0,0,1,1,1,3,3,0,0,0,Authorization
302,1663,2032,6,2,2,5,4,1,3,0,1,0,1,0,0,Session
200,464,1000,0,1,0,0,0,1,5,0,3,3,0,0,0,Input Validation
403,1633,6272,0,1,1,1,3,1,4,2,7,1,1,0,1,Input Validation
200,209,1399,0,1,0,0,0,1,5,1,3,3,0,0,0,Input Validation
200,198,1072,0,1,0,0,0,1,1,1,3,3,0,0,0,Input Validation
500,1648,5529,1,2,0,5,1,0,1,0,9,0,1,0,1,Configuration
200,197,1051,0,1,0,0,0,1,1,1,3,3,0,0,0,Safe
200,231,1939,0,1,0,0,0,1,13,1,3,3,1,0,0,Input Validation
200,200,1000,0,1,0,0,0,1,0,0,3,3,0,0,0,Information
200,198,1000,0,1,0,0,0,1,0,0,1,1,0,0,0,Information
200,188,1000,0,1,0,0,0,1,0,0,2,2,0,0,0,Information
200,180,1000,0,1,0,0,0,1,0,0,2,2,0,0,0,Information
403,1391,8542,2,2,2,3,3,1,1,1,3,0,1,1,1,Configuration
200,1245,9535,5,0,1,4,2,1,0,0,8,4,1,1,0,Authentication
403,1185,5562,0,0,2,1,0,0,1,0,8,1,0,1,0,Header
200,676,1000,0,1,0,0,0,1,13,0,3,3,1,0,0,Safe
400,1759,3733,1,2,2,4,3,0,7,1,3,3,1,0,0,Configuration
200,201,1174,0,1,0,0,0,1,1,1,3,3,0,0,0,Input Validation
200,286,1000,0,1,0,0,0,1,1,0,3,3,0,0,0,Input Validation
200,288,1000,0,1,0,0,0,1,3,0,3,3,0,0,0,Safe
200,256,1000,0,1,0,0,0,1,0,0,4,4,0,0,0,Input Validation
200,240,1000,0,1,0,0,0,1,0,0,4,4,0,0,0,Information
200,330,1000,0,1,0,0,0,1,1,0,3,3,0,0,0,Input Validation
200,312,1000,0,1,0,0,0,1,1,0,3,3,0,0,0,Input Validation
200,203,1216,0,1,0,0,0,1,1,1,3,3,0,0,0,Input Validation
200,231,1993,0,1,0,0,0,1,13,1,3,3,1,0,0,Input Validation
200,224,1744,0,1,0,0,0,1,13,1,3,3,1,0,0,Authorization
200,199,1099,0,1,0,0,0,1,1,1,3,3,0,0,0,Safe
200,194,1000,0,1,0,0,0,1,0,0,3,3,0,0,0,Safe
200,188,1000,0,1,0,0,0,1,0,0,3,3,0,0,0,Safe
200,604,1000,0,1,0,0,0,1,1,0,3,3,0,0,0,Input Validation
200,238,1000,0,1,0,0,0,1,0,0,4,4,0,0,0,Input Validation
400,1652,6318,4,3,1,2,2,1,2,1,3,1,1,0,0,Session
200,232,1966,0,1,0,0,0,1,13,1,3,3,1,0,0,Input Validation
200,228,1867,0,1,0,0,0,1,13,1,3,3,1,0,0,Safe
200,192,1000,0,1,0,0,0,1,0,0,3,3,0,0,0,Safe
200,192,1000,0,1,0,0,0,1,0,0,3,3,0,0,0,Safe
200,202,1201,0,1,0,0,0,1,5,1,3,3,0,0,0,Authorization
200,201,1171,0,1,0,0,0,1,1,1,3,3,0,0,0,Input Validation
200,258,1000,0,1,0,0,0,1,0,0,5,5,0,0,0,Information
200,260,1000,0,1,0,0,0,1,0,0,4,4,0,0,0,Information
200,332,1000,0,1,0,0,0,1,1,0,3,3,0,0,0,Input Validation
200,500,1000,0,1,0,0,0,1,5,0,3,3,1,0,0,Input Validation
200,194,1000,0,1,0,0,0,1,0,0,2,2,0,0,0,Information
200,194,1000,0,1,0,0,0,1,0,0,3,3,0,0,0,Safe
200,214,1000,0,1,0,0,0,1,0,0,2,2,0,0,0,Information
200,197,1114,0,1,0,0,0,1,3,1,3,3,0,0,0,Authorization
200,214,1012,0,1,0,0,0,1,1,1,3,3,0,0,0,Safe
200,226,1804,0,1,0,0,0,1,13,1,3,3,1,0,0,Safe
200,732,1000,0,1,0,0,0,1,13,0,3,3,1,0,0,Safe
200,206,1000,0,1,0,0,0,1,0,0,3,3,0,0,0,Information
200,200,1132,0,1,0,0,0,1,1,1,3,3,0,0,0,Input Validation
200,198,1000,0,1,0,0,0,1,0,0,3,3,0,0,0,Safe
200,196,1000,0,1,0,0,0,1,0,0,3,3,0,0,0,Safe
302,66,5488,0,1,0,2,1,0,6,0,1,0,1,0,0,Header
500,1152,4857,0,3,0,2,3,1,5,0,1,0,0,1,0,Header
200,197,1114,0,1,0,0,0,1,3,1,3,3,0,0,0,Safe
200,348,1000,0,1,0,0,0,1,5,0,3,3,0,0,0,Safe
200,202,1000,0,1,0,0,0,1,0,0,3,3,0,0,0,Safe
200,214,1318,0,1,0,0,0,1,5,1,3,3,1,0,0,Input Validation
200,224,1000,0,1,0,0,0,1,0,0,4,4,0,0,0,Information
200,200,1000,0,1,0,0,0,1,0,0,3,3,0,0,0,Safe
200,202,1186,0,1,0,0,0,1,1,1,3,3,0,0,0,Input Validation
200,180,1000,0,1,0,0,0,1,0,0,2,2,0,0,0,Information
403,1005,6395,1,0,2,0,3,1,4,1,4,1,0,1,1,Configuration
200,346,1000,0,1,0,0,0,1,3,0,3,3,0,0,0,Input Validation
200,198,1000,0,1,0,0,0,1,0,0,3,3,0,0,0,Safe
403,1884,7275,2,3,1,5,0,1,3,2,7,4,0,0,1,Header
200,324,1000,0,1,0,0,0,1,1,0,3,3,0,0,0,Input Validation
302,614,8082,4,3,1,4,4,1,7,1,6,0,1,1,1,Session
200,242,1000,0,1,0,0,0,1,0,0,4,4,0,0,0,Information
200,224,1000,0,1,0,0,0,1,0,0,4,4,0,0,0,Information
200,350,1000,0,1,0,0,0,1,5,0,3,3,0,0,0,Safe
200,208,1369,0,1,0,0,0,1,5,1,3,3,0,0,0,Input Validation
400,866,1929,7,2,1,3,3,1,0,2,4,0,0,1,0,Session
200,202,1204,0,1,0,0,0,1,5,1,3,3,0,0,0,Safe
200,302,1000,0,1,0,0,0,1,1,0,3,3,0,0,0,Input Validation
200,203,1225,0,1,0,0,0,1,5,1,3,3,0,0,0,Authorization
200,476,1000,0,1,0,0,0,1,5,0,3,3,0,0,0,Input Validation
302,316,1808,6,4,1,4,2,0,3,0,1,3,0,1,1,Session
200,150,1000,0,1,0,0,0,1,0,0,0,0,0,0,0,Input Validation
500,1888,109,7,1,1,2,4,1,6,0,6,0,1,1,0,Authentication
200,150,1000,0,1,0,0,0,1,0,0,0,0,0,0,0,Input Validation
200,225,1777,0,1,0,0,0,1,13,1,3,3,1,0,0,Authorization
200,231,2005,0,1,0,0,0,1,13,1,3,3,1,0,0,Input Validation
200,406,1000,0,1,0,0,0,1,5,0,3,3,0,0,0,Input Validation
200,224,1000,0,1,0,0,0,1,0,0,4,4,0,0,0,Input Validation
200,139,9067,4,1,1,1,1,1,0,2,4,1,1,1,0,Authentication
200,730,1000,0,1,0,0,0,1,13,0,3,3,1,0,0,Safe
200,202,1204,0,1,0,0,0,1,5,1,3,3,0,0,0,Safe
200,1795,6816,3,4,1,2,2,1,1,0,9,4,0,0,0,Session
200,382,1000,0,1,0,0,0,1,5,0,3,3,0,0,0,Input Validation
400,1906,1172,6,1,1,5,3,0,6,2,9,1,1,0,1,Session
200,774,1000,0,1,0,0,0,1,13,0,3,3,1,0,0,Input Validation
400,232,3212,6,4,2,5,2,0,4,2,1,3,0,1,1,Session
200,225,1825,0,1,0,0,0,1,13,1,3,3,1,0,0,Safe
200,203,1225,0,1,0,0,0,1,5,1,3,3,0,0,0,Safe
200,178,1000,0,1,0,0,0,1,0,0,2,2,0,0,0,Safe
200,205,1282,0,1,0,0,0,1,1,1,3,3,0,0,0,Safe
200,264,1000,0,1,0,0,0,1,1,0,3,3,0,0,0,Safe
200,220,1723,0,1,0,0,0,1,5,1,3,3,0,0,0,Input Validation
200,192,1000,0,1,0,0,0,1,0,0,3,3,0,0,0,Safe
200,220,1666,0,1,0,0,0,1,13,1,3,3,1,0,0,Authorization
200,210,1189,0,1,0,0,0,1,5,1,3,3,1,0,0,Authorization
200,196,1000,0,1,0,0,0,1,0,0,3,3,0,0,0,Safe
302,190,7883,5,1,0,0,3,1,3,0,8,4,1,0,1,Authentication
200,224,1000,0,1,0,0,0,1,0,0,3,3,0,0,0,Safe
400,145,5307,0,3,1,2,3,1,4,1,5,1,0,1,0,Configuration
200,214,1561,0,1,0,0,0,1,1,1,3,3,0,0,0,Input Validation
403,820,3255,5,4,0,1,4,1,2,1,8,1,0,0,1,Session
200,217,1651,0,1,0,0,0,1,5,1,3,3,0,0,0,Input Validation
200,748,1000,0,1,0,0,0,1,13,0,3,3,1,0,0,Safe
403,990,8116,0,2,0,2,2,0,4,0,7,1,1,1,0,Session
200,422,1000,0,1,0,0,0,1,5,0,3,3,0,0,0,Input Validation
200,226,1807,0,1,0,0,0,1,13,1,3,3,1,0,0,Input Validation
200,384,1000,0,1,0,0,0,1,1,0,3,3,0,0,0,Input Validation
200,196,1000,0,1,0,0,0,1,0,0,3,3,0,0,0,Safe
200,221,1234,0,1,0,0,0,1,1,1,3,3,0,0,0,Input Validation
200,488,1000,0,1,0,0,0,1,5,0,3,3,0,0,0,Input Validation
200,214,1015,0,1,0,0,0,1,1,1,3,3,0,0,0,Safe
200,197,1117,0,1,0,0,0,1,3,1,3,3,0,0,0,Safe
200,254,1000,0,1,0,0,0,1,0,0,4,4,0,0,0,Information
200,202,1000,0,1,0,0,0,1,0,0,3,3,0,0,0,Information
200,221,1690,0,1,0,0,0,1,13,1,3,3,1,0,0,Authorization
200,672,1000,0,1,0,0,0,1,13,0,3,3,1,0,0,Input Validation
200,150,1000,0,1,0,0,0,1,0,0,0,0,0,0,0,Information
200,218,1444,0,1,0,0,0,1,5,1,3,3,1,0,0,Input Validation
200,152,1000,0,1,0,0,0,1,0,0,1,1,0,0,0,Information
200,472,1000,0,1,0,0,0,1,5,0,3,3,0,0,0,Input Validation
200,196,1000,0,1,0,0,0,1,0,0,3,3,0,0,0,Safe
200,672,1000,0,1,0,0,0,1,5,0,3,3,1,0,0,Input Validation
200,306,1000,0,1,0,0,0,1,1,0,3,3,0,0,0,Input Validation
200,420,1000,0,1,0,0,0,1,3,0,3,3,0,0,0,Input Validation
200,196,1000,0,1,0,0,0,1,0,0,3,3,0,0,0,Safe
200,196,1000,0,1,0,0,0,1,0,0,3,3,0,0,0,Input Validation
200,812,1000,0,1,0,0,0,1,13,0,3,3,1,0,0,Input Validation
400,189,1524,0,0,0,0,3,1,4,1,8,2,0,1,1,Header
403,1185,5562,0,0,2,1,0,0,1,0,8,1,0,1,0,Header
200,470,6317,3,1,1,2,4,1,1,1,7,2,1,0,0,Session
500,717,7918,0,4,2,2,0,0,1,1,3,4,0,0,1,Session
200,198,1000,0,1,0,0,0,1,0,0,3,3,0,0,0,Safe
200,214,1012,0,1,0,0,0,1,1,1,3,3,0,0,0,Authorization
200,213,1297,0,1,0,0,0,1,5,1,3,3,1,0,0,Input Validation
200,194,1000,0,1,0,0,0,1,0,0,3,3,0,0,0,Safe
200,166,1000,0,1,0,0,0,1,0,0,1,1,0,0,0,Input Validation
200,1852,7549,6,0,1,2,2,1,4,0,2,0,1,0,0,Authentication
200,422,1000,0,1,0,0,0,1,3,0,3,3,0,0,0,Input Validation
200,214,1012,0,1,0,0,0,1,1,1,3,3,0,0,0,Authorization
200,196,1000,0,1,0,0,0,1,0,0,3,3,0,0,0,Information
500,988,4905,3,3,2,5,2,1,4,1,9,3,1,0,1,Configuration
500,714,8324,6,3,2,3,0,1,3,2,5,3,0,0,1,Session
200,229,1885,0,1,0,0,0,1,13,1,3,3,1,0,0,Input Validation
200,212,1000,0,1,0,0,0,1,0,0,4,4,0,0,0,Information
200,225,1750,0,1,0,0,0,1,13,1,3,3,1,0,0,Authorization
200,842,1000,0,1,0,0,0,1,13,0,3,3,1,0,0,Input Validation
200,202,1000,0,1,0,0,0,1,0,0,3,3,0,0,0,Safe
200,199,1099,0,1,0,0,0,1,1,1,3,3,0,0,0,Safe
200,202,1000,0,1,0,0,0,1,0,0,2,2,0,0,0,Information
302,1065,1872,0,3,0,2,2,0,2,1,3,2,0,1,0,Session
200,820,1000,0,1,0,0,0,1,13,0,3,3,1,0,0,Input Validation
200,318,1000,0,1,0,0,0,1,5,0,3,3,1,0,0,Safe
200,186,1000,0,1,0,0,0,1,0,0,1,1,0,0,0,Input Validation
200,1795,6816,3,4,1,2,2,1,1,0,9,4,0,0,0,Session
200,209,1171,0,1,0,0,0,1,5,1,3,3,1,0,0,Authorization
200,472,1000,0,1,0,0,0,1,5,0,3,3,1,0,0,Input Validation
400,217,8901,3,0,0,4,1,0,0,1,5,3,1,1,1,Configuration
200,250,1000,0,1,0,0,0,1,0,0,4,4,0,0,0,Input Validation
200,188,1000,0,1,0,0,0,1,0,0,3,3,0,0,0,Safe
200,212,1000,0,1,0,0,0,1,0,0,3,3,0,0,0,Safe
200,242,1000,0,1,0,0,0,1,0,0,5,5,0,0,0,Information
200,188,1000,0,1,0,0,0,1,0,0,3,3,0,0,0,Safe
200,398,1000,0,1,0,0,0,1,5,0,3,3,1,0,0,Input Validation
200,225,1750,0,1,0,0,0,1,13,1,3,3,1,0,0,Safe
200,198,1129,0,1,0,0,0,1,3,1,3,3,0,0,0,Authorization
200,225,1831,0,1,0,0,0,1,13,1,3,3,1,0,0,Input Validation
400,167,3553,2,3,2,4,0,0,0,1,1,2,0,1,1,Header
200,690,1000,0,1,0,0,0,1,13,0,3,3,1,0,0,Safe
200,214,1000,0,1,0,0,0,1,0,0,2,2,0,0,0,Information
200,202,1000,0,1,0,0,0,1,0,0,3,3,0,0,0,Safe
500,1830,2068,7,3,1,2,0,0,7,0,1,0,0,1,0,Session
200,197,1051,0,1,0,0,0,1,1,1,3,3,0,0,0,Authorization
200,196,1000,0,1,0,0,0,1,0,0,3,3,0,0,0,Information
200,214,1000,0,1,0,0,0,1,0,0,4,4,0,0,0,Safe
200,234,1000,0,1,0,0,0,1,0,0,5,5,0,0,0,Safe
200,372,1000,0,1,0,0,0,1,3,0,3,3,0,0,0,Input Validation
200,194,1000,0,1,0,0,0,1,0,0,3,3,0,0,0,Safe
200,202,1201,0,1,0,0,0,1,5,1,3,3,0,0,0,Safe
200,207,1354,0,1,0,0,0,1,5,1,3,3,0,0,0,Input Validation
400,1731,6663,2,3,2,0,4,1,1,1,2,2,0,1,1,Session
200,200,1000,0,1,0,0,0,1,0,0,3,3,0,0,0,Safe
200,210,1000,0,1,0,0,0,1,0,0,4,4,0,0,0,Information
200,284,1000,0,1,0,0,0,1,3,0,3,3,0,0,0,Safe
200,214,1012,0,1,0,0,0,1,1,1,3,3,0,0,0,Safe
403,1324,1056,2,1,1,1,0,0,4,1,1,2,1,0,0,Configuration
200,272,1000,0,1,0,0,0,1,3,0,3,3,0,0,0,Safe
200,356,1000,0,1,0,0,0,1,1,0,3,3,0,0,0,Input Validation
500,911,6811,2,1,2,3,0,1,4,0,4,4,1,1,1,Header
200,231,1522,0,1,0,0,0,1,1,1,3,3,0,0,0,Input Validation
302,1063,7279,2,3,0,0,4,0,1,2,7,3,0,1,0,Configuration
200,304,1000,0,1,0,0,0,1,1,0,3,3,0,0,0,Input Validation
302,484,8675,1,1,1,5,3,0,0,2,4,0,0,0,1,Header
200,202,1201,0,1,0,0,0,1,1,1,3,3,0,0,0,Input Validation
200,482,1000,0,1,0,0,0,1,5,0,3,3,0,0,0,Input Validation
200,238,1000,0,1,0,0,0,1,0,0,5,5,0,0,0,Input Validation
200,212,1000,0,1,0,0,0,1,0,0,3,3,0,0,0,Safe
200,224,1000,0,1,0,0,0,1,0,0,4,4,0,0,0,Information
200,202,1000,0,1,0,0,0,1,0,0,3,3,0,0,0,Input Validation
200,240,1000,0,1,0,0,0,1,0,0,4,4,0,0,0,Input Validation
302,90,3199,6,0,1,0,4,1,3,1,3,0,1,0,0,Authentication
200,194,1000,0,1,0,0,0,1,0,0,3,3,0,0,0,Safe
200,194,1000,0,1,0,0,0,1,0,0,3,3,0,0,0,Safe
200,252,1000,0,1,0,0,0,1,0,0,4,4,0,0,0,Input Validation
403,1027,5204,6,3,2,5,4,1,0,2,7,0,1,0,1,Authentication
200,544,1000,0,1,0,0,0,1,1,0,3,3,0,0,0,Input Validation
200,223,1717,0,1,0,0,0,1,13,1,3,3,1,0,0,Safe
200,182,1000,0,1,0,0,0,1,0,0,2,2,0,0,0,Safe
400,1120,3911,1,3,1,4,4,1,0,2,7,1,1,1,0,Header
200,1204,3656,2,2,0,0,1,1,0,1,2,1,1,1,0,Authentication
200,210,1180,0,1,0,0,0,1,5,1,3,3,1,0,0,Authorization
200,328,1000,0,1,0,0,0,1,1,0,3,3,0,0,0,Input Validation
200,200,1000,0,1,0,0,0,1,0,0,3,3,0,0,0,Safe
200,188,1000,0,1,0,0,0,1,0,0,3,3,0,0,0,Safe
200,232,1000,0,1,0,0,0,1,1,0,3,3,0,0,0,Safe
200,186,1000,0,1,0,0,0,1,0,0,2,2,0,0,0,Input Validation
200,214,1000,0,1,0,0,0,1,0,0,4,4,0,0,0,Safe
500,194,1173,1,2,0,5,1,1,5,0,4,2,1,1,1,Header
200,222,1732,0,1,0,0,0,1,13,1,3,3,1,0,0,Safe
200,264,1000,0,1,0,0,0,1,1,0,3,3,0,0,0,Safe
200,203,1222,0,1,0,0,0,1,1,1,3,3,0,0,0,Input Validation
200,197,1051,0,1,0,0,0,1,1,1,3,3,0,0,0,Safe
500,988,4905,3,3,2,5,2,1,4,1,9,3,1,0,1,Configuration
200,232,2023,0,1,0,0,0,1,13,1,3,3,1,0,0,Input Validation
200,282,1000,0,1,0,0,0,1,3,0,3,3,0,0,0,Safe
200,338,1000,0,1,0,0,0,1,5,0,3,3,0,0,0,Safe
200,216,1000,0,1,0,0,0,1,0,0,4,4,0,0,0,Safe
200,214,1000,0,1,0,0,0,1,0,0,2,2,0,0,0,Information
200,198,1000,0,1,0,0,0,1,0,0,3,3,0,0,0,Safe
200,228,1924,0,1,0,0,0,1,13,1,3,3,1,0,0,Input Validation
200,196,1000,0,1,0,0,0,1,0,0,3,3,0,0,0,Information
200,348,1000,0,1,0,0,0,1,5,0,3,3,0,0,0,Safe
403,1338,3042,1,1,0,1,0,1,6,2,3,4,1,1,1,Header
200,204,1000,0,1,0,0,0,1,0,0,3,3,0,0,0,Input Validation
200,432,1000,0,1,0,0,0,1,5,0,3,3,0,0,0,Input Validation
200,484,1000,0,1,0,0,0,1,5,0,3,3,0,0,0,Input Validation
200,218,1000,0,1,0,0,0,1,0,0,4,4,0,0,0,Safe
200,196,1000,0,1,0,0,0,1,0,0,3,3,0,0,0,Safe
200,366,1000,0,1,0,0,0,1,3,0,3,3,0,0,0,Input Validation
200,256,1000,0,1,0,0,0,1,0,0,4,4,0,0,0,Input Validation
400,1447,1595,0,3,0,5,0,1,3,1,7,1,1,0,0,Authentication
200,214,1012,0,1,0,0,0,1,1,1,3,3,0,0,0,Authorization
200,231,1945,0,1,0,0,0,1,13,1,3,3,1,0,0,Input Validation
200,224,1000,0,1,0,0,0,1,0,0,3,3,0,0,0,Input Validation
200,200,1000,0,1,0,0,0,1,0,0,3,3,0,0,0,Safe
200,690,1000,0,1,0,0,0,1,13,0,3,3,1,0,0,Safe
200,208,1381,0,1,0,0,0,1,5,1,3,3,0,0,0,Input Validation
200,214,1000,0,1,0,0,0,1,0,0,2,2,0,0,0,Information
200,197,1114,0,1,0,0,0,1,3,1,3,3,0,0,0,Safe
200,214,1012,0,1,0,0,0,1,1,1,3,3,0,0,0,Safe
500,721,6416,4,2,0,5,4,1,3,0,4,2,1,1,0,Authentication
200,240,1000,0,1,0,0,0,1,0,0,5,5,0,0,0,Information
200,230,1000,0,1,0,0,0,1,0,0,3,3,0,0,0,Information
200,332,1000,0,1,0,0,0,1,1,0,3,3,0,0,0,Input Validation
200,199,1099,0,1,0,0,0,1,1,1,3,3,0,0,0,Authorization
200,384,1000,0,1,0,0,0,1,3,0,3,3,0,0,0,Input Validation
200,180,1000,0,1,0,0,0,1,0,0,2,2,0,0,0,Input Validation
500,988,4905,3,3,2,5,2,1,4,1,9,3,1,0,1,Configuration
200,197,1051,0,1,0,0,0,1,1,1,3,3,0,0,0,Authorization
500,744,406,0,1,1,1,2,1,4,0,3,3,1,0,0,Configuration
200,784,1000,0,1,0,0,0,1,13,0,3,3,1,0,0,Input Validation
200,214,1012,0,1,0,0,0,1,1,1,3,3,0,0,0,Safe
200,197,1051,0,1,0,0,0,1,1,1,3,3,0,0,0,Safe
200,370,1000,0,1,0,0,0,1,1,0,3,3,0,0,0,Input Validation
200,203,1213,0,1,0,0,0,1,5,1,3,3,0,0,0,Authorization
200,740,1000,0,1,0,0,0,1,13,0,3,3,1,0,0,Safe
200,202,1000,0,1,0,0,0,1,0,0,3,3,0,0,0,Information
200,224,1789,0,1,0,0,0,1,13,1,3,3,1,0,0,Safe
200,214,1012,0,1,0,0,0,1,1,1,3,3,0,0,0,Authorization
200,196,1000,0,1,0,0,0,1,0,0,3,3,0,0,0,Safe
200,226,1801,0,1,0,0,0,1,13,1,3,3,1,0,0,Safe
200,196,1000,0,1,0,0,0,1,0,0,3,3,0,0,0,Safe
302,313,2941,0,4,2,5,2,0,3,0,5,0,0,0,0,Session
200,216,1000,0,1,0,0,0,1,0,0,4,4,0,0,0,Safe
200,232,1000,0,1,0,0,0,1,1,0,3,3,0,0,0,Safe
200,372,1000,0,1,0,0,0,1,1,0,3,3,0,0,0,Input Validation
200,209,1171,0,1,0,0,0,1,5,1,3,3,1,0,0,Authorization
200,238,1000,0,1,0,0,0,1,0,0,4,4,0,0,0,Safe
200,214,1012,0,1,0,0,0,1,1,1,3,3,0,0,0,Authorization
200,334,1000,0,1,0,0,0,1,5,0,3,3,0,0,0,Safe
200,364,1000,0,1,0,0,0,1,1,0,3,3,0,0,0,Input Validation
200,1487,9012,2,2,1,2,1,1,6,2,4,1,0,1,1,Header
200,828,1000,0,1,0,0,0,1,13,0,3,3,1,0,0,Input Validation
200,188,1000,0,1,0,0,0,1,0,0,3,3,0,0,0,Safe
200,222,1000,0,1,0,0,0,1,0,0,3,3,0,0,0,Information
403,1614,1318,2,1,1,0,0,0,2,2,2,3,0,1,1,Configuration
500,1182,6688,7,3,0,1,3,1,4,0,7,4,0,0,0,Session
200,224,1732,0,1,0,0,0,1,13,1,3,3,1,0,0,Safe
200,210,1195,0,1,0,0,0,1,5,1,3,3,1,0,0,Authorization
400,763,6077,2,2,1,2,4,1,1,1,4,3,1,0,0,Authentication
200,246,1000,0,1,0,0,0,1,0,0,4,4,0,0,0,Information
400,1906,1172,6,1,1,5,3,0,6,2,9,1,1,0,1,Session
200,178,1000,0,1,0,0,0,1,0,0,2,2,0,0,0,Safe
200,1659,817,2,0,1,1,0,0,5,2,4,1,1,0,0,Header
200,1306,2164,2,2,1,3,4,0,7,1,3,1,0,1,1,Configuration
200,204,1000,0,1,0,0,0,1,0,0,3,3,0,0,0,Information
302,1538,6168,5,1,1,3,2,0,6,2,4,4,0,1,0,Session
200,150,1000,0,1,0,0,0,1,0,0,0,0,0,0,0,Input Validation
200,224,1792,0,1,0,0,0,1,13,1,3,3,1,0,0,Authorization
200,153,2845,3,4,1,4,1,0,6,1,9,1,0,1,0,Session
200,219,1168,0,1,0,0,0,1,1,1,3,3,0,0,0,Input Validation
403,470,9883,0,2,2,3,2,0,1,1,3,2,0,0,0,Session
200,232,1000,0,1,0,0,0,1,0,0,4,4,0,0,0,Input Validation
200,202,1000,0,1,0,0,0,1,0,0,3,3,0,0,0,Safe
200,464,1000,0,1,0,0,0,1,5,0,3,3,0,0,0,Input Validation
200,372,1000,0,1,0,0,0,1,1,0,3,3,0,0,0,Input Validation
200,204,1000,0,1,0,0,0,1,0,0,3,3,0,0,0,Information
200,166,1000,0,1,0,0,0,1,0,0,1,1,0,0,0,Information
200,260,1000,0,1,0,0,0,1,0,0,5,5,0,0,0,Information
200,206,1000,0,1,0,0,0,1,0,0,3,3,0,0,0,Input Validation
200,204,1000,0,1,0,0,0,1,0,0,3,3,0,0,0,Information
200,740,1000,0,1,0,0,0,1,13,0,3,3,1,0,0,Input Validation
200,222,1000,0,1,0,0,0,1,0,0,4,4,0,0,0,Input Validation
200,196,1000,0,1,0,0,0,1,0,0,3,3,0,0,0,Information
200,210,1198,0,1,0,0,0,1,5,1,3,3,1,0,0,Authorization
200,197,1114,0,1,0,0,0,1,3,1,3,3,0,0,0,Safe
200,452,1000,0,1,0,0,0,1,5,0,3,3,0,0,0,Input Validation
200,400,1000,0,1,0,0,0,1,5,0,3,3,1,0,0,Input Validation
200,225,1750,0,1,0,0,0,1,13,1,3,3,1,0,0,Safe
200,208,1000,0,1,0,0,0,1,0,0,3,3,0,0,0,Input Validation
200,204,1000,0,1,0,0,0,1,0,0,3,3,0,0,0,Input Validation
403,589,871,5,2,0,2,3,1,7,1,7,0,0,1,0,Session
200,206,1000,0,1,0,0,0,1,0,0,2,2,0,0,0,Information
200,224,1795,0,1,0,0,0,1,13,1,3,3,1,0,0,Authorization
200,166,1000,0,1,0,0,0,1,0,0,1,1,0,0,0,Information
200,196,1000,0,1,0,0,0,1,0,0,3,3,0,0,0,Input Validation
403,899,4133,3,2,0,3,1,0,2,2,8,3,0,0,1,Session
403,1567,4670,1,1,2,2,4,0,2,2,8,2,1,0,0,Header
200,678,1000,0,1,0,0,0,1,13,0,3,3,1,0,0,Safe
200,230,1909,0,1,0,0,0,1,13,1,3,3,1,0,0,Input Validation
200,222,1729,0,1,0,0,0,1,13,1,3,3,1,0,0,Authorization
200,238,2155,0,1,0,0,0,1,13,1,3,3,1,0,0,Input Validation
200,206,1381,0,1,0,0,0,1,3,1,3,3,0,0,0,Input Validation
403,1807,7674,6,0,2,2,4,1,4,2,3,3,1,1,0,Authentication
200,196,1000,0,1,0,0,0,1,0,0,3,3,0,0,0,Information
200,223,1774,0,1,0,0,0,1,13,1,3,3,1,0,0,Safe
200,201,1171,0,1,0,0,0,1,1,1,3,3,0,0,0,Input Validation
200,1274,9439,2,1,0,2,3,1,2,2,3,2,1,1,0,Authentication
200,150,1000,0,1,0,0,0,1,0,0,0,0,0,0,0,Information
200,314,1000,0,1,0,0,0,1,5,0,3,3,1,0,0,Safe
200,1795,6816,3,4,1,2,2,1,1,0,9,4,0,0,0,Session
200,188,1000,0,1,0,0,0,1,0,0,3,3,0,0,0,Safe
200,322,1000,0,1,0,0,0,1,3,0,3,3,0,0,0,Input Validation
200,216,1000,0,1,0,0,0,1,0,0,4,4,0,0,0,Safe
200,198,1000,0,1,0,0,0,1,0,0,3,3,0,0,0,Safe
400,145,5307,0,3,1,2,3,1,4,1,5,1,0,1,0,Configuration
403,1807,7674,6,0,2,2,4,1,4,2,3,3,1,1,0,Authentication
200,204,1000,0,1,0,0,0,1,0,0,3,3,0,0,0,Input Validation
200,199,1099,0,1,0,0,0,1,1,1,3,3,0,0,0,Authorization
200,196,1000,0,1,0,0,0,1,0,0,3,3,0,0,0,Safe
200,338,1000,0,1,0,0,0,1,1,0,3,3,0,0,0,Input Validation
200,184,1000,0,1,0,0,0,1,0,0,2,2,0,0,0,Input Validation
200,232,1000,0,1,0,0,0,1,1,0,3,3,0,0,0,Safe
200,1358,1800,1,0,1,3,4,0,6,0,2,4,1,1,1,Header
200,178,1000,0,1,0,0,0,1,0,0,2,2,0,0,0,Safe
200,199,1099,0,1,0,0,0,1,1,1,3,3,0,0,0,Safe
200,205,1336,0,1,0,0,0,1,3,1,3,3,0,0,0,Input Validation
200,150,1000,0,1,0,0,0,1,0,0,0,0,0,0,0,Information
200,214,1015,0,1,0,0,0,1,1,1,3,3,0,0,0,Safe
200,200,1000,0,1,0,0,0,1,0,0,3,3,0,0,0,Safe
200,226,1000,0,1,0,0,0,1,0,0,5,5,0,0,0,Information
200,1306,2164,2,2,1,3,4,0,7,1,3,1,0,1,1,Configuration
200,205,1273,0,1,0,0,0,1,1,1,3,3,0,0,0,Input Validation
200,203,1219,0,1,0,0,0,1,1,1,3,3,0,0,0,Input Validation
403,1513,1088,3,2,0,2,3,1,2,0,5,2,0,0,1,Configuration
200,346,1000,0,1,0,0,0,1,5,0,3,3,0,0,0,Safe
200,280,1000,0,1,0,0,0,1,3,0,3,3,0,0,0,Safe
200,210,1183,0,1,0,0,0,1,5,1,3,3,1,0,0,Authorization
200,226,1786,0,1,0,0,0,1,13,1,3,3,1,0,0,Safe
200,199,1099,0,1,0,0,0,1,1,1,3,3,0,0,0,Safe
200,210,1183,0,1,0,0,0,1,5,1,3,3,1,0,0,Safe
200,852,1000,0,1,0,0,0,1,13,0,3,3,1,0,0,Input Validation
200,224,1000,0,1,0,0,0,1,0,0,3,3,0,0,0,Information
200,244,1000,0,1,0,0,0,1,0,0,5,5,0,0,0,Input Validation
200,798,1000,0,1,0,0,0,1,13,0,3,3,1,0,0,Input Validation
200,199,1099,0,1,0,0,0,1,1,1,3,3,0,0,0,Authorization
200,188,1000,0,1,0,0,0,1,0,0,2,2,0,0,0,Information
200,218,1000,0,1,0,0,0,1,0,0,3,3,0,0,0,Input Validation
200,332,1000,0,1,0,0,0,1,5,0,3,3,1,0,0,Safe
200,420,1000,0,1,0,0,0,1,5,0,3,3,0,0,0,Input Validation
200,660,1000,0,1,0,0,0,1,13,0,3,3,1,0,0,Safe
200,214,1312,0,1,0,0,0,1,5,1,3,3,1,0,0,Input Validation
403,906,8766,2,2,1,3,3,1,6,1,3,3,1,1,1,Authentication
200,214,1300,0,1,0,0,0,1,5,1,3,3,1,0,0,Input Validation
200,202,1246,0,1,0,0,0,1,3,1,3,3,0,0,0,Input Validation
200,88,3442,1,0,0,2,3,1,1,2,4,2,0,0,0,Configuration
302,203,9575,3,1,0,2,4,1,0,2,5,1,1,0,1,Session
400,1185,2657,0,2,0,4,1,1,5,1,2,2,1,0,0,Authentication
200,204,1000,0,1,0,0,0,1,0,0,3,3,0,0,0,Information
200,242,1000,0,1,0,0,0,1,1,0,3,3,0,0,0,Safe
200,224,1000,0,1,0,0,0,1,1,0,3,3,0,0,0,Safe
200,194,1000,0,1,0,0,0,1,0,0,3,3,0,0,0,Safe
200,239,2236,0,1,0,0,0,1,13,1,3,3,1,0,0,Input Validation
200,199,1099,0,1,0,0,0,1,1,1,3,3,0,0,0,Safe
200,202,1204,0,1,0,0,0,1,5,1,3,3,0,0,0,Safe
200,188,1000,0,1,0,0,0,1,0,0,3,3,0,0,0,Safe
200,166,1000,0,1,0,0,0,1,0,0,1,1,0,0,0,Input Validation
200,1094,1000,0,1,0,0,0,1,13,0,3,3,1,0,0,Input Validation
200,229,1882,0,1,0,0,0,1,13,1,3,3,1,0,0,Input Validation
200,203,1216,0,1,0,0,0,1,5,1,3,3,0,0,0,Safe
200,182,1000,0,1,0,0,0,1,0,0,2,2,0,0,0,Information
200,208,1000,0,1,0,0,0,1,0,0,3,3,0,0,0,Input Validation
200,844,1000,0,1,0,0,0,1,13,0,3,3,1,0,0,Input Validation
200,296,1000,0,1,0,0,0,1,1,0,3,3,0,0,0,Input Validation
200,214,1012,0,1,0,0,0,1,1,1,3,3,0,0,0,Authorization
302,663,8200,2,3,2,5,0,0,2,2,8,0,0,0,1,Header
200,334,1000,0,1,0,0,0,1,5,0,3,3,1,0,0,Safe
200,150,1000,0,1,0,0,0,1,0,0,0,0,0,0,0,Information
200,694,1000,0,1,0,0,0,1,13,0,3,3,1,0,0,Safe
200,214,1000,0,1,0,0,0,1,0,0,2,2,0,0,0,Information
200,182,1000,0,1,0,0,0,1,0,0,2,2,0,0,0,Information
200,420,1000,0,1,0,0,0,1,3,0,3,3,0,0,0,Input Validation
200,264,1000,0,1,0,0,0,1,1,0,3,3,0,0,0,Safe
200,206,1000,0,1,0,0,0,1,0,0,3,3,0,0,0,Information
200,330,1000,0,1,0,0,0,1,5,0,3,3,1,0,0,Safe
403,520,9533,3,4,0,4,3,1,2,2,6,0,0,0,1,Session
500,721,6416,4,2,0,5,4,1,3,0,4,2,1,1,0,Authentication
200,202,1201,0,1,0,0,0,1,5,1,3,3,0,0,0,Safe
200,206,1327,0,1,0,0,0,1,5,1,3,3,0,0,0,Input Validation
403,88,7794,2,0,0,5,0,0,1,0,2,2,1,1,1,Configuration
200,196,1000,0,1,0,0,0,1,0,0,3,3,0,0,0,Information
200,728,1000,0,1,0,0,0,1,13,0,3,3,1,0,0,Safe
200,264,1000,0,1,0,0,0,1,1,0,3,3,0,0,0,Safe
200,706,1000,0,1,0,0,0,1,13,0,3,3,1,0,0,Safe
200,202,1000,0,1,0,0,0,1,0,0,3,3,0,0,0,Input Validation
200,432,1000,0,1,0,0,0,1,5,0,3,3,0,0,0,Input Validation
200,205,1291,0,1,0,0,0,1,1,1,3,3,0,0,0,Input Validation
200,152,1000,0,1,0,0,0,1,0,0,1,1,0,0,0,Information
200,194,1000,0,1,0,0,0,1,0,0,3,3,0,0,0,Safe
200,432,1000,0,1,0,0,0,1,1,0,3,3,0,0,0,Input Validation
200,336,1000,0,1,0,0,0,1,1,0,3,3,0,0,0,Input Validation
200,228,1921,0,1,0,0,0,1,13,1,3,3,1,0,0,Input Validation
302,638,6887,1,0,1,2,3,1,6,0,7,0,1,0,1,Input Validation
200,196,1000,0,1,0,0,0,1,0,0,3,3,0,0,0,Safe
200,232,1000,0,1,0,0,0,1,1,0,3,3,0,0,0,Safe
200,210,1000,0,1,0,0,0,1,0,0,3,3,0,0,0,Safe
200,298,1000,0,1,0,0,0,1,1,0,3,3,0,0,0,Input Validation
200,204,1000,0,1,0,0,0,1,0,0,4,4,0,0,0,Input Validation
200,204,1000,0,1,0,0,0,1,0,0,3,3,0,0,0,Input Validation
200,209,1177,0,1,0,0,0,1,5,1,3,3,1,0,0,Safe
200,214,1612,0,1,0,0,0,1,3,1,3,3,0,0,0,Input Validation
200,884,1000,0,1,0,0,0,1,13,0,3,3,1,0,0,Input Validation
200,232,1000,0,1,0,0,0,1,1,0,3,3,0,0,0,Safe
200,202,1246,0,1,0,0,0,1,3,1,3,3,0,0,0,Input Validation
200,207,1351,0,1,0,0,0,1,5,1,3,3,0,0,0,Input Validation
200,208,1369,0,1,0,0,0,1,5,1,3,3,0,0,0,Input Validation
200,749,5545,2,0,1,5,4,0,3,2,3,3,1,1,1,Header
200,214,1000,0,1,0,0,0,1,0,0,4,4,0,0,0,Safe
200,230,1000,0,1,0,0,0,1,1,0,3,3,0,0,0,Safe
200,860,1000,0,1,0,0,0,1,13,0,3,3,1,0,0,Input Validation
200,240,1000,0,1,0,0,0,1,0,0,4,4,0,0,0,Input Validation
200,210,1192,0,1,0,0,0,1,5,1,3,3,1,0,0,Safe
302,345,9610,7,1,2,4,0,1,6,2,1,0,1,0,0,Authentication
200,225,1753,0,1,0,0,0,1,13,1,3,3,1,0,0,Authorization
302,601,7912,4,3,2,1,3,0,1,0,8,0,1,0,1,Session
200,210,1000,0,1,0,0,0,1,0,0,4,4,0,0,0,Information
200,766,1000,0,1,0,0,0,1,13,0,3,3,1,0,0,Input Validation
200,196,1000,0,1,0,0,0,1,0,0,3,3,0,0,0,Safe
200,150,1000,0,1,0,0,0,1,0,0,0,0,0,0,0,Information
200,188,1000,0,1,0,0,0,1,0,0,3,3,0,0,0,Safe
200,264,1000,0,1,0,0,0,1,1,0,3,3,0,0,0,Safe
200,206,1303,0,1,0,0,0,1,1,1,3,3,0,0,0,Input Validation
500,744,406,0,1,1,1,2,1,4,0,3,3,1,0,0,Configuration
200,200,1000,0,1,0,0,0,1,0,0,3,3,0,0,0,Safe
200,196,1000,0,1,0,0,0,1,0,0,3,3,0,0,0,Safe
200,204,1000,0,1,0,0,0,1,0,0,3,3,0,0,0,Information
200,203,1213,0,1,0,0,0,1,5,1,3,3,0,0,0,Authorization
200,216,1000,0,1,0,0,0,1,0,0,4,4,0,0,0,Safe
200,212,1000,0,1,0,0,0,1,0,0,3,3,0,0,0,Safe
200,229,1957,0,1,0,0,0,1,13,1,3,3,1,0,0,Input Validation
200,194,1000,0,1,0,0,0,1,0,0,2,2,0,0,0,Information
200,197,1051,0,1,0,0,0,1,1,1,3,3,0,0,0,Safe
200,242,1000,0,1,0,0,0,1,0,0,5,5,0,0,0,Information
200,314,1000,0,1,0,0,0,1,1,0,3,3,0,0,0,Input Validation
200,222,1000,0,1,0,0,0,1,0,0,3,3,0,0,0,Information
200,150,1000,0,1,0,0,0,1,0,0,0,0,0,0,0,Information
200,206,1000,0,1,0,0,0,1,0,0,4,4,0,0,0,Input Validation
302,90,3199,6,0,1,0,4,1,3,1,3,0,1,0,0,Authentication
200,196,1000,0,1,0,0,0,1,0,0,3,3,0,0,0,Safe
200,1306,2164,2,2,1,3,4,0,7,1,3,1,0,1,1,Configuration
200,219,1714,0,1,0,0,0,1,5,1,3,3,0,0,0,Input Validation
200,204,1264,0,1,0,0,0,1,5,1,3,3,0,0,0,Input Validation
200,514,1000,0,1,0,0,0,1,5,0,3,3,0,0,0,Input Validation
200,334,1000,0,1,0,0,0,1,5,0,3,3,0,0,0,Safe
200,1067,1984,1,1,1,5,0,0,7,1,8,0,1,0,1,Session
200,1204,3656,2,2,0,0,1,1,0,1,2,1,1,1,0,Authentication
200,1074,1954,2,2,2,4,0,0,0,1,4,0,0,1,0,Configuration
200,216,1000,0,1,0,0,0,1,0,0,4,4,0,0,0,Safe
500,126,4254,6,1,0,4,3,0,4,0,1,4,1,0,1,Session
302,74,8070,2,1,0,3,3,0,5,1,2,3,0,0,1,Configuration
200,1704,9005,6,0,0,5,1,1,3,0,1,4,1,0,1,Authentication
200,203,1222,0,1,0,0,0,1,5,1,3,3,0,0,0,Authorization
200,236,1000,0,1,0,0,0,1,0,0,4,4,0,0,0,Input Validation
200,203,1210,0,1,0,0,0,1,1,1,3,3,0,0,0,Input Validation
200,212,1000,0,1,0,0,0,1,0,0,3,3,0,0,0,Input Validation
200,198,1000,0,1,0,0,0,1,0,0,3,3,0,0,0,Safe
200,225,1816,0,1,0,0,0,1,13,1,3,3,1,0,0,Authorization
200,194,1000,0,1,0,0,0,1,0,0,3,3,0,0,0,Safe
200,214,1012,0,1,0,0,0,1,1,1,3,3,0,0,0,Safe
200,266,1000,0,1,0,0,0,1,1,0,3,3,0,0,0,Safe
200,215,1345,0,1,0,0,0,1,5,1,3,3,1,0,0,Safe
200,342,1000,0,1,0,0,0,1,5,0,3,3,0,0,0,Safe
200,204,1000,0,1,0,0,0,1,0,0,3,3,0,0,0,Information
200,224,1000,0,1,0,0,0,1,1,0,3,3,0,0,0,Safe
200,244,1000,0,1,0,0,0,1,0,0,4,4,0,0,0,Input Validation
302,1684,362,3,3,1,0,3,1,0,1,1,3,1,0,1,Authentication
200,152,1000,0,1,0,0,0,1,0,0,1,1,0,0,0,Information
302,1514,125,0,3,2,4,2,0,4,0,8,3,0,0,1,Session
400,763,6077,2,2,1,2,4,1,1,1,4,3,1,0,0,Authentication
200,188,1000,0,1,0,0,0,1,0,0,2,2,0,0,0,Input Validation
200,199,1099,0,1,0,0,0,1,1,1,3,3,0,0,0,Safe
200,201,1159,0,1,0,0,0,1,1,1,3,3,0,0,0,Input Validation
403,88,7794,2,0,0,5,0,0,1,0,2,2,1,1,1,Configuration
200,197,1051,0,1,0,0,0,1,1,1,3,3,0,0,0,Authorization
302,316,1808,6,4,1,4,2,0,3,0,1,3,0,1,1,Session
200,264,1000,0,1,0,0,0,1,1,0,3,3,0,0,0,Safe
200,216,1075,0,1,0,0,0,1,1,1,3,3,0,0,0,Input Validation
200,332,1000,0,1,0,0,0,1,1,0,3,3,0,0,0,Input Validation
200,197,1114,0,1,0,0,0,1,3,1,3,3,0,0,0,Safe
200,198,1000,0,1,0,0,0,1,0,0,3,3,0,0,0,Safe
200,196,1000,0,1,0,0,0,1,0,0,3,3,0,0,0,Safe
200,200,1000,0,1,0,0,0,1,0,0,3,3,0,0,0,Safe
200,204,1249,0,1,0,0,0,1,1,1,3,3,0,0,0,Input Validation
200,203,1234,0,1,0,0,0,1,5,1,3,3,0,0,0,Input Validation
200,203,1213,0,1,0,0,0,1,5,1,3,3,0,0,0,Authorization
200,188,1000,0,1,0,0,0,1,0,0,3,3,0,0,0,Safe
403,1005,6395,1,0,2,0,3,1,4,1,4,1,0,1,1,Configuration
200,225,1771,0,1,0,0,0,1,13,1,3,3,1,0,0,Safe
200,203,1216,0,1,0,0,0,1,5,1,3,3,0,0,0,Safe
200,224,1000,0,1,0,0,0,1,1,0,3,3,0,0,0,Safe
200,224,1000,0,1,0,0,0,1,1,0,3,3,0,0,0,Safe
200,205,1273,0,1,0,0,0,1,5,1,3,3,0,0,0,Input Validation
200,168,1000,0,1,0,0,0,1,0,0,2,2,0,0,0,Information
200,202,1204,0,1,0,0,0,1,5,1,3,3,0,0,0,Safe
200,204,1000,0,1,0,0,0,1,0,0,3,3,0,0,0,Information
200,192,1000,0,1,0,0,0,1,0,0,3,3,0,0,0,Safe
200,226,1792,0,1,0,0,0,1,13,1,3,3,1,0,0,Safe
200,150,1000,0,1,0,0,0,1,0,0,0,0,0,0,0,Information
200,264,1000,0,1,0,0,0,1,1,0,3,3,0,0,0,Safe
200,200,1000,0,1,0,0,0,1,0,0,3,3,0,0,0,Safe
403,210,5799,0,1,0,3,2,1,7,0,3,4,1,1,1,Authentication
200,209,1174,0,1,0,0,0,1,5,1,3,3,1,0,0,Safe
200,254,2806,0,1,0,0,0,1,3,1,3,3,0,0,0,Safe
200,233,1996,0,1,0,0,0,1,13,1,3,3,1,0,0,Input Validation
200,203,1231,0,1,0,0,0,1,1,1,3,3,0,0,0,Input Validation
200,207,1357,0,1,0,0,0,1,5,1,3,3,0,0,0,Input Validation
400,1838,7474,0,0,2,1,3,1,0,1,9,0,0,0,1,Header
200,212,1000,0,1,0,0,0,1,0,0,3,3,0,0,0,Input Validation
200,209,1390,0,1,0,0,0,1,5,1,3,3,0,0,0,Input Validation
200,194,1000,0,1,0,0,0,1,0,0,3,3,0,0,0,Safe
200,722,1000,0,1,0,0,0,1,13,0,3,3,1,0,0,Safe
200,204,1000,0,1,0,0,0,1,0,0,4,4,0,0,0,Input Validation
200,196,1000,0,1,0,0,0,1,0,0,3,3,0,0,0,Safe
400,1185,2657,0,2,0,4,1,1,5,1,2,2,1,0,0,Authentication
200,1006,2838,2,0,2,0,0,1,1,2,2,4,1,1,0,Authentication
200,232,1000,0,1,0,0,0,1,1,0,3,3,0,0,0,Safe
200,364,1000,0,1,0,0,0,1,1,0,3,3,0,0,0,Input Validation
200,348,1000,0,1,0,0,0,1,5,0,3,3,0,0,0,Safe
200,160,1000,0,1,0,0,0,1,0,0,1,1,0,0,0,Safe
200,1117,2886,2,1,0,3,0,0,5,0,9,2,1,1,0,Header
200,472,1000,0,1,0,0,0,1,5,0,3,3,0,0,0,Input Validation
200,748,1000,0,1,0,0,0,1,13,0,3,3,1,0,0,Input Validation
400,1759,3733,1,2,2,4,3,0,7,1,3,3,1,0,0,Configuration
200,223,1762,0,1,0,0,0,1,13,1,3,3,1,0,0,Authorization
200,209,1174,0,1,0,0,0,1,5,1,3,3,1,0,0,Authorization
200,206,1303,0,1,0,0,0,1,1,1,3,3,0,0,0,Input Validation
200,197,1051,0,1,0,0,0,1,1,1,3,3,0,0,0,Authorization
403,1513,1088,3,2,0,2,3,1,2,0,5,2,0,0,1,Configuration
200,232,1969,0,1,0,0,0,1,13,1,3,3,1,0,0,Input Validation
200,212,1000,0,1,0,0,0,1,0,0,3,3,0,0,0,Safe
200,203,1288,0,1,0,0,0,1,3,1,3,3,0,0,0,Input Validation
200,216,1384,0,1,0,0,0,1,5,1,3,3,1,0,0,Input Validation
200,236,9542,2,1,2,5,4,1,0,1,4,3,0,0,1,Configuration
200,206,1000,0,1,0,0,0,1,0,0,2,2,0,0,0,Input Validation
200,768,1000,0,1,0,0,0,1,13,0,3,3,1,0,0,Input Validation
200,203,1216,0,1,0,0,0,1,5,1,3,3,0,0,0,Safe
200,198,1000,0,1,0,0,0,1,0,0,1,1,0,0,0,Information
403,699,3378,1,0,1,1,1,1,2,1,7,1,1,1,0,Header
200,198,1129,0,1,0,0,0,1,3,1,3,3,0,0,0,Safe
302,1071,3943,5,0,2,1,1,1,1,1,4,3,1,1,1,Authentication
200,252,1000,0,1,0,0,0,1,0,0,5,5,0,0,0,Information
200,198,1000,0,1,0,0,0,1,0,0,3,3,0,0,0,Safe
200,906,1000,0,1,0,0,0,1,13,0,3,3,1,0,0,Input Validation
200,410,1000,0,1,0,0,0,1,5,0,3,3,1,0,0,Input Validation
200,197,1051,0,1,0,0,0,1,1,1,3,3,0,0,0,Authorization
200,176,1000,0,1,0,0,0,1,0,0,2,2,0,0,0,Input Validation
200,194,1000,0,1,0,0,0,1,0,0,3,3,0,0,0,Safe
200,198,1000,0,1,0,0,0,1,0,0,1,1,0,0,0,Information
200,362,6054,1,2,2,4,0,0,4,2,3,0,1,0,1,Configuration
200,214,1012,0,1,0,0,0,1,1,1,3,3,0,0,0,Safe
500,952,7666,0,2,2,3,2,0,2,2,4,3,0,1,1,Header
200,209,1393,0,1,0,0,0,1,5,1,3,3,0,0,0,Input Validation
200,232,1000,0,1,0,0,0,1,0,0,4,4,0,0,0,Input Validation
403,820,3255,5,4,0,1,4,1,2,1,8,1,0,0,1,Session
200,1158,7345,0,1,0,2,4,1,3,1,1,0,1,1,1,Authentication
200,227,1894,0,1,0,0,0,1,13,1,3,3,1,0,0,Input Validation
200,198,1000,0,1,0,0,0,1,0,0,3,3,0,0,0,Safe
200,228,1906,0,1,0,0,0,1,13,1,3,3,1,0,0,Input Validation
200,196,1000,0,1,0,0,0,1,0,0,3,3,0,0,0,Safe
200,197,1051,0,1,0,0,0,1,1,1,3,3,0,0,0,Authorization
200,194,1000,0,1,0,0,0,1,0,0,3,3,0,0,0,Safe
200,199,1099,0,1,0,0,0,1,1,1,3,3,0,0,0,Authorization
200,197,1051,0,1,0,0,0,1,1,1,3,3,0,0,0,Authorization
200,168,1000,0,1,0,0,0,1,0,0,1,1,0,0,0,Safe
200,804,1000,0,1,0,0,0,1,13,0,3,3,1,0,0,Input Validation
200,192,1000,0,1,0,0,0,1,0,0,3,3,0,0,0,Safe
200,166,1000,0,1,0,0,0,1,0,0,1,1,0,0,0,Information
200,71,8969,1,0,1,0,0,1,1,0,1,0,1,1,0,Header
200,874,1000,0,1,0,0,0,1,13,0,3,3,1,0,0,Input Validation
200,194,1000,0,1,0,0,0,1,0,0,3,3,0,0,0,Safe
200,208,1000,0,1,0,0,0,1,0,0,4,4,0,0,0,Safe
200,220,1678,0,1,0,0,0,1,13,1,3,3,1,0,0,Safe
200,150,1000,0,1,0,0,0,1,0,0,0,0,0,0,0,Information
200,232,1000,0,1,0,0,0,1,0,0,4,4,0,0,0,Information
200,653,6124,3,2,0,5,0,1,2,2,1,4,0,1,1,Configuration
200,222,1741,0,1,0,0,0,1,13,1,3,3,1,0,0,Safe
200,332,1000,0,1,0,0,0,1,3,0,3,3,0,0,0,Input Validation
200,470,6317,3,1,1,2,4,1,1,1,7,2,1,0,0,Session
200,202,1204,0,1,0,0,0,1,5,1,3,3,0,0,0,Safe
200,197,1051,0,1,0,0,0,1,1,1,3,3,0,0,0,Safe
400,1418,7103,4,0,1,1,4,0,6,2,2,2,0,1,1,Input Validation
200,224,1798,0,1,0,0,0,1,13,1,3,3,1,0,0,Safe
200,216,1000,0,1,0,0,0,1,0,0,4,4,0,0,0,Safe
200,214,1012,0,1,0,0,0,1,1,1,3,3,0,0,0,Authorization
200,216,1000,0,1,0,0,0,1,0,0,4,4,0,0,0,Safe
200,396,1000,0,1,0,0,0,1,1,0,3,3,0,0,0,Input Validation
200,985,6871,2,0,1,3,4,0,7,1,1,0,1,0,1,Header
200,207,1330,0,1,0,0,0,1,5,1,3,3,0,0,0,Input Validation
200,188,1000,0,1,0,0,0,1,0,0,3,3,0,0,0,Safe
200,226,1000,0,1,0,0,0,1,1,0,3,3,0,0,0,Safe
200,196,1000,0,1,0,0,0,1,0,0,3,3,0,0,0,Safe
200,218,1147,0,1,0,0,0,1,1,1,3,3,0,0,0,Input Validation
200,197,1051,0,1,0,0,0,1,1,1,3,3,0,0,0,Safe
200,207,1333,0,1,0,0,0,1,5,1,3,3,0,0,0,Input Validation
200,205,1357,0,1,0,0,0,1,3,1,3,3,0,0,0,Input Validation
200,424,1000,0,1,0,0,0,1,5,0,3,3,1,0,0,Input Validation
200,184,1000,0,1,0,0,0,1,0,0,2,2,0,0,0,Input Validation
200,200,1000,0,1,0,0,0,1,0,0,3,3,0,0,0,Safe
200,184,1000,0,1,0,0,0,1,0,0,2,2,0,0,0,Input Validation
200,264,1000,0,1,0,0,0,1,1,0,3,3,0,0,0,Safe
200,804,1000,0,1,0,0,0,1,13,0,3,3,1,0,0,Input Validation
200,250,1000,0,1,0,0,0,1,0,0,4,4,0,0,0,Information
200,224,1720,0,1,0,0,0,1,13,1,3,3,1,0,0,Safe
403,1324,1056,2,1,1,1,0,0,4,1,1,2,1,0,0,Configuration
403,195,4488,0,3,0,4,0,0,0,0,8,3,1,0,1,Configuration
200,204,1321,0,1,0,0,0,1,3,1,3,3,0,0,0,Input Validation
200,474,1000,0,1,0,0,0,1,5,0,3,3,1,0,0,Input Validation
200,214,1012,0,1,0,0,0,1,1,1,3,3,0,0,0,Authorization
200,194,1000,0,1,0,0,0,1,0,0,3,3,0,0,0,Safe
200,1157,8421,3,1,0,2,0,0,3,1,3,4,0,0,0,Configuration
200,698,1000,0,1,0,0,0,1,13,0,3,3,1,0,0,Safe
200,168,1000,0,1,0,0,0,1,0,0,2,2,0,0,0,Information
403,140,8821,2,3,2,5,2,1,1,1,9,3,0,1,0,Header
403,455,7186,1,0,1,5,1,1,1,0,7,2,0,0,1,Header
200,1306,2164,2,2,1,3,4,0,7,1,3,1,0,1,1,Configuration
200,232,1000,0,1,0,0,0,1,1,0,3,3,0,0,0,Safe
200,216,1000,0,1,0,0,0,1,0,0,4,4,0,0,0,Safe
200,420,1000,0,1,0,0,0,1,5,0,3,3,0,0,0,Input Validation
200,206,1366,0,1,0,0,0,1,3,1,3,3,0,0,0,Input Validation
200,326,1000,0,1,0,0,0,1,5,0,3,3,1,0,0,Safe
400,130,2280,4,3,1,0,1,1,3,0,2,4,1,0,1,Authentication
200,188,1000,0,1,0,0,0,1,0,0,3,3,0,0,0,Safe
200,1392,2932,0,2,2,5,2,1,6,0,5,3,1,1,1,Authentication
200,202,1000,0,1,0,0,0,1,0,0,3,3,0,0,0,Safe
200,412,1000,0,1,0,0,0,1,1,0,3,3,0,0,0,Input Validation
200,214,1012,0,1,0,0,0,1,1,1,3,3,0,0,0,Safe
200,216,1000,0,1,0,0,0,1,0,0,4,4,0,0,0,Safe
200,198,1000,0,1,0,0,0,1,0,0,3,3,0,0,0,Safe
200,310,1000,0,1,0,0,0,1,1,0,3,3,0,0,0,Input Validation
200,350,1000,0,1,0,0,0,1,1,0,3,3,0,0,0,Input Validation
200,749,5545,2,0,1,5,4,0,3,2,3,3,1,1,1,Header
200,264,1000,0,1,0,0,0,1,1,0,3,3,0,0,0,Safe
200,224,1000,0,1,0,0,0,1,1,0,3,3,0,0,0,Safe
200,264,1000,0,1,0,0,0,1,1,0,3,3,0,0,0,Safe
200,153,2845,3,4,1,4,1,0,6,1,9,1,0,1,0,Session
200,224,1000,0,1,0,0,0,1,1,0,3,3,0,0,0,Safe
200,184,1000,0,1,0,0,0,1,0,0,2,2,0,0,0,Information
200,214,1000,0,1,0,0,0,1,0,0,4,4,0,0,0,Safe
200,196,1000,0,1,0,0,0,1,0,0,3,3,0,0,0,Input Validation
200,209,1177,0,1,0,0,0,1,5,1,3,3,1,0,0,Authorization
200,196,1000,0,1,0,0,0,1,0,0,3,3,0,0,0,Input Validation
200,332,1000,0,1,0,0,0,1,5,0,3,3,0,0,0,Safe
200,212,1000,0,1,0,0,0,1,0,0,3,3,0,0,0,Safe
200,246,1000,0,1,0,0,0,1,1,0,3,3,0,0,0,Input Validation
200,222,1261,0,1,0,0,0,1,1,1,3,3,0,0,0,Input Validation
200,234,1000,0,1,0,0,0,1,0,0,5,5,0,0,0,Information
200,201,1231,0,1,0,0,0,1,3,1,3,3,0,0,0,Safe
200,209,1177,0,1,0,0,0,1,5,1,3,3,1,0,0,Authorization
200,232,1960,0,1,0,0,0,1,13,1,3,3,1,0,0,Input Validation
200,197,1114,0,1,0,0,0,1,3,1,3,3,0,0,0,Safe
200,225,1828,0,1,0,0,0,1,13,1,3,3,1,0,0,Authorization
200,202,1000,0,1,0,0,0,1,0,0,3,3,0,0,0,Safe
500,721,6416,4,2,0,5,4,1,3,0,4,2,1,1,0,Authentication
200,380,1000,0,1,0,0,0,1,1,0,3,3,0,0,0,Input Validation
200,202,1201,0,1,0,0,0,1,5,1,3,3,0,0,0,Safe
302,215,2530,2,2,2,5,1,0,6,2,5,1,1,1,1,Header
200,828,1000,0,1,0,0,0,1,13,0,3,3,1,0,0,Input Validation
200,544,1000,0,1,0,0,0,1,1,0,3,3,0,0,0,Input Validation
200,272,1000,0,1,0,0,0,1,3,0,3,3,0,0,0,Safe
500,1648,5529,1,2,0,5,1,0,1,0,9,0,1,0,1,Configuration
200,197,1054,0,1,0,0,0,1,1,1,3,3,0,0,0,Safe
200,200,1000,0,1,0,0,0,1,0,0,3,3,0,0,0,Safe
200,230,1000,0,1,0,0,0,1,0,0,4,4,0,0,0,Input Validation
200,190,1000,0,1,0,0,0,1,0,0,1,1,0,0,0,Information
200,310,1000,0,1,0,0,0,1,1,0,3,3,0,0,0,Input Validation
403,1073,5772,2,4,1,5,2,1,0,2,9,4,1,0,0,Session
200,188,1000,0,1,0,0,0,1,0,0,3,3,0,0,0,Safe
200,670,1000,0,1,0,0,0,1,13,0,3,3,1,0,0,Safe
200,838,1000,0,1,0,0,0,1,13,0,3,3,1,0,0,Input Validation
200,515,5487,1,2,1,0,4,1,6,1,7,0,0,1,0,Configuration
302,1065,1872,0,3,0,2,2,0,2,1,3,2,0,1,0,Session
200,252,1000,0,1,0,0,0,1,0,0,4,4,0,0,0,Input Validation
200,198,1132,0,1,0,0,0,1,3,1,3,3,0,0,0,Safe
200,219,1171,0,1,0,0,0,1,1,1,3,3,0,0,0,Input Validation
200,197,1051,0,1,0,0,0,1,1,1,3,3,0,0,0,Authorization
500,72,5981,1,1,0,3,1,1,6,1,3,1,1,0,1,Authentication
200,420,1000,0,1,0,0,0,1,3,0,3,3,0,0,0,Input Validation
200,188,1000,0,1,0,0,0,1,0,0,3,3,0,0,0,Safe
200,714,1000,0,1,0,0,0,1,13,0,3,3,1,0,0,Safe
500,952,7666,0,2,2,3,2,0,2,2,4,3,0,1,1,Header
302,1065,1872,0,3,0,2,2,0,2,1,3,2,0,1,0,Session
302,1492,1879,0,0,2,0,3,0,6,0,9,2,1,0,1,Header
200,282,1000,0,1,0,0,0,1,3,0,3,3,0,0,0,Safe
200,223,1771,0,1,0,0,0,1,13,1,3,3,1,0,0,Safe
200,188,1000,0,1,0,0,0,1,0,0,3,3,0,0,0,Safe
200,212,1000,0,1,0,0,0,1,0,0,3,3,0,0,0,Input Validation
200,229,1873,0,1,0,0,0,1,13,1,3,3,1,0,0,Input Validation
200,492,1000,0,1,0,0,0,1,5,0,3,3,0,0,0,Input Validation
200,227,1897,0,1,0,0,0,1,13,1,3,3,1,0,0,Input Validation
200,196,1000,0,1,0,0,0,1,0,0,3,3,0,0,0,Safe
200,229,1936,0,1,0,0,0,1,13,1,3,3,1,0,0,Input Validation
200,150,1000,0,1,0,0,0,1,0,0,0,0,0,0,0,Information
200,196,1000,0,1,0,0,0,1,0,0,3,3,0,0,0,Input Validation
200,199,1099,0,1,0,0,0,1,1,1,3,3,0,0,0,Safe
500,1164,1205,3,1,1,0,1,1,4,2,9,0,0,1,0,Session
200,166,1000,0,1,0,0,0,1,0,0,1,1,0,0,0,Information
200,166,1000,0,1,0,0,0,1,0,0,1,1,0,0,0,Input Validation
200,188,1000,0,1,0,0,0,1,0,0,3,3,0,0,0,Safe
200,196,1000,0,1,0,0,0,1,0,0,3,3,0,0,0,Safe
200,203,1222,0,1,0,0,0,1,5,1,3,3,0,0,0,Safe
200,206,1000,0,1,0,0,0,1,0,0,2,2,0,0,0,Input Validation
200,230,1924,0,1,0,0,0,1,13,1,3,3,1,0,0,Input Validation
500,1906,1465,3,0,2,0,4,1,3,1,3,4,1,1,0,Authentication
200,216,1000,0,1,0,0,0,1,0,0,4,4,0,0,0,Safe
200,228,1909,0,1,0,0,0,1,13,1,3,3,1,0,0,Input Validation
302,1890,506,1,1,1,4,1,1,5,1,2,1,1,0,0,Header
200,348,1000,0,1,0,0,0,1,5,0,3,3,0,0,0,Safe
200,203,1225,0,1,0,0,0,1,5,1,3,3,0,0,0,Safe
200,203,1216,0,1,0,0,0,1,5,1,3,3,0,0,0,Safe
200,573,2493,5,1,0,5,1,1,2,0,9,0,1,0,1,Authentication
200,654,1000,0,1,0,0,0,1,13,0,3,3,1,0,0,Safe
200,216,1060,0,1,0,0,0,1,1,1,3,3,0,0,0,Safe
200,390,1000,0,1,0,0,0,1,1,0,3,3,0,0,0,Input Validation
200,258,1000,0,1,0,0,0,1,0,0,5,5,0,0,0,Input Validation
200,202,1000,0,1,0,0,0,1,0,0,3,3,0,0,0,Safe
200,204,1000,0,1,0,0,0,1,0,0,3,3,0,0,0,Input Validation
403,899,4133,3,2,0,3,1,0,2,2,8,3,0,0,1,Session
200,197,1114,0,1,0,0,0,1,3,1,3,3,0,0,0,Authorization
200,197,1051,0,1,0,0,0,1,1,1,3,3,0,0,0,Authorization
200,210,1186,0,1,0,0,0,1,5,1,3,3,1,0,0,Authorization
200,350,1000,0,1,0,0,0,1,5,0,3,3,0,0,0,Safe
400,1104,7661,2,2,0,5,1,1,1,1,7,1,1,0,1,Configuration
200,230,1906,0,1,0,0,0,1,13,1,3,3,1,0,0,Input Validation
200,1908,9271,3,4,1,2,2,0,6,2,1,1,0,1,0,Session
200,224,1801,0,1,0,0,0,1,13,1,3,3,1,0,0,Input Validation
400,1735,869,7,3,1,5,1,1,3,0,1,3,1,1,0,Authentication
200,238,2167,0,1,0,0,0,1,13,1,3,3,1,0,0,Input Validation
200,240,1000,0,1,0,0,0,1,0,0,4,4,0,0,0,Input Validation
200,220,1201,0,1,0,0,0,1,1,1,3,3,0,0,0,Input Validation
200,252,1000,0,1,0,0,0,1,0,0,4,4,0,0,0,Information
200,282,1000,0,1,0,0,0,1,3,0,3,3,0,0,0,Safe
500,1888,109,7,1,1,2,4,1,6,0,6,0,1,1,0,Authentication
200,203,1219,0,1,0,0,0,1,1,1,3,3,0,0,0,Input Validation
200,198,1000,0,1,0,0,0,1,0,0,3,3,0,0,0,Safe
403,429,5850,1,0,0,1,4,0,5,2,2,1,0,1,1,Header
200,246,1000,0,1,0,0,0,1,0,0,4,4,0,0,0,Information
200,212,1000,0,1,0,0,0,1,0,0,3,3,0,0,0,Safe
403,520,9533,3,4,0,4,3,1,2,2,6,0,0,0,1,Session
200,214,1012,0,1,0,0,0,1,1,1,3,3,0,0,0,Safe
200,736,1000,0,1,0,0,0,1,13,0,3,3,1,0,0,Input Validation
200,204,1000,0,1,0,0,0,1,0,0,3,3,0,0,0,Input Validation
200,188,1000,0,1,0,0,0,1,0,0,2,2,0,0,0,Information
200,310,1000,0,1,0,0,0,1,1,0,3,3,0,0,0,Input Validation
200,818,1000,0,1,0,0,0,1,13,0,3,3,1,0,0,Input Validation
200,680,1000,0,1,0,0,0,1,5,0,3,3,0,0,0,Input Validation
200,932,4861,7,3,1,1,3,1,2,0,8,2,0,1,0,Session
200,320,1000,0,1,0,0,0,1,5,0,3,3,1,0,0,Safe
200,196,1000,0,1,0,0,0,1,0,0,3,3,0,0,0,Safe
200,232,1975,0,1,0,0,0,1,13,1,3,3,1,0,0,Input Validation
200,424,1000,0,1,0,0,0,1,5,0,3,3,0,0,0,Input Validation
200,226,1801,0,1,0,0,0,1,13,1,3,3,1,0,0,Safe
200,756,1000,0,1,0,0,0,1,13,0,3,3,1,0,0,Input Validation
200,194,1000,0,1,0,0,0,1,0,0,3,3,0,0,0,Safe
200,1352,1000,0,1,0,0,0,1,1,0,3,3,0,0,0,Safe
200,360,1000,0,1,0,0,0,1,3,0,3,3,0,0,0,Input Validation
200,1993,3229,0,1,2,4,2,1,6,2,7,4,0,1,0,Header
302,1236,3156,2,3,1,3,2,1,3,1,9,0,0,0,1,Configuration
200,196,1000,0,1,0,0,0,1,0,0,3,3,0,0,0,Safe
200,242,1000,0,1,0,0,0,1,0,0,4,4,0,0,0,Input Validation
200,197,1051,0,1,0,0,0,1,1,1,3,3,0,0,0,Safe
200,278,1000,0,1,0,0,0,1,3,0,3,3,0,0,0,Safe
200,198,1000,0,1,0,0,0,1,0,0,3,3,0,0,0,Safe
200,198,1000,0,1,0,0,0,1,0,0,3,3,0,0,0,Safe
200,186,1000,0,1,0,0,0,1,0,0,2,2,0,0,0,Information
302,1063,7279,2,3,0,0,4,0,1,2,7,3,0,1,0,Configuration
200,332,1000,0,1,0,0,0,1,5,0,3,3,0,0,0,Safe
200,324,1000,0,1,0,0,0,1,3,0,3,3,0,0,0,Input Validation
200,194,1000,0,1,0,0,0,1,0,0,3,3,0,0,0,Safe
200,217,1402,0,1,0,0,0,1,5,1,3,3,1,0,0,Input Validation
200,722,1000,0,1,0,0,0,1,13,0,3,3,1,0,0,Safe
200,196,1000,0,1,0,0,0,1,0,0,3,3,0,0,0,Safe
200,229,1948,0,1,0,0,0,1,13,1,3,3,1,0,0,Input Validation
200,326,1000,0,1,0,0,0,1,5,0,3,3,1,0,0,Safe
200,224,1000,0,1,0,0,0,1,0,0,4,4,0,0,0,Information
200,350,1000,0,1,0,0,0,1,1,0,3,3,0,0,0,Input Validation
200,238,1000,0,1,0,0,0,1,0,0,4,4,0,0,0,Input Validation
200,346,1000,0,1,0,0,0,1,5,0,3,3,0,0,0,Safe
200,208,1000,0,1,0,0,0,1,0,0,3,3,0,0,0,Information
403,586,1725,0,1,1,1,2,1,2,0,3,0,0,1,1,Configuration
200,342,1000,0,1,0,0,0,1,3,0,3,3,0,0,0,Input Validation
200,186,1000,0,1,0,0,0,1,0,0,1,1,0,0,0,Information
200,196,1000,0,1,0,0,0,1,0,0,3,3,0,0,0,Safe
200,153,2845,3,4,1,4,1,0,6,1,9,1,0,1,0,Session
200,200,1000,0,1,0,0,0,1,0,0,3,3,0,0,0,Safe
200,197,1042,0,1,0,0,0,1,1,1,3,3,0,0,0,Safe
200,232,1000,0,1,0,0,0,1,1,0,3,3,0,0,0,Safe
200,234,1000,0,1,0,0,0,1,0,0,5,5,0,0,0,Input Validation
200,678,1000,0,1,0,0,0,1,13,0,3,3,1,0,0,Safe
200,268,1000,0,1,0,0,0,1,0,0,4,4,0,0,0,Input Validation
200,336,1000,0,1,0,0,0,1,1,0,3,3,0,0,0,Input Validation
200,202,1000,0,1,0,0,0,1,0,0,2,2,0,0,0,Input Validation
200,494,1000,0,1,0,0,0,1,5,0,3,3,0,0,0,Input Validation
200,1007,7774,2,2,1,0,1,1,4,0,9,0,0,0,0,Configuration
200,203,1273,0,1,0,0,0,1,3,1,3,3,0,0,0,Input Validation
200,230,1903,0,1,0,0,0,1,13,1,3,3,1,0,0,Input Validation
200,286,1000,0,1,0,0,0,1,1,0,3,3,0,0,0,Input Validation
200,180,1000,0,1,0,0,0,1,0,0,2,2,0,0,0,Information
500,1164,1205,3,1,1,0,1,1,4,2,9,0,0,1,0,Session
302,614,8082,4,3,1,4,4,1,7,1,6,0,1,1,1,Session
200,776,1000,0,1,0,0,0,1,13,0,3,3,1,0,0,Safe
200,186,1000,0,1,0,0,0,1,0,0,2,2,0,0,0,Input Validation
200,214,1303,0,1,0,0,0,1,5,1,3,3,1,0,0,Input Validation
200,199,1099,0,1,0,0,0,1,1,1,3,3,0,0,0,Authorization
200,1922,7206,0,2,1,0,2,0,3,2,8,1,0,1,1,Header
200,212,1000,0,1,0,0,0,1,0,0,3,3,0,0,0,Safe
200,201,1228,0,1,0,0,0,1,3,1,3,3,0,0,0,Input Validation
400,880,4243,4,0,1,3,0,1,0,2,4,1,1,0,1,Authentication
200,197,1114,0,1,0,0,0,1,3,1,3,3,0,0,0,Safe
200,372,1000,0,1,0,0,0,1,1,0,3,3,0,0,0,Input Validation
200,242,1000,0,1,0,0,0,1,0,0,5,5,0,0,0,Input Validation
200,205,1279,0,1,0,0,0,1,1,1,3,3,0,0,0,Input Validation
200,203,1213,0,1,0,0,0,1,5,1,3,3,0,0,0,Authorization
200,188,1000,0,1,0,0,0,1,0,0,3,3,0,0,0,Safe
500,753,9762,4,1,0,2,3,1,7,2,5,0,1,1,1,Authentication
500,1214,3910,3,2,1,3,4,1,0,0,5,3,0,1,1,Configuration
200,186,1000,0,1,0,0,0,1,0,0,3,3,0,0,0,Input Validation
200,184,1000,0,1,0,0,0,1,0,0,2,2,0,0,0,Information
200,266,1000,0,1,0,0,0,1,1,0,3,3,0,0,0,Safe
200,983,7284,1,0,1,1,3,0,4,1,6,4,0,0,0,Configuration
200,360,1000,0,1,0,0,0,1,3,0,3,3,0,0,0,Input Validation
200,202,1000,0,1,0,0,0,1,0,0,3,3,0,0,0,Input Validation
200,203,1222,0,1,0,0,0,1,5,1,3,3,0,0,0,Safe
403,1614,1318,2,1,1,0,0,0,2,2,2,3,0,1,1,Configuration
400,752,6136,3,3,2,4,1,1,3,1,4,3,1,1,0,Input Validation
200,236,1000,0,1,0,0,0,1,0,0,4,4,0,0,0,Information
200,203,1213,0,1,0,0,0,1,5,1,3,3,0,0,0,Authorization
200,198,1129,0,1,0,0,0,1,3,1,3,3,0,0,0,Safe
200,452,1000,0,1,0,0,0,1,5,0,3,3,1,0,0,Input Validation
200,196,1000,0,1,0,0,0,1,0,0,3,3,0,0,0,Safe
200,460,1000,0,1,0,0,0,1,5,0,3,3,0,0,0,Input Validation
200,198,1000,0,1,0,0,0,1,0,0,3,3,0,0,0,Safe
200,220,1000,0,1,0,0,0,1,0,0,3,3,0,0,0,Information
200,199,1099,0,1,0,0,0,1,1,1,3,3,0,0,0,Safe
200,214,1612,0,1,0,0,0,1,3,1,3,3,0,0,0,Input Validation
200,226,1801,0,1,0,0,0,1,13,1,3,3,1,0,0,Authorization
200,198,1000,0,1,0,0,0,1,0,0,3,3,0,0,0,Safe
200,712,1000,0,1,0,0,0,1,13,0,3,3,1,0,0,Safe
400,110,5141,2,1,1,0,2,1,1,1,7,1,1,1,0,Header
200,332,1000,0,1,0,0,0,1,5,0,3,3,0,0,0,Safe
200,282,1000,0,1,0,0,0,1,3,0,3,3,0,0,0,Safe
200,210,1183,0,1,0,0,0,1,5,1,3,3,1,0,0,Authorization
200,166,1000,0,1,0,0,0,1,0,0,1,1,0,0,0,Information
200,197,1114,0,1,0,0,0,1,3,1,3,3,0,0,0,Authorization
200,712,1000,0,1,0,0,0,1,13,0,3,3,1,0,0,Safe
403,740,8762,1,1,0,3,2,0,7,2,7,4,0,0,0,Session
200,278,1000,0,1,0,0,0,1,3,0,3,3,0,0,0,Safe
200,204,1000,0,1,0,0,0,1,0,0,3,3,0,0,0,Input Validation
200,198,1129,0,1,0,0,0,1,3,1,3,3,0,0,0,Safe
200,212,1000,0,1,0,0,0,1,0,0,3,3,0,0,0,Safe
200,221,1234,0,1,0,0,0,1,1,1,3,3,0,0,0,Input Validation
200,210,1201,0,1,0,0,0,1,5,1,3,3,1,0,0,Safe
200,210,1198,0,1,0,0,0,1,5,1,3,3,1,0,0,Safe
200,244,1000,0,1,0,0,0,1,0,0,4,4,0,0,0,Information
200,139,9067,4,1,1,1,1,1,0,2,4,1,1,1,0,Authentication
200,166,1000,0,1,0,0,0,1,0,0,1,1,0,0,0,Input Validation
200,428,1000,0,1,0,0,0,1,5,0,3,3,0,0,0,Input Validation
200,197,1114,0,1,0,0,0,1,3,1,3,3,0,0,0,Safe
200,198,1129,0,1,0,0,0,1,3,1,3,3,0,0,0,Authorization
200,198,1129,0,1,0,0,0,1,3,1,3,3,0,0,0,Authorization
200,198,1000,0,1,0,0,0,1,0,0,3,3,0,0,0,Safe
200,228,1000,0,1,0,0,0,1,0,0,4,4,0,0,0,Input Validation
200,188,1000,0,1,0,0,0,1,0,0,3,3,0,0,0,Safe
200,400,1000,0,1,0,0,0,1,5,0,3,3,1,0,0,Input Validation
200,200,1147,0,1,0,0,0,1,1,1,3,3,0,0,0,Input Validation
200,203,1213,0,1,0,0,0,1,5,1,3,3,0,0,0,Safe
200,196,1000,0,1,0,0,0,1,0,0,3,3,0,0,0,Safe
200,199,1099,0,1,0,0,0,1,1,1,3,3,0,0,0,Safe
302,1076,6569,3,2,0,3,0,1,4,2,3,4,0,0,1,Session
200,209,1393,0,1,0,0,0,1,5,1,3,3,0,0,0,Input Validation
200,332,1000,0,1,0,0,0,1,5,0,3,3,0,0,0,Safe
200,192,1000,0,1,0,0,0,1,0,0,3,3,0,0,0,Safe
200,232,1000,0,1,0,0,0,1,1,0,3,3,0,0,0,Safe
200,464,1000,0,1,0,0,0,1,5,0,3,3,1,0,0,Input Validation
200,198,1000,0,1,0,0,0,1,0,0,1,1,0,0,0,Input Validation
200,488,1000,0,1,0,0,0,1,5,0,3,3,0,0,0,Input Validation
200,272,1000,0,1,0,0,0,1,3,0,3,3,0,0,0,Safe
403,910,5490,2,3,0,4,1,1,6,2,8,4,1,1,1,Authentication
200,214,1012,0,1,0,0,0,1,1,1,3,3,0,0,0,Safe
200,199,1099,0,1,0,0,0,1,1,1,3,3,0,0,0,Authorization
200,202,1000,0,1,0,0,0,1,0,0,2,2,0,0,0,Input Validation
200,224,1792,0,1,0,0,0,1,13,1,3,3,1,0,0,Safe
200,198,1000,0,1,0,0,0,1,0,0,1,1,0,0,0,Input Validation
200,202,1000,0,1,0,0,0,1,0,0,3,3,0,0,0,Safe
200,232,1000,0,1,0,0,0,1,1,0,3,3,0,0,0,Safe
200,320,1000,0,1,0,0,0,1,5,0,3,3,1,0,0,Safe
200,294,1000,0,1,0,0,0,1,1,0,3,3,0,0,0,Input Validation
200,178,1000,0,1,0,0,0,1,0,0,2,2,0,0,0,Safe
200,203,1225,0,1,0,0,0,1,5,1,3,3,0,0,0,Safe
200,573,2493,5,1,0,5,1,1,2,0,9,0,1,0,1,Authentication
200,194,1000,0,1,0,0,0,1,0,0,2,2,0,0,0,Information
200,214,1012,0,1,0,0,0,1,1,1,3,3,0,0,0,Authorization
200,432,1000,0,1,0,0,0,1,1,0,3,3,0,0,0,Input Validation
403,894,2126,2,0,1,1,1,1,6,1,2,4,1,1,1,Authentication
302,1512,1618,1,3,2,0,3,1,2,2,2,4,1,1,0,Header
200,210,1429,0,1,0,0,0,1,5,1,3,3,0,0,0,Input Validation
200,200,1000,0,1,0,0,0,1,0,0,3,3,0,0,0,Safe
200,206,1000,0,1,0,0,0,1,0,0,3,3,0,0,0,Information
200,202,1189,0,1,0,0,0,1,1,1,3,3,0,0,0,Input Validation
200,212,1000,0,1,0,0,0,1,0,0,3,3,0,0,0,Safe
200,202,1201,0,1,0,0,0,1,5,1,3,3,0,0,0,Safe
200,203,1225,0,1,0,0,0,1,5,1,3,3,0,0,0,Authorization
200,199,1099,0,1,0,0,0,1,1,1,3,3,0,0,0,Safe
200,184,1000,0,1,0,0,0,1,0,0,2,2,0,0,0,Input Validation
400,1735,869,7,3,1,5,1,1,3,0,1,3,1,1,0,Authentication
200,338,1000,0,1,0,0,0,1,5,0,3,3,1,0,0,Safe
200,213,1519,0,1,0,0,0,1,1,1,3,3,0,0,0,Input Validation
200,246,1000,0,1,0,0,0,1,0,0,5,5,0,0,0,Input Validation
200,224,1000,0,1,0,0,0,1,0,0,3,3,0,0,0,Input Validation
200,260,1000,0,1,0,0,0,1,0,0,5,5,0,0,0,Input Validation
200,218,1000,0,1,0,0,0,1,0,0,4,4,0,0,0,Information
200,208,1000,0,1,0,0,0,1,0,0,3,3,0,0,0,Information
200,204,1000,0,1,0,0,0,1,0,0,3,3,0,0,0,Information
200,206,1000,0,1,0,0,0,1,0,0,3,3,0,0,0,Information
200,199,1099,0,1,0,0,0,1,1,1,3,3,0,0,0,Authorization
200,230,1924,0,1,0,0,0,1,13,1,3,3,1,0,0,Input Validation
200,322,1000,0,1,0,0,0,1,5,0,3,3,0,0,0,Safe
200,192,1000,0,1,0,0,0,1,0,0,3,3,0,0,0,Safe
200,204,1249,0,1,0,0,0,1,1,1,3,3,0,0,0,Input Validation
200,199,1099,0,1,0,0,0,1,1,1,3,3,0,0,0,Safe
200,196,1000,0,1,0,0,0,1,0,0,3,3,0,0,0,Information
403,1957,2990,0,2,2,2,2,1,5,0,9,3,0,1,1,Header
200,198,1000,0,1,0,0,0,1,0,0,3,3,0,0,0,Safe
500,952,7666,0,2,2,3,2,0,2,2,4,3,0,1,1,Header
200,204,1000,0,1,0,0,0,1,0,0,3,3,0,0,0,Information
200,233,2053,0,1,0,0,0,1,13,1,3,3,1,0,0,Input Validation
200,212,1000,0,1,0,0,0,1,0,0,3,3,0,0,0,Information
200,194,1000,0,1,0,0,0,1,0,0,3,3,0,0,0,Safe
200,308,1000,0,1,0,0,0,1,1,0,3,3,0,0,0,Input Validation
403,906,8766,2,2,1,3,3,1,6,1,3,3,1,1,1,Authentication
200,188,1000,0,1,0,0,0,1,0,0,3,3,0,0,0,Safe
200,1245,9535,5,0,1,4,2,1,0,0,8,4,1,1,0,Authentication
200,199,1099,0,1,0,0,0,1,1,1,3,3,0,0,0,Authorization
200,364,1000,0,1,0,0,0,1,3,0,3,3,0,0,0,Input Validation
200,188,1000,0,1,0,0,0,1,0,0,3,3,0,0,0,Safe
200,190,1000,0,1,0,0,0,1,0,0,1,1,0,0,0,Input Validation
200,188,1000,0,1,0,0,0,1,0,0,3,3,0,0,0,Safe
200,196,1000,0,1,0,0,0,1,0,0,3,3,0,0,0,Safe
200,338,1000,0,1,0,0,0,1,1,0,3,3,0,0,0,Input Validation
200,222,1000,0,1,0,0,0,1,1,0,3,3,0,0,0,Safe
400,1437,6873,0,2,1,4,2,0,1,0,3,2,0,1,1,Header
200,197,1114,0,1,0,0,0,1,3,1,3,3,0,0,0,Authorization
200,786,1000,0,1,0,0,0,1,13,0,3,3,1,0,0,Input Validation
200,199,1099,0,1,0,0,0,1,1,1,3,3,0,0,0,Safe
200,484,1000,0,1,0,0,0,1,5,0,3,3,1,0,0,Input Validation
200,556,1000,0,1,0,0,0,1,1,0,3,3,0,0,0,Input Validation
200,188,1000,0,1,0,0,0,1,0,0,3,3,0,0,0,Safe
200,184,1000,0,1,0,0,0,1,0,0,2,2,0,0,0,Information
200,223,1699,0,1,0,0,0,1,13,1,3,3,1,0,0,Authorization
200,178,1000,0,1,0,0,0,1,0,0,1,1,0,0,0,Input Validation
403,1338,3042,1,1,0,1,0,1,6,2,3,4,1,1,1,Header
200,230,1987,0,1,0,0,0,1,13,1,3,3,1,0,0,Input Validation
200,416,1000,0,1,0,0,0,1,5,0,3,3,1,0,0,Input Validation
200,234,1000,0,1,0,0,0,1,1,0,3,3,0,0,0,Safe
200,194,1000,0,1,0,0,0,1,0,0,3,3,0,0,0,Safe
403,868,5998,2,3,2,1,4,0,7,2,6,3,1,1,0,Header
200,188,1000,0,1,0,0,0,1,0,0,3,3,0,0,0,Safe
200,204,1000,0,1,0,0,0,1,0,0,4,4,0,0,0,Information
200,214,1624,0,1,0,0,0,1,3,1,3,3,0,0,0,Input Validation
200,340,1000,0,1,0,0,0,1,5,0,3,3,0,0,0,Safe
200,218,1129,0,1,0,0,0,1,1,1,3,3,0,0,0,Input Validation
400,1759,3733,1,2,2,4,3,0,7,1,3,3,1,0,0,Configuration
200,186,1000,0,1,0,0,0,1,0,0,2,2,0,0,0,Information
200,208,1000,0,1,0,0,0,1,0,0,3,3,0,0,0,Information
200,216,1000,0,1,0,0,0,1,0,0,4,4,0,0,0,Safe
200,212,1000,0,1,0,0,0,1,0,0,3,3,0,0,0,Safe
200,200,1144,0,1,0,0,0,1,1,1,3,3,0,0,0,Input Validation
200,197,1051,0,1,0,0,0,1,1,1,3,3,0,0,0,Authorization
200,266,1000,0,1,0,0,0,1,1,0,3,3,0,0,0,Safe
200,206,1000,0,1,0,0,0,1,0,0,3,3,0,0,0,Information
200,204,1261,0,1,0,0,0,1,1,1,3,3,0,0,0,Input Validation
200,282,1000,0,1,0,0,0,1,3,0,3,3,0,0,0,Safe
200,214,1012,0,1,0,0,0,1,1,1,3,3,0,0,0,Authorization
302,66,5488,0,1,0,2,1,0,6,0,1,0,1,0,0,Header
200,754,1000,0,1,0,0,0,1,13,0,3,3,1,0,0,Input Validation
200,203,1213,0,1,0,0,0,1,5,1,3,3,0,0,0,Safe
200,240,1000,0,1,0,0,0,1,0,0,4,4,0,0,0,Information
200,186,1000,0,1,0,0,0,1,0,0,2,2,0,0,0,Information
200,828,1000,0,1,0,0,0,1,13,0,3,3,1,0,0,Input Validation
200,210,1192,0,1,0,0,0,1,5,1,3,3,1,0,0,Safe
403,1185,5562,0,0,2,1,0,0,1,0,8,1,0,1,0,Header
403,699,3378,1,0,1,1,1,1,2,1,7,1,1,1,0,Header
200,166,1000,0,1,0,0,0,1,0,0,1,1,0,0,0,Input Validation
200,842,1000,0,1,0,0,0,1,13,0,3,3,1,0,0,Input Validation
403,1567,4670,1,1,2,2,4,0,2,2,8,2,1,0,0,Header
200,218,1141,0,1,0,0,0,1,1,1,3,3,0,0,0,Input Validation
200,197,1051,0,1,0,0,0,1,1,1,3,3,0,0,0,Safe
400,775,6440,0,1,1,3,0,0,3,1,7,2,1,1,0,Header
200,1074,6630,4,3,1,0,3,1,0,0,6,4,1,1,1,Authentication
200,197,1051,0,1,0,0,0,1,1,1,3,3,0,0,0,Authorization
200,188,1000,0,1,0,0,0,1,0,0,3,3,0,0,0,Safe
200,188,1000,0,1,0,0,0,1,0,0,3,3,0,0,0,Safe
200,252,1000,0,1,0,0,0,1,0,0,4,4,0,0,0,Input Validation
200,214,1000,0,1,0,0,0,1,0,0,4,4,0,0,0,Safe
500,591,4109,4,1,0,4,1,1,4,2,7,3,1,1,0,Session
200,204,1000,0,1,0,0,0,1,0,0,3,3,0,0,0,Input Validation
200,200,1141,0,1,0,0,0,1,1,1,3,3,0,0,0,Input Validation
200,682,1000,0,1,0,0,0,1,13,0,3,3,1,0,0,Safe
200,244,1000,0,1,0,0,0,1,0,0,4,4,0,0,0,Input Validation
400,426,9356,1,1,0,0,4,0,6,2,1,0,1,0,0,Header
200,232,1984,0,1,0,0,0,1,13,1,3,3,1,0,0,Input Validation
302,880,2861,0,0,1,5,4,1,0,1,6,1,0,1,1,Header
200,420,1000,0,1,0,0,0,1,5,0,3,3,0,0,0,Input Validation
200,209,1174,0,1,0,0,0,1,5,1,3,3,1,0,0,Authorization
200,200,1147,0,1,0,0,0,1,1,1,3,3,0,0,0,Input Validation
200,202,1000,0,1,0,0,0,1,0,0,3,3,0,0,0,Safe
200,668,1000,0,1,0,0,0,1,13,0,3,3,1,0,0,Safe
200,222,1735,0,1,0,0,0,1,13,1,3,3,1,0,0,Authorization
500,1888,109,7,1,1,2,4,1,6,0,6,0,1,1,0,Authentication
200,824,1000,0,1,0,0,0,1,13,0,3,3,1,0,0,Input Validation
200,197,1051,0,1,0,0,0,1,1,1,3,3,0,0,0,Authorization
403,910,5490,2,3,0,4,1,1,6,2,8,4,1,1,1,Authentication
200,1001,798,0,1,1,3,4,1,0,0,3,1,1,1,1,Authentication
200,264,1000,0,1,0,0,0,1,1,0,3,3,0,0,0,Safe
200,197,1054,0,1,0,0,0,1,1,1,3,3,0,0,0,Safe
200,197,1051,0,1,0,0,0,1,1,1,3,3,0,0,0,Safe
200,1392,2932,0,2,2,5,2,1,6,0,5,3,1,1,1,Authentication
200,150,1000,0,1,0,0,0,1,0,0,0,0,0,0,0,Input Validation
200,478,1000,0,1,0,0,0,1,5,0,3,3,1,0,0,Safe
200,188,1000,0,1,0,0,0,1,0,0,3,3,0,0,0,Safe
200,223,1696,0,1,0,0,0,1,13,1,3,3,1,0,0,Safe
200,214,1000,0,1,0,0,0,1,0,0,2,2,0,0,0,Information
400,1117,7364,1,3,2,5,3,0,0,2,2,2,0,0,0,Input Validation
200,282,1000,0,1,0,0,0,1,3,0,3,3,0,0,0,Safe
200,198,1000,0,1,0,0,0,1,0,0,3,3,0,0,0,Safe
200,198,1000,0,1,0,0,0,1,0,0,3,3,0,0,0,Safe
200,194,1000,0,1,0,0,0,1,0,0,2,2,0,0,0,Information
200,244,1000,0,1,0,0,0,1,0,0,5,5,0,0,0,Information
200,221,1234,0,1,0,0,0,1,1,1,3,3,0,0,0,Input Validation
200,184,1000,0,1,0,0,0,1,0,0,3,3,0,0,0,Information
200,209,1171,0,1,0,0,0,1,5,1,3,3,1,0,0,Authorization
200,202,1000,0,1,0,0,0,1,0,0,3,3,0,0,0,Safe
400,543,2151,3,1,0,4,1,0,4,2,6,1,1,0,1,Configuration
200,211,1477,0,1,0,0,0,1,5,1,3,3,0,0,0,Input Validation
200,282,1000,0,1,0,0,0,1,3,0,3,3,0,0,0,Safe
200,178,1000,0,1,0,0,0,1,0,0,2,2,0,0,0,Safe
200,204,1000,0,1,0,0,0,1,0,0,3,3,0,0,0,Input Validation
302,1923,7041,6,2,2,1,3,1,5,0,8,3,1,0,1,Authentication
200,200,1000,0,1,0,0,0,1,0,0,3,3,0,0,0,Safe
200,199,1099,0,1,0,0,0,1,1,1,3,3,0,0,0,Authorization
200,166,1000,0,1,0,0,0,1,0,0,1,1,0,0,0,Information
200,201,1168,0,1,0,0,0,1,1,1,3,3,0,0,0,Input Validation
200,150,1000,0,1,0,0,0,1,0,0,0,0,0,0,0,Information
200,208,1372,0,1,0,0,0,1,5,1,3,3,0,0,0,Input Validation
200,648,1000,0,1,0,0,0,1,5,0,3,3,0,0,0,Input Validation
200,196,1000,0,1,0,0,0,1,0,0,3,3,0,0,0,Safe
400,912,9897,0,3,2,3,2,1,5,0,5,0,1,0,0,Session
400,76,325,4,1,0,3,0,1,3,0,3,3,1,1,0,Authentication
200,237,2194,0,1,0,0,0,1,13,1,3,3,1,0,0,Input Validation
302,989,625,3,1,2,4,4,1,4,0,6,3,0,0,1,Configuration
200,242,1000,0,1,0,0,0,1,0,0,4,4,0,0,0,Information
200,166,1000,0,1,0,0,0,1,0,0,1,1,0,0,0,Input Validation
200,670,1000,0,1,0,0,0,1,5,0,3,3,0,0,0,Input Validation
500,1280,452,3,3,0,5,4,0,1,0,8,3,0,1,1,Configuration
200,227,1813,0,1,0,0,0,1,13,1,3,3,1,0,0,Safe
200,212,1000,0,1,0,0,0,1,0,0,3,3,0,0,0,Input Validation
200,223,1765,0,1,0,0,0,1,13,1,3,3,1,0,0,Safe
200,198,1000,0,1,0,0,0,1,0,0,3,3,0,0,0,Safe
200,203,1222,0,1,0,0,0,1,5,1,3,3,0,0,0,Authorization
200,168,1000,0,1,0,0,0,1,0,0,2,2,0,0,0,Information
403,1920,8937,5,0,1,5,2,1,0,1,8,1,1,0,1,Authentication
200,184,1000,0,1,0,0,0,1,0,0,2,2,0,0,0,Input Validation
200,210,1183,0,1,0,0,0,1,5,1,3,3,1,0,0,Authorization
200,139,9067,4,1,1,1,1,1,0,2,4,1,1,1,0,Authentication
200,272,1000,0,1,0,0,0,1,3,0,3,3,0,0,0,Safe
200,166,1000,0,1,0,0,0,1,0,0,1,1,0,0,0,Information
500,1280,452,3,3,0,5,4,0,1,0,8,3,0,1,1,Configuration
200,199,1099,0,1,0,0,0,1,1,1,3,3,0,0,0,Safe
200,182,1000,0,1,0,0,0,1,0,0,2,2,0,0,0,Input Validation
200,612,1000,0,1,0,0,0,1,3,0,3,3,0,0,0,Input Validation
200,244,2323,0,1,0,0,0,1,13,1,3,3,1,0,0,Input Validation
200,199,1099,0,1,0,0,0,1,1,1,3,3,0,0,0,Safe
200,150,1000,0,1,0,0,0,1,0,0,0,0,0,0,0,Information
400,950,5880,2,1,1,0,1,1,5,0,2,2,0,1,1,Header
200,196,1000,0,1,0,0,0,1,0,0,3,3,0,0,0,Input Validation
200,232,1000,0,1,0,0,0,1,0,0,3,3,0,0,0,Input Validation
200,224,1000,0,1,0,0,0,1,0,0,4,4,0,0,0,Input Validation
200,212,1000,0,1,0,0,0,1,0,0,3,3,0,0,0,Safe
200,182,1000,0,1,0,0,0,1,0,0,2,2,0,0,0,Input Validation
200,434,1000,0,1,0,0,0,1,5,0,3,3,0,0,0,Input Validation
200,214,1000,0,1,0,0,0,1,0,0,4,4,0,0,0,Safe
200,218,1135,0,1,0,0,0,1,1,1,3,3,0,0,0,Input Validation
200,196,1000,0,1,0,0,0,1,0,0,3,3,0,0,0,Safe
200,203,1225,0,1,0,0,0,1,5,1,3,3,0,0,0,Safe
400,1703,2880,6,1,2,0,0,0,5,0,5,2,0,0,0,Session
200,372,1000,0,1,0,0,0,1,1,0,3,3,0,0,0,Input Validation
200,222,1000,0,1,0,0,0,1,0,0,4,4,0,0,0,Information
200,232,1981,0,1,0,0,0,1,13,1,3,3,1,0,0,Input Validation
302,1650,1637,5,3,0,1,1,1,7,2,7,3,1,0,1,Input Validation
200,202,1264,0,1,0,0,0,1,3,1,3,3,0,0,0,Input Validation
200,229,1873,0,1,0,0,0,1,13,1,3,3,1,0,0,Input Validation
200,194,1000,0,1,0,0,0,1,0,0,2,2,0,0,0,Input Validation
200,194,1000,0,1,0,0,0,1,0,0,2,2,0,0,0,Information
200,197,1108,0,1,0,0,0,1,3,1,3,3,0,0,0,Authorization
302,1617,5441,6,2,0,3,0,0,1,0,5,3,1,0,1,Input Validation
200,364,1000,0,1,0,0,0,1,1,0,3,3,0,0,0,Input Validation
200,684,1000,0,1,0,0,0,1,5,0,3,3,0,0,0,Input Validation
200,196,1000,0,1,0,0,0,1,0,0,3,3,0,0,0,Information
200,222,1720,0,1,0,0,0,1,13,1,3,3,1,0,0,Safe
200,1908,9271,3,4,1,2,2,0,6,2,1,1,0,1,0,Session
400,67,868,3,2,2,1,1,1,3,0,2,2,0,1,0,Configuration
200,244,1000,0,1,0,0,0,1,0,0,5,5,0,0,0,Information
200,216,1000,0,1,0,0,0,1,0,0,4,4,0,0,0,Safe
403,740,8762,1,1,0,3,2,0,7,2,7,4,0,0,0,Session
400,670,902,1,0,0,3,3,1,2,1,7,0,0,0,0,Header
200,340,1000,0,1,0,0,0,1,5,0,3,3,1,0,0,Safe
403,621,2482,1,0,0,5,3,1,7,1,4,2,1,0,1,Configuration
200,456,1000,0,1,0,0,0,1,5,0,3,3,0,0,0,Input Validation
200,224,1000,0,1,0,0,0,1,0,0,4,4,0,0,0,Information
200,186,1000,0,1,0,0,0,1,0,0,1,1,0,0,0,Information
403,478,9599,0,0,1,2,2,0,0,2,2,3,0,0,1,Header
200,166,1000,0,1,0,0,0,1,0,0,1,1,0,0,0,Information
200,1030,9990,3,1,0,2,1,1,2,0,7,0,0,1,0,Input Validation
200,188,1000,0,1,0,0,0,1,0,0,3,3,0,0,0,Safe
200,216,1000,0,1,0,0,0,1,0,0,4,4,0,0,0,Safe
200,210,1186,0,1,0,0,0,1,5,1,3,3,1,0,0,Authorization
200,210,1198,0,1,0,0,0,1,5,1,3,3,1,0,0,Safe
200,348,1000,0,1,0,0,0,1,5,0,3,3,0,0,0,Safe
200,480,1000,0,1,0,0,0,1,5,0,3,3,1,0,0,Input Validation
500,1352,4543,2,3,1,4,3,1,7,0,9,4,1,1,1,Input Validation
200,225,1822,0,1,0,0,0,1,13,1,3,3,1,0,0,Authorization
200,372,1000,0,1,0,0,0,1,1,0,3,3,0,0,0,Input Validation
200,562,1000,0,1,0,0,0,1,1,0,3,3,0,0,0,Input Validation
200,232,1000,0,1,0,0,0,1,1,0,3,3,0,0,0,Safe
200,228,1000,0,1,0,0,0,1,0,0,4,4,0,0,0,Information
200,210,1198,0,1,0,0,0,1,5,1,3,3,1,0,0,Safe
200,200,1000,0,1,0,0,0,1,0,0,3,3,0,0,0,Safe
200,246,1000,0,1,0,0,0,1,0,0,5,5,0,0,0,Information
200,199,1099,0,1,0,0,0,1,1,1,3,3,0,0,0,Authorization
200,224,1000,0,1,0,0,0,1,1,0,3,3,0,0,0,Safe
200,232,1000,0,1,0,0,0,1,0,0,3,3,0,0,0,Information
200,272,1000,0,1,0,0,0,1,0,0,5,5,0,0,0,Input Validation
200,226,1861,0,1,0,0,0,1,13,1,3,3,1,0,0,Input Validation
400,775,6440,0,1,1,3,0,0,3,1,7,2,1,1,0,Header
200,224,1000,0,1,0,0,0,1,1,0,3,3,0,0,0,Safe
403,990,8116,0,2,0,2,2,0,4,0,7,1,1,1,0,Session
400,130,2280,4,3,1,0,1,1,3,0,2,4,1,0,1,Authentication
400,1428,3755,2,2,0,4,1,0,4,2,6,1,1,0,0,Session
200,244,1000,0,1,0,0,0,1,0,0,4,4,0,0,0,Input Validation
200,219,1171,0,1,0,0,0,1,1,1,3,3,0,0,0,Input Validation
200,225,1831,0,1,0,0,0,1,13,1,3,3,1,0,0,Safe
200,372,1000,0,1,0,0,0,1,1,0,3,3,0,0,0,Input Validation
500,237,7395,0,4,0,3,2,1,6,2,9,1,1,1,1,Session
200,208,1000,0,1,0,0,0,1,0,0,3,3,0,0,0,Information
200,232,1000,0,1,0,0,0,1,1,0,3,3,0,0,0,Safe
200,224,1786,0,1,0,0,0,1,13,1,3,3,1,0,0,Input Validation
200,184,1000,0,1,0,0,0,1,0,0,2,2,0,0,0,Input Validation
403,88,7794,2,0,0,5,0,0,1,0,2,2,1,1,1,Configuration
200,196,1000,0,1,0,0,0,1,0,0,3,3,0,0,0,Safe
200,203,1213,0,1,0,0,0,1,5,1,3,3,0,0,0,Authorization
200,456,1000,0,1,0,0,0,1,5,0,3,3,1,0,0,Input Validation
200,328,1000,0,1,0,0,0,1,5,0,3,3,1,0,0,Safe
200,346,1000,0,1,0,0,0,1,5,0,3,3,0,0,0,Safe
200,202,1000,0,1,0,0,0,1,0,0,3,3,0,0,0,Information
200,204,1000,0,1,0,0,0,1,0,0,3,3,0,0,0,Information
200,199,1099,0,1,0,0,0,1,1,1,3,3,0,0,0,Authorization
200,204,1000,0,1,0,0,0,1,0,0,3,3,0,0,0,Input Validation
200,260,1000,0,1,0,0,0,1,0,0,5,5,0,0,0,Information
200,224,1789,0,1,0,0,0,1,13,1,3,3,1,0,0,Safe
200,232,1987,0,1,0,0,0,1,13,1,3,3,1,0,0,Input Validation
200,248,1000,0,1,0,0,0,1,0,0,4,4,0,0,0,Input Validation
200,206,1000,0,1,0,0,0,1,0,0,2,2,0,0,0,Information
400,92,2006,6,0,2,2,3,1,3,0,3,2,1,0,1,Authentication
200,422,1000,0,1,0,0,0,1,3,0,3,3,0,0,0,Input Validation
200,204,1246,0,1,0,0,0,1,5,1,3,3,0,0,0,Safe
500,1164,1205,3,1,1,0,1,1,4,2,9,0,0,1,0,Session
200,205,1276,0,1,0,0,0,1,5,1,3,3,0,0,0,Input Validation
200,216,1000,0,1,0,0,0,1,0,0,4,4,0,0,0,Safe
400,325,4245,2,3,1,3,4,1,2,0,9,3,1,0,1,Header
200,196,1000,0,1,0,0,0,1,0,0,3,3,0,0,0,Information
302,1236,3156,2,3,1,3,2,1,3,1,9,0,0,0,1,Configuration
200,228,1924,0,1,0,0,0,1,13,1,3,3,1,0,0,Input Validation
200,229,1942,0,1,0,0,0,1,13,1,3,3,1,0,0,Input Validation
200,232,1000,0,1,0,0,0,1,0,0,4,4,0,0,0,Input Validation
200,470,1000,0,1,0,0,0,1,5,0,3,3,1,0,0,Input Validation
200,203,1222,0,1,0,0,0,1,5,1,3,3,0,0,0,Safe
200,272,1000,0,1,0,0,0,1,3,0,3,3,0,0,0,Safe
500,956,7913,0,2,2,2,1,0,1,1,2,4,1,0,0,Configuration
200,782,1000,0,1,0,0,0,1,13,0,3,3,1,0,0,Input Validation
200,209,1177,0,1,0,0,0,1,5,1,3,3,1,0,0,Safe
200,332,1000,0,1,0,0,0,1,1,0,3,3,0,0,0,Input Validation
200,200,1000,0,1,0,0,0,1,0,0,3,3,0,0,0,Safe
403,1073,5772,2,4,1,5,2,1,0,2,9,4,1,0,0,Session
200,204,1000,0,1,0,0,0,1,0,0,3,3,0,0,0,Information
200,322,1000,0,1,0,0,0,1,5,0,3,3,0,0,0,Safe
200,216,1000,0,1,0,0,0,1,0,0,4,4,0,0,0,Safe
200,150,1000,0,1,0,0,0,1,0,0,0,0,0,0,0,Input Validation
200,210,1183,0,1,0,0,0,1,5,1,3,3,1,0,0,Authorization
200,288,1000,0,1,0,0,0,1,3,0,3,3,0,0,0,Safe
200,402,1000,0,1,0,0,0,1,5,0,3,3,0,0,0,Input Validation
200,194,1000,0,1,0,0,0,1,0,0,2,2,0,0,0,Information
200,198,1000,0,1,0,0,0,1,0,0,3,3,0,0,0,Safe
302,57,3523,3,4,1,0,2,0,0,2,4,1,1,0,1,Session
200,848,1000,0,1,0,0,0,1,13,0,3,3,1,0,0,Input Validation
200,200,1141,0,1,0,0,0,1,1,1,3,3,0,0,0,Input Validation
200,204,1000,0,1,0,0,0,1,0,0,3,3,0,0,0,Information
200,184,1000,0,1,0,0,0,1,0,0,2,2,0,0,0,Information
403,1136,6804,3,0,0,5,2,0,7,2,1,4,0,1,1,Configuration
302,1538,6168,5,1,1,3,2,0,6,2,4,4,0,1,0,Session
200,388,1000,0,1,0,0,0,1,3,0,3,3,0,0,0,Input Validation
200,166,1000,0,1,0,0,0,1,0,0,1,1,0,0,0,Information
200,216,1000,0,1,0,0,0,1,0,0,4,4,0,0,0,Safe
200,223,1711,0,1,0,0,0,1,13,1,3,3,1,0,0,Authorization
200,248,1000,0,1,0,0,0,1,0,0,4,4,0,0,0,Information
403,800,3340,1,0,2,1,1,1,5,0,9,2,0,1,0,Header
200,983,7284,1,0,1,1,3,0,4,1,6,4,0,0,0,Configuration
200,224,1000,0,1,0,0,0,1,0,0,4,4,0,0,0,Information
403,946,2061,1,3,0,3,1,1,5,2,9,3,0,1,0,Header
200,204,1000,0,1,0,0,0,1,0,0,3,3,0,0,0,Information
200,462,1000,0,1,0,0,0,1,5,0,3,3,1,0,0,Input Validation
403,520,9533,3,4,0,4,3,1,2,2,6,0,0,0,1,Session
400,950,5880,2,1,1,0,1,1,5,0,2,2,0,1,1,Header
403,1324,1056,2,1,1,1,0,0,4,1,1,2,1,0,0,Configuration
200,223,1777,0,1,0,0,0,1,13,1,3,3,1,0,0,Safe
200,226,4480,3,2,1,1,3,1,4,0,7,0,1,0,0,Configuration
500,399,8169,1,1,0,5,3,1,4,2,6,1,1,0,1,Header
200,194,1000,0,1,0,0,0,1,0,0,3,3,0,0,0,Safe
200,1372,2205,2,3,1,0,0,1,6,1,3,1,1,0,1,Header
200,190,1000,0,1,0,0,0,1,0,0,1,1,0,0,0,Information
200,199,1099,0,1,0,0,0,1,1,1,3,3,0,0,0,Authorization
200,222,1000,0,1,0,0,0,1,0,0,3,3,0,0,0,Input Validation
200,197,1117,0,1,0,0,0,1,3,1,3,3,0,0,0,Safe
200,196,1000,0,1,0,0,0,1,0,0,3,3,0,0,0,Safe
200,444,1000,0,1,0,0,0,1,5,0,3,3,0,0,0,Input Validation
200,202,1201,0,1,0,0,0,1,1,1,3,3,0,0,0,Input Validation
200,242,1000,0,1,0,0,0,1,0,0,4,4,0,0,0,Information
200,242,1000,0,1,0,0,0,1,0,0,4,4,0,0,0,Information
200,203,1213,0,1,0,0,0,1,5,1,3,3,0,0,0,Authorization
200,202,1000,0,1,0,0,0,1,0,0,3,3,0,0,0,Safe
200,1979,9177,3,1,1,2,1,1,5,2,4,2,0,1,0,Configuration
200,302,1000,0,1,0,0,0,1,1,0,3,3,0,0,0,Input Validation
200,150,1000,0,1,0,0,0,1,0,0,0,0,0,0,0,Input Validation
200,192,1000,0,1,0,0,0,1,0,0,3,3,0,0,0,Safe
200,224,1786,0,1,0,0,0,1,13,1,3,3,1,0,0,Safe
200,201,1165,0,1,0,0,0,1,1,1,3,3,0,0,0,Input Validation
200,180,1000,0,1,0,0,0,1,0,0,2,2,0,0,0,Input Validation
200,207,1354,0,1,0,0,0,1,5,1,3,3,0,0,0,Input Validation
200,332,1000,0,1,0,0,0,1,5,0,3,3,0,0,0,Safe
200,414,1000,0,1,0,0,0,1,5,0,3,3,1,0,0,Input Validation
200,248,1000,0,1,0,0,0,1,0,0,4,4,0,0,0,Input Validation
400,1985,1878,6,2,1,2,4,1,3,2,4,3,1,1,1,Input Validation
200,231,1933,0,1,0,0,0,1,13,1,3,3,1,0,0,Input Validation
200,1967,1975,2,0,1,0,3,0,5,1,5,4,1,1,1,Configuration
200,180,1000,0,1,0,0,0,1,0,0,2,2,0,0,0,Information
200,202,1264,0,1,0,0,0,1,3,1,3,3,0,0,0,Input Validation
200,194,1000,0,1,0,0,0,1,0,0,3,3,0,0,0,Safe
200,226,1678,0,1,0,0,0,1,5,1,3,3,1,0,0,Input Validation
403,1324,1056,2,1,1,1,0,0,4,1,1,2,1,0,0,Configuration
200,196,1000,0,1,0,0,0,1,0,0,3,3,0,0,0,Safe
200,342,1000,0,1,0,0,0,1,1,0,3,3,0,0,0,Input Validation
200,242,1000,0,1,0,0,0,1,0,0,4,4,0,0,0,Input Validation
200,248,1000,0,1,0,0,0,1,0,0,4,4,0,0,0,Information
200,204,1000,0,1,0,0,0,1,0,0,3,3,0,0,0,Input Validation
200,392,1000,0,1,0,0,0,1,1,0,3,3,0,0,0,Input Validation
200,196,1000,0,1,0,0,0,1,0,0,3,3,0,0,0,Safe
200,224,1807,0,1,0,0,0,1,13,1,3,3,1,0,0,Safe
200,216,1000,0,1,0,0,0,1,0,0,4,4,0,0,0,Safe
200,826,1000,0,1,0,0,0,1,13,0,3,3,1,0,0,Input Validation
400,325,4245,2,3,1,3,4,1,2,0,9,3,1,0,1,Header
200,199,1090,0,1,0,0,0,1,1,1,3,3,0,0,0,Input Validation
302,1514,125,0,3,2,4,2,0,4,0,8,3,0,0,1,Session
200,244,1000,0,1,0,0,0,1,0,0,4,4,0,0,0,Input Validation
200,272,1000,0,1,0,0,0,1,3,0,3,3,0,0,0,Safe
200,182,1000,0,1,0,0,0,1,0,0,2,2,0,0,0,Input Validation
200,194,1000,0,1,0,0,0,1,0,0,3,3,0,0,0,Safe
200,196,1000,0,1,0,0,0,1,0,0,3,3,0,0,0,Safe
200,252,1000,0,1,0,0,0,1,0,0,4,4,0,0,0,Information
200,205,1297,0,1,0,0,0,1,1,1,3,3,0,0,0,Input Validation
200,1062,2144,0,4,0,3,2,0,1,0,8,4,0,0,1,Session
200,1025,4166,0,1,1,1,1,0,4,0,7,3,1,0,1,Header
200,346,1000,0,1,0,0,0,1,3,0,3,3,0,0,0,Input Validation
200,197,1051,0,1,0,0,0,1,1,1,3,3,0,0,0,Authorization
200,222,1261,0,1,0,0,0,1,1,1,3,3,0,0,0,Input Validation
200,198,1138,0,1,0,0,0,1,3,1,3,3,0,0,0,Safe
200,712,1000,0,1,0,0,0,1,13,0,3,3,1,0,0,Safe
500,1152,4857,0,3,0,2,3,1,5,0,1,0,0,1,0,Header
200,872,1000,0,1,0,0,0,1,13,0,3,3,1,0,0,Input Validation
200,188,1000,0,1,0,0,0,1,0,0,3,3,0,0,0,Safe
200,214,1012,0,1,0,0,0,1,1,1,3,3,0,0,0,Authorization
200,356,1000,0,1,0,0,0,1,3,0,3,3,0,0,0,Input Validation
200,215,1351,0,1,0,0,0,1,5,1,3,3,1,0,0,Input Validation
200,196,1000,0,1,0,0,0,1,0,0,3,3,0,0,0,Input Validation
200,1074,6630,4,3,1,0,3,1,0,0,6,4,1,1,1,Authentication
200,1979,9177,3,1,1,2,1,1,5,2,4,2,0,1,0,Configuration
200,336,1000,0,1,0,0,0,1,3,0,3,3,0,0,0,Input Validation
403,1185,5562,0,0,2,1,0,0,1,0,8,1,0,1,0,Header
200,360,1000,0,1,0,0,0,1,3,0,3,3,0,0,0,Input Validation
200,180,1000,0,1,0,0,0,1,0,0,2,2,0,0,0,Input Validation
200,224,1000,0,1,0,0,0,1,1,0,3,3,0,0,0,Safe
200,150,1000,0,1,0,0,0,1,0,0,0,0,0,0,0,Information
200,188,1000,0,1,0,0,0,1,0,0,3,3,0,0,0,Safe
200,348,1000,0,1,0,0,0,1,1,0,3,3,0,0,0,Input Validation
200,220,1204,0,1,0,0,0,1,1,1,3,3,0,0,0,Input Validation
200,150,1000,0,1,0,0,0,1,0,0,0,0,0,0,0,Input Validation
200,223,1762,0,1,0,0,0,1,13,1,3,3,1,0,0,Safe
200,330,1000,0,1,0,0,0,1,1,0,3,3,0,0,0,Input Validation
200,232,1000,0,1,0,0,0,1,1,0,3,3,0,0,0,Safe
200,826,1000,0,1,0,0,0,1,13,0,3,3,1,0,0,Input Validation
200,332,1000,0,1,0,0,0,1,1,0,3,3,0,0,0,Input Validation
200,192,1000,0,1,0,0,0,1,0,0,3,3,0,0,0,Safe
200,202,1000,0,1,0,0,0,1,0,0,3,3,0,0,0,Safe
200,214,1015,0,1,0,0,0,1,1,1,3,3,0,0,0,Safe
200,196,1000,0,1,0,0,0,1,0,0,3,3,0,0,0,Safe
200,227,1876,0,1,0,0,0,1,13,1,3,3,1,0,0,Input Validation
200,226,1000,0,1,0,0,0,1,1,0,3,3,0,0,0,Safe
200,205,1336,0,1,0,0,0,1,3,1,3,3,0,0,0,Input Validation
403,868,5998,2,3,2,1,4,0,7,2,6,3,1,1,0,Header
200,215,1330,0,1,0,0,0,1,5,1,3,3,1,0,0,Safe
200,838,1000,0,1,0,0,0,1,13,0,3,3,1,0,0,Input Validation
200,197,1051,0,1,0,0,0,1,1,1,3,3,0,0,0,Authorization
200,219,1717,0,1,0,0,0,1,5,1,3,3,0,0,0,Input Validation
200,213,1597,0,1,0,0,0,1,3,1,3,3,0,0,0,Input Validation
200,204,1000,0,1,0,0,0,1,0,0,3,3,0,0,0,Information
200,196,1000,0,1,0,0,0,1,0,0,3,3,0,0,0,Safe
200,203,1213,0,1,0,0,0,1,5,1,3,3,0,0,0,Authorization
403,1338,3042,1,1,0,1,0,1,6,2,3,4,1,1,1,Header
200,502,1000,0,1,0,0,0,1,5,0,3,3,0,0,0,Input Validation
200,194,1000,0,1,0,0,0,1,0,0,3,3,0,0,0,Safe
200,211,1456,0,1,0,0,0,1,5,1,3,3,0,0,0,Input Validation
200,203,1297,0,1,0,0,0,1,3,1,3,3,0,0,0,Input Validation
200,178,1000,0,1,0,0,0,1,0,0,2,2,0,0,0,Safe
200,205,1279,0,1,0,0,0,1,5,1,3,3,0,0,0,Input Validation
200,166,1000,0,1,0,0,0,1,0,0,1,1,0,0,0,Information
200,1074,6630,4,3,1,0,3,1,0,0,6,4,1,1,1,Authentication
200,1940,1887,4,2,1,2,0,1,2,2,7,2,0,1,1,Input Validation
200,222,1000,0,1,0,0,0,1,0,0,3,3,0,0,0,Input Validation
200,206,1000,0,1,0,0,0,1,0,0,4,4,0,0,0,Information
200,196,1000,0,1,0,0,0,1,0,0,3,3,0,0,0,Safe
200,216,1000,0,1,0,0,0,1,0,0,4,4,0,0,0,Safe
200,168,1000,0,1,0,0,0,1,0,0,2,2,0,0,0,Input Validation
200,216,1075,0,1,0,0,0,1,1,1,3,3,0,0,0,Input Validation
200,322,1000,0,1,0,0,0,1,1,0,3,3,0,0,0,Input Validation
200,202,1000,0,1,0,0,0,1,0,0,3,3,0,0,0,Safe
500,454,7481,2,2,2,0,1,1,0,1,2,2,0,1,0,Header
200,199,1099,0,1,0,0,0,1,1,1,3,3,0,0,0,Authorization
200,227,1885,0,1,0,0,0,1,13,1,3,3,1,0,0,Input Validation
200,224,1000,0,1,0,0,0,1,1,0,3,3,0,0,0,Safe
200,152,1000,0,1,0,0,0,1,0,0,1,1,0,0,0,Input Validation
200,206,1000,0,1,0,0,0,1,0,0,2,2,0,0,0,Information
200,232,1000,0,1,0,0,0,1,1,0,3,3,0,0,0,Safe
200,1007,7774,2,2,1,0,1,1,4,0,9,0,0,0,0,Configuration
200,322,1000,0,1,0,0,0,1,5,0,3,3,1,0,0,Safe
200,356,1000,0,1,0,0,0,1,3,0,3,3,0,0,0,Input Validation
500,911,6811,2,1,2,3,0,1,4,0,4,4,1,1,1,Header
200,186,1000,0,1,0,0,0,1,0,0,1,1,0,0,0,Input Validation
200,203,1222,0,1,0,0,0,1,1,1,3,3,0,0,0,Input Validation
200,215,1348,0,1,0,0,0,1,5,1,3,3,1,0,0,Input Validation
400,1838,7474,0,0,2,1,3,1,0,1,9,0,0,0,1,Header
200,214,1306,0,1,0,0,0,1,5,1,3,3,1,0,0,Input Validation
200,1849,6755,5,3,1,3,2,1,6,1,2,2,1,1,0,Authentication
200,372,1000,0,1,0,0,0,1,3,0,3,3,0,0,0,Input Validation
200,225,1834,0,1,0,0,0,1,13,1,3,3,1,0,0,Safe
200,197,1036,0,1,0,0,0,1,1,1,3,3,0,0,0,Safe
200,224,1000,0,1,0,0,0,1,0,0,3,3,0,0,0,Information
500,988,4905,3,3,2,5,2,1,4,1,9,3,1,0,1,Configuration
400,217,8901,3,0,0,4,1,0,0,1,5,3,1,1,1,Configuration
200,224,1801,0,1,0,0,0,1,13,1,3,3,1,0,0,Authorization
200,197,1051,0,1,0,0,0,1,1,1,3,3,0,0,0,Safe
200,196,1000,0,1,0,0,0,1,0,0,3,3,0,0,0,Safe
200,348,1000,0,1,0,0,0,1,1,0,3,3,0,0,0,Input Validation
200,206,1309,0,1,0,0,0,1,5,1,3,3,0,0,0,Input Validation
400,670,902,1,0,0,3,3,1,2,1,7,0,0,0,0,Header
200,612,1000,0,1,0,0,0,1,3,0,3,3,0,0,0,Input Validation
200,216,1000,0,1,0,0,0,1,0,0,4,4,0,0,0,Safe
403,1884,7275,2,3,1,5,0,1,3,2,7,4,0,0,1,Header
400,145,5307,0,3,1,2,3,1,4,1,5,1,0,1,0,Configuration
200,205,1297,0,1,0,0,0,1,1,1,3,3,0,0,0,Input Validation
200,212,1000,0,1,0,0,0,1,0,0,3,3,0,0,0,Safe
200,196,1000,0,1,0,0,0,1,0,0,3,3,0,0,0,Safe
200,188,1000,0,1,0,0,0,1,0,0,3,3,0,0,0,Safe
200,200,1201,0,1,0,0,0,1,3,1,3,3,0,0,0,Input Validation
403,1893,2395,5,2,1,5,2,1,6,0,5,4,1,1,1,Session
200,205,1336,0,1,0,0,0,1,3,1,3,3,0,0,0,Input Validation
200,556,1000,0,1,0,0,0,1,1,0,3,3,0,0,0,Input Validation
200,224,1747,0,1,0,0,0,1,13,1,3,3,1,0,0,Safe
200,226,1798,0,1,0,0,0,1,13,1,3,3,1,0,0,Safe
302,804,1494,3,1,0,3,2,0,1,0,1,2,1,1,1,Configuration
200,432,1000,0,1,0,0,0,1,5,0,3,3,1,0,0,Input Validation
200,182,1000,0,1,0,0,0,1,0,0,2,2,0,0,0,Information
200,232,1000,0,1,0,0,0,1,1,0,3,3,0,0,0,Safe
200,232,1981,0,1,0,0,0,1,13,1,3,3,1,0,0,Input Validation
200,218,1141,0,1,0,0,0,1,1,1,3,3,0,0,0,Input Validation
200,222,1744,0,1,0,0,0,1,13,1,3,3,1,0,0,Authorization
200,178,1000,0,1,0,0,0,1,0,0,2,2,0,0,0,Safe
200,232,1000,0,1,0,0,0,1,1,0,3,3,0,0,0,Safe
200,178,1000,0,1,0,0,0,1,0,0,2,2,0,0,0,Safe
200,150,1000,0,1,0,0,0,1,0,0,0,0,0,0,0,Information
200,224,1000,0,1,0,0,0,1,0,0,3,3,0,0,0,Information
200,1922,7206,0,2,1,0,2,0,3,2,8,1,0,1,1,Header
200,186,1000,0,1,0,0,0,1,0,0,1,1,0,0,0,Information
200,214,1012,0,1,0,0,0,1,1,1,3,3,0,0,0,Authorization
200,202,1000,0,1,0,0,0,1,0,0,2,2,0,0,0,Information
200,196,1000,0,1,0,0,0,1,0,0,3,3,0,0,0,Safe
200,214,1000,0,1,0,0,0,1,0,0,4,4,0,0,0,Safe
403,88,7794,2,0,0,5,0,0,1,0,2,2,1,1,1,Configuration
200,196,1000,0,1,0,0,0,1,0,0,3,3,0,0,0,Safe
200,204,1000,0,1,0,0,0,1,0,0,4,4,0,0,0,Input Validation
200,254,1000,0,1,0,0,0,1,0,0,5,5,0,0,0,Safe
200,221,1708,0,1,0,0,0,1,13,1,3,3,1,0,0,Authorization
200,184,1000,0,1,0,0,0,1,0,0,2,2,0,0,0,Information
200,670,1000,0,1,0,0,0,1,5,0,3,3,1,0,0,Input Validation
200,201,1225,0,1,0,0,0,1,3,1,3,3,0,0,0,Input Validation
200,203,1216,0,1,0,0,0,1,5,1,3,3,0,0,0,Safe
200,223,1774,0,1,0,0,0,1,13,1,3,3,1,0,0,Safe
200,198,1138,0,1,0,0,0,1,3,1,3,3,0,0,0,Safe
200,210,1195,0,1,0,0,0,1,5,1,3,3,1,0,0,Authorization
200,200,1000,0,1,0,0,0,1,0,0,3,3,0,0,0,Safe
200,194,1000,0,1,0,0,0,1,0,0,3,3,0,0,0,Safe
200,1062,2793,3,3,1,5,2,1,1,2,9,0,1,0,0,Authentication
200,194,1000,0,1,0,0,0,1,0,0,3,3,0,0,0,Safe
200,202,1186,0,1,0,0,0,1,1,1,3,3,0,0,0,Input Validation
200,223,1759,0,1,0,0,0,1,13,1,3,3,1,0,0,Authorization
200,210,1189,0,1,0,0,0,1,5,1,3,3,1,0,0,Safe
200,202,1264,0,1,0,0,0,1,3,1,3,3,0,0,0,Input Validation
200,178,1000,0,1,0,0,0,1,0,0,2,2,0,0,0,Safe
500,104,8138,0,3,1,1,2,1,1,0,7,3,1,1,0,Configuration
200,328,1000,0,1,0,0,0,1,5,0,3,3,1,0,0,Safe
200,246,1000,0,1,0,0,0,1,1,0,3,3,0,0,0,Input Validation
200,209,1402,0,1,0,0,0,1,5,1,3,3,0,0,0,Input Validation
200,202,1255,0,1,0,0,0,1,3,1,3,3,0,0,0,Input Validation
200,324,1000,0,1,0,0,0,1,1,0,3,3,0,0,0,Input Validation
200,232,1960,0,1,0,0,0,1,13,1,3,3,1,0,0,Input Validation
200,211,1453,0,1,0,0,0,1,5,1,3,3,0,0,0,Input Validation
200,224,1744,0,1,0,0,0,1,13,1,3,3,1,0,0,Safe
403,800,3340,1,0,2,1,1,1,5,0,9,2,0,1,0,Header
200,204,1306,0,1,0,0,0,1,3,1,3,3,0,0,0,Input Validation
200,243,2314,0,1,0,0,0,1,13,1,3,3,1,0,0,Input Validation
500,1164,1205,3,1,1,0,1,1,4,2,9,0,0,1,0,Session
200,224,1000,0,1,0,0,0,1,1,0,3,3,0,0,0,Safe
200,208,1378,0,1,0,0,0,1,5,1,3,3,0,0,0,Input Validation
200,201,1222,0,1,0,0,0,1,3,1,3,3,0,0,0,Input Validation
200,932,4861,7,3,1,1,3,1,2,0,8,2,0,1,0,Session
200,296,1000,0,1,0,0,0,1,1,0,3,3,0,0,0,Input Validation
200,227,1837,0,1,0,0,0,1,13,1,3,3,1,0,0,Safe
200,464,1000,0,1,0,0,0,1,5,0,3,3,1,0,0,Input Validation
200,234,2020,0,1,0,0,0,1,13,1,3,3,1,0,0,Safe
200,203,1222,0,1,0,0,0,1,1,1,3,3,0,0,0,Input Validation
200,1062,2144,0,4,0,3,2,0,1,0,8,4,0,0,1,Session
200,229,1879,0,1,0,0,0,1,13,1,3,3,1,0,0,Input Validation
200,214,1012,0,1,0,0,0,1,1,1,3,3,0,0,0,Authorization
200,168,1000,0,1,0,0,0,1,0,0,2,2,0,0,0,Information
200,222,1732,0,1,0,0,0,1,13,1,3,3,1,0,0,Safe
200,226,1783,0,1,0,0,0,1,13,1,3,3,1,0,0,Authorization
200,204,1000,0,1,0,0,0,1,0,0,4,4,0,0,0,Input Validation
200,199,1099,0,1,0,0,0,1,1,1,3,3,0,0,0,Safe
403,1614,1318,2,1,1,0,0,0,2,2,2,3,0,1,1,Configuration
200,210,1198,0,1,0,0,0,1,5,1,3,3,1,0,0,Safe
200,200,1000,0,1,0,0,0,1,0,0,3,3,0,0,0,Safe
200,670,1000,0,1,0,0,0,1,13,0,3,3,1,0,0,Safe
200,200,1189,0,1,0,0,0,1,3,1,3,3,0,0,0,Input Validation
200,204,1249,0,1,0,0,0,1,1,1,3,3,0,0,0,Input Validation
200,196,1000,0,1,0,0,0,1,0,0,3,3,0,0,0,Information
200,196,1000,0,1,0,0,0,1,0,0,3,3,0,0,0,Safe
403,906,8766,2,2,1,3,3,1,6,1,3,3,1,1,1,Authentication
200,178,1000,0,1,0,0,0,1,0,0,2,2,0,0,0,Safe
200,232,1000,0,1,0,0,0,1,1,0,3,3,0,0,0,Safe
302,804,1494,3,1,0,3,2,0,1,0,1,2,1,1,1,Configuration
200,1306,2164,2,2,1,3,4,0,7,1,3,1,0,1,1,Configuration
200,740,1000,0,1,0,0,0,1,13,0,3,3,1,0,0,Input Validation
200,150,1000,0,1,0,0,0,1,0,0,0,0,0,0,0,Information
400,1703,2880,6,1,2,0,0,0,5,0,5,2,0,0,0,Session
200,756,1000,0,1,0,0,0,1,13,0,3,3,1,0,0,Input Validation
200,515,5487,1,2,1,0,4,1,6,1,7,0,0,1,0,Configuration
200,207,1357,0,1,0,0,0,1,5,1,3,3,0,0,0,Input Validation
400,520,4591,0,0,0,5,0,1,4,2,4,1,1,1,1,Configuration
200,564,1000,0,1,0,0,0,1,1,0,3,3,0,0,0,Input Validation
200,734,1000,0,1,0,0,0,1,13,0,3,3,1,0,0,Safe
200,202,1000,0,1,0,0,0,1,0,0,3,3,0,0,0,Safe
200,1852,7549,6,0,1,2,2,1,4,0,2,0,1,0,0,Authentication
400,1735,869,7,3,1,5,1,1,3,0,1,3,1,1,0,Authentication
200,248,1000,0,1,0,0,0,1,0,0,4,4,0,0,0,Information
200,206,1000,0,1,0,0,0,1,0,0,3,3,0,0,0,Information
200,196,1000,0,1,0,0,0,1,0,0,3,3,0,0,0,Safe
200,225,1834,0,1,0,0,0,1,13,1,3,3,1,0,0,Input Validation
200,416,1000,0,1,0,0,0,1,5,0,3,3,1,0,0,Input Validation
200,210,1180,0,1,0,0,0,1,5,1,3,3,1,0,0,Authorization
200,166,1000,0,1,0,0,0,1,0,0,1,1,0,0,0,Information
200,198,1000,0,1,0,0,0,1,0,0,3,3,0,0,0,Safe
200,198,1000,0,1,0,0,0,1,0,0,4,4,0,0,0,Information
200,223,1759,0,1,0,0,0,1,13,1,3,3,1,0,0,Safe
200,224,1786,0,1,0,0,0,1,13,1,3,3,1,0,0,Safe
200,197,1051,0,1,0,0,0,1,1,1,3,3,0,0,0,Safe
200,227,1819,0,1,0,0,0,1,13,1,3,3,1,0,0,Input Validation
200,198,1129,0,1,0,0,0,1,3,1,3,3,0,0,0,Safe
200,196,1000,0,1,0,0,0,1,0,0,3,3,0,0,0,Information
200,218,1441,0,1,0,0,0,1,5,1,3,3,1,0,0,Input Validation
500,769,8016,1,2,0,1,0,1,3,0,9,4,1,0,0,Authentication
200,1158,7345,0,1,0,2,4,1,3,1,1,0,1,1,1,Authentication
200,206,1000,0,1,0,0,0,1,0,0,3,3,0,0,0,Information
200,214,1306,0,1,0,0,0,1,5,1,3,3,1,0,0,Input Validation
200,222,1729,0,1,0,0,0,1,13,1,3,3,1,0,0,Authorization
200,372,1000,0,1,0,0,0,1,1,0,3,3,0,0,0,Input Validation
200,223,1693,0,1,0,0,0,1,13,1,3,3,1,0,0,Authorization
400,880,4243,4,0,1,3,0,1,0,2,4,1,1,0,1,Authentication
200,222,1261,0,1,0,0,0,1,1,1,3,3,0,0,0,Input Validation
200,806,1000,0,1,0,0,0,1,13,0,3,3,1,0,0,Input Validation
400,76,325,4,1,0,3,0,1,3,0,3,3,1,1,0,Authentication
200,344,1000,0,1,0,0,0,1,3,0,3,3,0,0,0,Input Validation
200,274,1000,0,1,0,0,0,1,1,0,3,3,0,0,0,Safe
200,1704,9005,6,0,0,5,1,1,3,0,1,4,1,0,1,Authentication
200,200,1000,0,1,0,0,0,1,0,0,3,3,0,0,0,Safe
403,1324,1056,2,1,1,1,0,0,4,1,1,2,1,0,0,Configuration
200,402,1000,0,1,0,0,0,1,3,0,3,3,0,0,0,Input Validation
200,202,1000,0,1,0,0,0,1,0,0,3,3,0,0,0,Input Validation
200,178,1000,0,1,0,0,0,1,0,0,2,2,0,0,0,Safe
200,764,1000,0,1,0,0,0,1,13,0,3,3,1,0,0,Input Validation
403,589,871,5,2,0,2,3,1,7,1,7,0,0,1,0,Session
200,150,1000,0,1,0,0,0,1,0,0,0,0,0,0,0,Information
302,1231,2779,0,1,2,0,1,0,0,1,9,1,0,0,0,Configuration
200,150,1000,0,1,0,0,0,1,0,0,0,0,0,0,0,Input Validation
200,197,1051,0,1,0,0,0,1,1,1,3,3,0,0,0,Authorization
200,202,1000,0,1,0,0,0,1,0,0,3,3,0,0,0,Safe
200,772,1000,0,1,0,0,0,1,13,0,3,3,1,0,0,Safe
200,221,1702,0,1,0,0,0,1,13,1,3,3,1,0,0,Authorization
200,272,1000,0,1,0,0,0,1,3,0,3,3,0,0,0,Safe
400,1759,3733,1,2,2,4,3,0,7,1,3,3,1,0,0,Configuration
200,188,1000,0,1,0,0,0,1,0,0,3,3,0,0,0,Safe
200,266,1000,0,1,0,0,0,1,1,0,3,3,0,0,0,Input Validation
200,272,1000,0,1,0,0,0,1,3,0,3,3,0,0,0,Safe
200,700,1000,0,1,0,0,0,1,13,0,3,3,1,0,0,Safe
200,205,1336,0,1,0,0,0,1,3,1,3,3,0,0,0,Input Validation
200,182,1000,0,1,0,0,0,1,0,0,2,2,0,0,0,Information
200,188,1000,0,1,0,0,0,1,0,0,3,3,0,0,0,Safe
500,911,6811,2,1,2,3,0,1,4,0,4,4,1,1,1,Header
200,223,1708,0,1,0,0,0,1,13,1,3,3,1,0,0,Safe
200,342,1000,0,1,0,0,0,1,5,0,3,3,0,0,0,Safe
200,197,1114,0,1,0,0,0,1,3,1,3,3,0,0,0,Authorization
200,460,1000,0,1,0,0,0,1,5,0,3,3,1,0,0,Input Validation
200,223,1771,0,1,0,0,0,1,13,1,3,3,1,0,0,Authorization
200,258,1000,0,1,0,0,0,1,0,0,4,4,0,0,0,Input Validation
200,203,1213,0,1,0,0,0,1,5,1,3,3,0,0,0,Authorization
200,340,1000,0,1,0,0,0,1,1,0,3,3,0,0,0,Input Validation
200,197,1051,0,1,0,0,0,1,1,1,3,3,0,0,0,Authorization
200,396,1000,0,1,0,0,0,1,1,0,3,3,0,0,0,Input Validation
200,202,1261,0,1,0,0,0,1,3,1,3,3,0,0,0,Input Validation
200,858,1000,0,1,0,0,0,1,13,0,3,3,1,0,0,Input Validation
403,562,675,3,3,0,2,4,0,4,0,1,0,1,1,1,Configuration
200,233,2017,0,1,0,0,0,1,13,1,3,3,1,0,0,Input Validation
200,210,1189,0,1,0,0,0,1,5,1,3,3,1,0,0,Safe
200,166,1000,0,1,0,0,0,1,0,0,1,1,0,0,0,Information
200,211,1465,0,1,0,0,0,1,5,1,3,3,0,0,0,Input Validation
200,196,1000,0,1,0,0,0,1,0,0,3,3,0,0,0,Input Validation
200,216,1372,0,1,0,0,0,1,5,1,3,3,1,0,0,Input Validation
200,150,1000,0,1,0,0,0,1,0,0,0,0,0,0,0,Information
200,210,1000,0,1,0,0,0,1,0,0,3,3,0,0,0,Information
302,110,6877,2,2,0,4,1,1,1,0,6,4,1,0,0,Authentication
200,226,4480,3,2,1,1,3,1,4,0,7,0,1,0,0,Configuration
200,210,1195,0,1,0,0,0,1,5,1,3,3,1,0,0,Authorization
200,210,1198,0,1,0,0,0,1,5,1,3,3,1,0,0,Authorization
200,196,1000,0,1,0,0,0,1,0,0,3,3,0,0,0,Safe
200,432,1000,0,1,0,0,0,1,5,0,3,3,0,0,0,Input Validation
200,260,1000,0,1,0,0,0,1,0,0,5,5,0,0,0,Information
200,416,1000,0,1,0,0,0,1,5,0,3,3,0,0,0,Input Validation
200,212,1000,0,1,0,0,0,1,0,0,3,3,0,0,0,Safe
200,284,1000,0,1,0,0,0,1,3,0,3,3,0,0,0,Safe
500,432,8310,0,1,1,4,2,0,3,2,7,2,1,1,0,Header
200,240,2263,0,1,0,0,0,1,13,1,3,3,1,0,0,Input Validation
200,242,1000,0,1,0,0,0,1,0,0,5,5,0,0,0,Information
200,306,1000,0,1,0,0,0,1,1,0,3,3,0,0,0,Input Validation
200,196,1000,0,1,0,0,0,1,0,0,3,3,0,0,0,Information
200,150,1000,0,1,0,0,0,1,0,0,0,0,0,0,0,Input Validation
200,214,1012,0,1,0,0,0,1,1,1,3,3,0,0,0,Safe
200,380,1000,0,1,0,0,0,1,1,0,3,3,0,0,0,Input Validation
200,216,1375,0,1,0,0,0,1,5,1,3,3,1,0,0,Input Validation
200,812,1000,0,1,0,0,0,1,13,0,3,3,1,0,0,Input Validation
200,186,1000,0,1,0,0,0,1,0,0,3,3,0,0,0,Information
200,197,1114,0,1,0,0,0,1,3,1,3,3,0,0,0,Safe
200,194,1000,0,1,0,0,0,1,0,0,2,2,0,0,0,Information
200,820,1000,0,1,0,0,0,1,13,0,3,3,1,0,0,Input Validation
200,178,1000,0,1,0,0,0,1,0,0,2,2,0,0,0,Safe
200,199,1102,0,1,0,0,0,1,1,1,3,3,0,0,0,Safe
200,198,1000,0,1,0,0,0,1,0,0,3,3,0,0,0,Safe
200,227,1828,0,1,0,0,0,1,13,1,3,3,1,0,0,Safe
200,202,1201,0,1,0,0,0,1,5,1,3,3,0,0,0,Authorization
200,248,1000,0,1,0,0,0,1,0,0,5,5,0,0,0,Input Validation
200,162,1000,0,1,0,0,0,1,0,0,1,1,0,0,0,Safe
200,186,1000,0,1,0,0,0,1,0,0,1,1,0,0,0,Input Validation
200,240,1000,0,1,0,0,0,1,0,0,4,4,0,0,0,Information
200,188,1000,0,1,0,0,0,1,0,0,3,3,0,0,0,Safe
200,316,1000,0,1,0,0,0,1,5,0,3,3,0,0,0,Safe
200,738,1000,0,1,0,0,0,1,13,0,3,3,1,0,0,Safe
200,424,1000,0,1,0,0,0,1,5,0,3,3,0,0,0,Input Validation
200,296,1000,0,1,0,0,0,1,3,0,3,3,0,0,0,Input Validation
200,232,1000,0,1,0,0,0,1,1,0,3,3,0,0,0,Safe
400,232,3212,6,4,2,5,2,0,4,2,1,3,0,1,1,Session
500,1793,546,1,3,1,2,3,0,0,2,2,3,0,0,1,Header
200,166,1000,0,1,0,0,0,1,0,0,1,1,0,0,0,Information
200,216,1000,0,1,0,0,0,1,0,0,4,4,0,0,0,Safe
200,1157,8421,3,1,0,2,0,0,3,1,3,4,0,0,0,Configuration
400,1908,3737,1,3,1,4,3,1,0,2,8,0,1,0,0,Session
200,564,1000,0,1,0,0,0,1,1,0,3,3,0,0,0,Input Validation
200,1884,7443,6,0,1,1,2,1,0,0,7,0,1,0,1,Authentication
200,209,1174,0,1,0,0,0,1,5,1,3,3,1,0,0,Authorization
200,248,1000,0,1,0,0,0,1,0,0,5,5,0,0,0,Information
200,714,1000,0,1,0,0,0,1,13,0,3,3,1,0,0,Input Validation
200,1487,9012,2,2,1,2,1,1,6,2,4,1,0,1,1,Header
200,216,1000,0,1,0,0,0,1,0,0,5,5,0,0,0,Safe
200,222,1732,0,1,0,0,0,1,13,1,3,3,1,0,0,Safe
200,168,1000,0,1,0,0,0,1,0,0,2,2,0,0,0,Input Validation
200,642,1000,0,1,0,0,0,1,5,0,3,3,0,0,0,Input Validation
200,184,1000,0,1,0,0,0,1,0,0,2,2,0,0,0,Information
200,186,1000,0,1,0,0,0,1,0,0,2,2,0,0,0,Information
200,188,1000,0,1,0,0,0,1,0,0,3,3,0,0,0,Safe
200,188,1000,0,1,0,0,0,1,0,0,3,3,0,0,0,Safe
200,88,3442,1,0,0,2,3,1,1,2,4,2,0,0,0,Configuration
200,224,1000,0,1,0,0,0,1,0,0,3,3,0,0,0,Input Validation
200,223,1777,0,1,0,0,0,1,13,1,3,3,1,0,0,Safe
302,313,2941,0,4,2,5,2,0,3,0,5,0,0,0,0,Session
200,256,1000,0,1,0,0,0,1,0,0,4,4,0,0,0,Information
403,1545,9235,6,0,1,1,3,1,7,1,9,4,1,0,1,Input Validation
500,769,8016,1,2,0,1,0,1,3,0,9,4,1,0,0,Authentication
200,203,1216,0,1,0,0,0,1,5,1,3,3,0,0,0,Authorization
200,260,1000,0,1,0,0,0,1,0,0,5,5,0,0,0,Information
500,565,2939,7,2,1,0,3,1,7,2,4,3,1,0,1,Authentication
200,344,1000,0,1,0,0,0,1,5,0,3,3,0,0,0,Safe
200,230,1981,0,1,0,0,0,1,13,1,3,3,1,0,0,Input Validation
200,304,1000,0,1,0,0,0,1,1,0,3,3,0,0,0,Input Validation
200,240,1000,0,1,0,0,0,1,0,0,4,4,0,0,0,Information
200,199,1102,0,1,0,0,0,1,1,1,3,3,0,0,0,Safe
500,1830,2068,7,3,1,2,0,0,7,0,1,0,0,1,0,Session
403,1693,104,6,3,1,4,3,1,6,2,7,3,1,0,1,Authentication
200,206,1000,0,1,0,0,0,1,0,0,4,4,0,0,0,Information
200,188,1000,0,1,0,0,0,1,0,0,3,3,0,0,0,Safe
200,682,1000,0,1,0,0,0,1,5,0,3,3,0,0,0,Input Validation
200,224,1744,0,1,0,0,0,1,13,1,3,3,1,0,0,Safe
200,222,1000,0,1,0,0,0,1,0,0,5,5,0,0,0,Safe
200,203,1216,0,1,0,0,0,1,5,1,3,3,0,0,0,Safe
200,214,1000,0,1,0,0,0,1,0,0,2,2,0,0,0,Information
200,216,1000,0,1,0,0,0,1,0,0,4,4,0,0,0,Safe
200,222,1000,0,1,0,0,0,1,0,0,4,4,0,0,0,Information
403,1005,6395,1,0,2,0,3,1,4,1,4,1,0,1,1,Configuration
200,197,1114,0,1,0,0,0,1,3,1,3,3,0,0,0,Safe
200,166,1000,0,1,0,0,0,1,0,0,1,1,0,0,0,Input Validation
200,232,1000,0,1,0,0,0,1,1,0,3,3,0,0,0,Safe
200,315,7169,1,2,2,3,4,0,5,0,3,4,1,1,1,Configuration
200,206,1000,0,1,0,0,0,1,0,0,2,2,0,0,0,Input Validation
200,204,1000,0,1,0,0,0,1,0,0,3,3,0,0,0,Information
302,1684,362,3,3,1,0,3,1,0,1,1,3,1,0,1,Authentication
200,420,1000,0,1,0,0,0,1,5,0,3,3,0,0,0,Input Validation
200,150,1000,0,1,0,0,0,1,0,0,0,0,0,0,0,Information
200,224,1741,0,1,0,0,0,1,13,1,3,3,1,0,0,Authorization
200,150,1000,0,1,0,0,0,1,0,0,0,0,0,0,0,Information
200,199,1090,0,1,0,0,0,1,1,1,3,3,0,0,0,Input Validation
200,224,1735,0,1,0,0,0,1,13,1,3,3,1,0,0,Safe
200,238,2212,0,1,0,0,0,1,13,1,3,3,1,0,0,Input Validation
200,1979,9177,3,1,1,2,1,1,5,2,4,2,0,1,0,Configuration
200,1319,3772,1,1,2,1,4,0,3,0,4,4,1,0,0,Header
200,1979,9177,3,1,1,2,1,1,5,2,4,2,0,1,0,Configuration
200,216,1000,0,1,0,0,0,1,0,0,4,4,0,0,0,Safe
302,414,6909,5,2,2,2,2,1,3,0,2,1,1,0,0,Authentication
200,150,1000,0,1,0,0,0,1,0,0,0,0,0,0,0,Information
200,210,1198,0,1,0,0,0,1,5,1,3,3,1,0,0,Safe
200,322,1000,0,1,0,0,0,1,1,0,3,3,0,0,0,Input Validation
200,198,1000,0,1,0,0,0,1,0,0,3,3,0,0,0,Safe
200,208,1000,0,1,0,0,0,1,0,0,3,3,0,0,0,Information
500,1425,4712,6,1,2,1,0,0,6,1,2,1,0,1,1,Input Validation
200,228,1924,0,1,0,0,0,1,13,1,3,3,1,0,0,Input Validation
200,188,1000,0,1,0,0,0,1,0,0,3,3,0,0,0,Safe
302,870,3787,7,2,2,2,2,1,2,1,4,4,1,1,1,Authentication
200,516,1000,0,1,0,0,0,1,5,0,3,3,0,0,0,Safe
200,208,1000,0,1,0,0,0,1,0,0,3,3,0,0,0,Input Validation
200,466,1000,0,1,0,0,0,1,5,0,3,3,1,0,0,Input Validation
200,216,1387,0,1,0,0,0,1,5,1,3,3,1,0,0,Input Validation
200,197,1042,0,1,0,0,0,1,1,1,3,3,0,0,0,Safe
200,204,1000,0,1,0,0,0,1,0,0,3,3,0,0,0,Input Validation
400,217,8901,3,0,0,4,1,0,0,1,5,3,1,1,1,Configuration
200,573,2493,5,1,0,5,1,1,2,0,9,0,1,0,1,Authentication
200,166,1000,0,1,0,0,0,1,0,0,1,1,0,0,0,Input Validation
200,210,1180,0,1,0,0,0,1,5,1,3,3,1,0,0,Safe
200,382,1000,0,1,0,0,0,1,5,0,3,3,0,0,0,Input Validation
200,200,1000,0,1,0,0,0,1,0,0,3,3,0,0,0,Safe
500,721,6416,4,2,0,5,4,1,3,0,4,2,1,1,0,Authentication
302,1775,9174,1,2,2,0,0,1,1,0,5,4,1,0,1,Header
200,226,1780,0,1,0,0,0,1,13,1,3,3,1,0,0,Authorization
200,206,1000,0,1,0,0,0,1,0,0,2,2,0,0,0,Input Validation
200,150,1000,0,1,0,0,0,1,0,0,0,0,0,0,0,Input Validation
200,197,1114,0,1,0,0,0,1,3,1,3,3,0,0,0,Authorization
500,375,9433,3,2,0,3,0,1,6,0,6,4,1,0,0,Authentication
200,150,1000,0,1,0,0,0,1,0,0,0,0,0,0,0,Information
200,223,1750,0,1,0,0,0,1,13,1,3,3,1,0,0,Safe
400,1703,2880,6,1,2,0,0,0,5,0,5,2,0,0,0,Session
400,167,3553,2,3,2,4,0,0,0,1,1,2,0,1,1,Header
200,196,1000,0,1,0,0,0,1,0,0,3,3,0,0,0,Input Validation
200,214,1000,0,1,0,0,0,1,0,0,4,4,0,0,0,Safe
403,1777,6142,5,2,0,0,0,1,3,0,3,4,1,1,0,Authentication
200,246,1000,0,1,0,0,0,1,0,0,5,5,0,0,0,Information
200,728,1000,0,1,0,0,0,1,13,0,3,3,1,0,0,Safe
200,216,1000,0,1,0,0,0,1,0,0,4,4,0,0,0,Safe
302,1601,4524,5,4,1,5,0,1,4,2,2,0,1,1,0,Session
200,746,1000,0,1,0,0,0,1,13,0,3,3,1,0,0,Safe
200,198,1000,0,1,0,0,0,1,0,0,3,3,0,0,0,Safe
200,346,1000,0,1,0,0,0,1,5,0,3,3,0,0,0,Safe
200,210,1189,0,1,0,0,0,1,5,1,3,3,1,0,0,Authorization
200,232,1000,0,1,0,0,0,1,1,0,3,3,0,0,0,Safe
200,380,1000,0,1,0,0,0,1,3,0,3,3,0,0,0,Input Validation
200,188,1000,0,1,0,0,0,1,0,0,3,3,0,0,0,Safe
200,203,1210,0,1,0,0,0,1,5,1,3,3,0,0,0,Safe
200,662,1000,0,1,0,0,0,1,13,0,3,3,1,0,0,Safe
200,198,1000,0,1,0,0,0,1,0,0,1,1,0,0,0,Information
200,704,1000,0,1,0,0,0,1,13,0,3,3,1,0,0,Safe
302,1663,2032,6,2,2,5,4,1,3,0,1,0,1,0,0,Session
200,202,1261,0,1,0,0,0,1,3,1,3,3,0,0,0,Input Validation
500,714,8324,6,3,2,3,0,1,3,2,5,3,0,0,1,Session
200,232,1000,0,1,0,0,0,1,0,0,4,4,0,0,0,Information
200,150,1000,0,1,0,0,0,1,0,0,0,0,0,0,0,Information
200,214,1012,0,1,0,0,0,1,1,1,3,3,0,0,0,Authorization
200,150,1000,0,1,0,0,0,1,0,0,0,0,0,0,0,Input Validation
200,203,1222,0,1,0,0,0,1,5,1,3,3,0,0,0,Authorization
200,203,1288,0,1,0,0,0,1,3,1,3,3,0,0,0,Input Validation
200,200,1126,0,1,0,0,0,1,1,1,3,3,0,0,0,Safe
200,214,1012,0,1,0,0,0,1,1,1,3,3,0,0,0,Authorization
200,176,1000,0,1,0,0,0,1,0,0,2,2,0,0,0,Input Validation
403,1423,7086,5,1,1,0,2,1,6,0,4,1,1,1,0,Authentication
200,218,1132,0,1,0,0,0,1,1,1,3,3,0,0,0,Input Validation
200,188,1000,0,1,0,0,0,1,0,0,3,3,0,0,0,Safe
200,224,1000,0,1,0,0,0,1,0,0,4,4,0,0,0,Input Validation
200,204,1261,0,1,0,0,0,1,1,1,3,3,0,0,0,Input Validation
200,698,1000,0,1,0,0,0,1,13,0,3,3,1,0,0,Safe
200,196,1000,0,1,0,0,0,1,0,0,3,3,0,0,0,Safe
200,734,1000,0,1,0,0,0,1,13,0,3,3,1,0,0,Safe
200,198,1129,0,1,0,0,0,1,3,1,3,3,0,0,0,Authorization
200,209,1177,0,1,0,0,0,1,5,1,3,3,1,0,0,Safe
200,282,1000,0,1,0,0,0,1,3,0,3,3,0,0,0,Safe
200,224,1783,0,1,0,0,0,1,13,1,3,3,1,0,0,Safe
200,1677,9595,4,2,0,1,2,1,2,0,1,2,1,1,1,Session
200,272,1000,0,1,0,0,0,1,3,0,3,3,0,0,0,Safe
200,750,1000,0,1,0,0,0,1,13,0,3,3,1,0,0,Safe
302,440,4530,2,2,0,2,1,0,6,0,2,3,0,0,1,Configuration
200,200,1147,0,1,0,0,0,1,1,1,3,3,0,0,0,Input Validation
200,800,1000,0,1,0,0,0,1,13,0,3,3,1,0,0,Input Validation
200,362,6054,1,2,2,4,0,0,4,2,3,0,1,0,1,Configuration
200,230,1918,0,1,0,0,0,1,13,1,3,3,1,0,0,Input Validation
200,266,1000,0,1,0,0,0,1,1,0,3,3,0,0,0,Safe
200,198,1129,0,1,0,0,0,1,3,1,3,3,0,0,0,Safe
200,372,1000,0,1,0,0,0,1,1,0,3,3,0,0,0,Input Validation
200,203,1225,0,1,0,0,0,1,1,1,3,3,0,0,0,Input Validation
200,983,7284,1,0,1,1,3,0,4,1,6,4,0,0,0,Configuration
200,199,1099,0,1,0,0,0,1,1,1,3,3,0,0,0,Safe
403,910,5490,2,3,0,4,1,1,6,2,8,4,1,1,1,Authentication
200,186,1000,0,1,0,0,0,1,0,0,2,2,0,0,0,Safe
200,400,1000,0,1,0,0,0,1,1,0,3,3,0,0,0,Input Validation
200,218,1132,0,1,0,0,0,1,1,1,3,3,0,0,0,Input Validation
200,231,1999,0,1,0,0,0,1,13,1,3,3,1,0,0,Input Validation
200,228,1843,0,1,0,0,0,1,13,1,3,3,1,0,0,Safe
200,196,1000,0,1,0,0,0,1,0,0,3,3,0,0,0,Information
200,197,1051,0,1,0,0,0,1,1,1,3,3,0,0,0,Authorization
200,228,1000,0,1,0,0,0,1,1,0,3,3,0,0,0,Safe
403,1567,4670,1,1,2,2,4,0,2,2,8,2,1,0,0,Header
200,214,1012,0,1,0,0,0,1,1,1,3,3,0,0,0,Safe
403,820,3255,5,4,0,1,4,1,2,1,8,1,0,0,1,Session
200,456,1000,0,1,0,0,0,1,5,0,3,3,1,0,0,Input Validation
200,226,1780,0,1,0,0,0,1,13,1,3,3,1,0,0,Input Validation
200,1274,9439,2,1,0,2,3,1,2,2,3,2,1,1,0,Authentication
403,894,2126,2,0,1,1,1,1,6,1,2,4,1,1,1,Authentication
200,200,1126,0,1,0,0,0,1,1,1,3,3,0,0,0,Input Validation
200,196,1000,0,1,0,0,0,1,0,0,3,3,0,0,0,Safe
200,228,1915,0,1,0,0,0,1,13,1,3,3,1,0,0,Input Validation
200,227,1837,0,1,0,0,0,1,13,1,3,3,1,0,0,Safe
200,229,1930,0,1,0,0,0,1,13,1,3,3,1,0,0,Input Validation
200,572,1000,0,1,0,0,0,1,1,0,3,3,0,0,0,Input Validation
400,217,8901,3,0,0,4,1,0,0,1,5,3,1,1,1,Configuration
200,233,2008,0,1,0,0,0,1,13,1,3,3,1,0,0,Input Validation
200,180,1000,0,1,0,0,0,1,0,0,2,2,0,0,0,Information
200,572,1000,0,1,0,0,0,1,1,0,3,3,0,0,0,Input Validation
200,186,1000,0,1,0,0,0,1,0,0,2,2,0,0,0,Information
200,352,1000,0,1,0,0,0,1,5,0,3,3,1,0,0,Safe
200,1487,9012,2,2,1,2,1,1,6,2,4,1,0,1,1,Header
200,440,1000,0,1,0,0,0,1,5,0,3,3,0,0,0,Input Validation
200,208,1000,0,1,0,0,0,1,0,0,3,3,0,0,0,Information
200,203,1213,0,1,0,0,0,1,1,1,3,3,0,0,0,Input Validation
200,340,1000,0,1,0,0,0,1,5,0,3,3,0,0,0,Safe
200,198,1126,0,1,0,0,0,1,3,1,3,3,0,0,0,Safe
200,230,1906,0,1,0,0,0,1,13,1,3,3,1,0,0,Input Validation
200,197,1051,0,1,0,0,0,1,1,1,3,3,0,0,0,Authorization
200,199,1099,0,1,0,0,0,1,1,1,3,3,0,0,0,Authorization
200,720,1000,0,1,0,0,0,1,13,0,3,3,1,0,0,Safe
403,61,240,1,2,0,4,0,1,3,0,8,4,1,1,1,Header
200,232,1000,0,1,0,0,0,1,0,0,4,4,0,0,0,Information
200,322,1000,0,1,0,0,0,1,5,0,3,3,1,0,0,Safe
302,1065,1872,0,3,0,2,2,0,2,1,3,2,0,1,0,Session
200,196,1000,0,1,0,0,0,1,0,0,3,3,0,0,0,Safe
200,826,1000,0,1,0,0,0,1,13,0,3,3,1,0,0,Input Validation
403,1693,104,6,3,1,4,3,1,6,2,7,3,1,0,1,Authentication
200,166,1000,0,1,0,0,0,1,0,0,1,1,0,0,0,Information
200,205,1339,0,1,0,0,0,1,3,1,3,3,0,0,0,Input Validation
200,798,1000,0,1,0,0,0,1,13,0,3,3,1,0,0,Input Validation
200,1979,9177,3,1,1,2,1,1,5,2,4,2,0,1,0,Configuration
200,229,1936,0,1,0,0,0,1,13,1,3,3,1,0,0,Input Validation
200,205,1279,0,1,0,0,0,1,1,1,3,3,0,0,0,Input Validation
200,356,1000,0,1,0,0,0,1,5,0,3,3,1,0,0,Input Validation
200,214,1012,0,1,0,0,0,1,1,1,3,3,0,0,0,Authorization
500,1182,6688,7,3,0,1,3,1,4,0,7,4,0,0,0,Session
200,1024,1000,0,1,0,0,0,1,13,0,3,3,1,0,0,Input Validation
302,1601,4524,5,4,1,5,0,1,4,2,2,0,1,1,0,Session
200,244,1000,0,1,0,0,0,1,0,0,5,5,0,0,0,Information
200,188,1000,0,1,0,0,0,1,0,0,3,3,0,0,0,Safe
200,198,1123,0,1,0,0,0,1,3,1,3,3,0,0,0,Authorization
200,214,1000,0,1,0,0,0,1,0,0,4,4,0,0,0,Safe
200,838,1000,0,1,0,0,0,1,13,0,3,3,1,0,0,Input Validation
200,794,1000,0,1,0,0,0,1,13,0,3,3,1,0,0,Input Validation
200,207,1333,0,1,0,0,0,1,5,1,3,3,0,0,0,Input Validation
200,219,1174,0,1,0,0,0,1,1,1,3,3,0,0,0,Input Validation
200,203,1228,0,1,0,0,0,1,5,1,3,3,0,0,0,Safe
200,184,1000,0,1,0,0,0,1,0,0,2,2,0,0,0,Input Validation
200,216,1387,0,1,0,0,0,1,5,1,3,3,1,0,0,Input Validation
200,192,1000,0,1,0,0,0,1,0,0,3,3,0,0,0,Safe
200,198,1000,0,1,0,0,0,1,0,0,3,3,0,0,0,Safe
200,378,1000,0,1,0,0,0,1,5,0,3,3,0,0,0,Input Validation
200,188,1000,0,1,0,0,0,1,0,0,3,3,0,0,0,Safe
200,153,2845,3,4,1,4,1,0,6,1,9,1,0,1,0,Session
200,264,1000,0,1,0,0,0,1,1,0,3,3,0,0,0,Safe
200,234,2020,0,1,0,0,0,1,13,1,3,3,1,0,0,Input Validation
200,150,1000,0,1,0,0,0,1,0,0,0,0,0,0,0,Input Validation
200,200,1000,0,1,0,0,0,1,0,0,3,3,0,0,0,Safe
200,198,1000,0,1,0,0,0,1,0,0,3,3,0,0,0,Safe
200,210,1180,0,1,0,0,0,1,5,1,3,3,1,0,0,Safe
200,402,1000,0,1,0,0,0,1,5,0,3,3,1,0,0,Input Validation
200,226,1000,0,1,0,0,0,1,1,0,3,3,0,0,0,Safe
500,194,1173,1,2,0,5,1,1,5,0,4,2,1,1,1,Header
200,197,1051,0,1,0,0,0,1,1,1,3,3,0,0,0,Authorization
200,764,1000,0,1,0,0,0,1,13,0,3,3,1,0,0,Input Validation
403,470,9883,0,2,2,3,2,0,1,1,3,2,0,0,0,Session
200,214,1312,0,1,0,0,0,1,5,1,3,3,1,0,0,Input Validation
200,282,1000,0,1,0,0,0,1,3,0,3,3,0,0,0,Safe
200,244,1000,0,1,0,0,0,1,0,0,4,4,0,0,0,Input Validation
200,372,1000,0,1,0,0,0,1,3,0,3,3,0,0,0,Input Validation
200,209,1393,0,1,0,0,0,1,5,1,3,3,0,0,0,Input Validation
302,203,9575,3,1,0,2,4,1,0,2,5,1,1,0,1,Session
200,223,1756,0,1,0,0,0,1,13,1,3,3,1,0,0,Authorization
200,218,1135,0,1,0,0,0,1,1,1,3,3,0,0,0,Input Validation
200,199,1099,0,1,0,0,0,1,1,1,3,3,0,0,0,Authorization
200,196,1000,0,1,0,0,0,1,0,0,3,3,0,0,0,Safe
200,246,1000,0,1,0,0,0,1,1,0,3,3,0,0,0,Input Validation
403,906,8766,2,2,1,3,3,1,6,1,3,3,1,1,1,Authentication
500,104,8138,0,3,1,1,2,1,1,0,7,3,1,1,0,Configuration
500,872,2100,4,2,0,5,2,1,6,0,5,4,1,1,0,Authentication
302,203,9575,3,1,0,2,4,1,0,2,5,1,1,0,1,Session
200,213,1297,0,1,0,0,0,1,5,1,3,3,1,0,0,Input Validation
200,216,1372,0,1,0,0,0,1,5,1,3,3,1,0,0,Input Validation
200,236,1000,0,1,0,0,0,1,0,0,4,4,0,0,0,Information
200,225,1756,0,1,0,0,0,1,13,1,3,3,1,0,0,Authorization
200,232,1000,0,1,0,0,0,1,1,0,3,3,0,0,0,Safe
200,350,1000,0,1,0,0,0,1,1,0,3,3,0,0,0,Input Validation
200,784,1000,0,1,0,0,0,1,13,0,3,3,1,0,0,Input Validation
200,71,8969,1,0,1,0,0,1,1,0,1,0,1,1,0,Header
200,274,1000,0,1,0,0,0,1,3,0,3,3,0,0,0,Safe
200,340,1000,0,1,0,0,0,1,5,0,3,3,0,0,0,Safe
200,200,1147,0,1,0,0,0,1,1,1,3,3,0,0,0,Input Validation
200,210,1183,0,1,0,0,0,1,5,1,3,3,1,0,0,Safe
200,152,1000,0,1,0,0,0,1,0,0,1,1,0,0,0,Information
200,222,1735,0,1,0,0,0,1,13,1,3,3,1,0,0,Safe
200,228,1924,0,1,0,0,0,1,13,1,3,3,1,0,0,Input Validation
200,204,1000,0,1,0,0,0,1,0,0,3,3,0,0,0,Input Validation
200,214,1000,0,1,0,0,0,1,0,0,2,2,0,0,0,Information
200,196,1000,0,1,0,0,0,1,0,0,3,3,0,0,0,Safe
200,212,1000,0,1,0,0,0,1,0,0,3,3,0,0,0,Safe
400,972,2259,4,0,1,1,1,1,5,0,9,1,0,0,1,Input Validation
200,330,1000,0,1,0,0,0,1,5,0,3,3,1,0,0,Safe
200,384,1000,0,1,0,0,0,1,1,0,3,3,0,0,0,Input Validation
200,207,1336,0,1,0,0,0,1,5,1,3,3,0,0,0,Input Validation
200,506,1000,0,1,0,0,0,1,5,0,3,3,0,0,0,Input Validation
500,1182,6688,7,3,0,1,3,1,4,0,7,4,0,0,0,Session
200,438,1000,0,1,0,0,0,1,3,0,3,3,0,0,0,Input Validation
200,258,1000,0,1,0,0,0,1,0,0,4,4,0,0,0,Information
500,194,1173,1,2,0,5,1,1,5,0,4,2,1,1,1,Header
200,1006,2838,2,0,2,0,0,1,1,2,2,4,1,1,0,Authentication
200,316,1000,0,1,0,0,0,1,5,0,3,3,1,0,0,Safe
200,166,1000,0,1,0,0,0,1,0,0,1,1,0,0,0,Information
200,204,1000,0,1,0,0,0,1,0,0,3,3,0,0,0,Input Validation
200,204,1261,0,1,0,0,0,1,1,1,3,3,0,0,0,Input Validation
200,352,1000,0,1,0,0,0,1,1,0,3,3,0,0,0,Input Validation
400,1064,7500,2,2,2,3,0,1,3,2,1,3,1,1,1,Authentication
400,1906,1172,6,1,1,5,3,0,6,2,9,1,1,0,1,Session
200,200,1000,0,1,0,0,0,1,0,0,3,3,0,0,0,Input Validation
200,220,1000,0,1,0,0,0,1,0,0,4,4,0,0,0,Information
200,332,1000,0,1,0,0,0,1,1,0,3,3,0,0,0,Input Validation
200,240,1000,0,1,0,0,0,1,0,0,4,4,0,0,0,Information
200,214,1000,0,1,0,0,0,1,0,0,2,2,0,0,0,Input Validation
302,190,7883,5,1,0,0,3,1,3,0,8,4,1,0,1,Authentication
403,470,9883,0,2,2,3,2,0,1,1,3,2,0,0,0,Session
200,224,1744,0,1,0,0,0,1,13,1,3,3,1,0,0,Authorization
200,216,1375,0,1,0,0,0,1,5,1,3,3,1,0,0,Input Validation
200,248,1000,0,1,0,0,0,1,0,0,4,4,0,0,0,Input Validation
200,150,1000,0,1,0,0,0,1,0,0,0,0,0,0,0,Information
200,230,1981,0,1,0,0,0,1,13,1,3,3,1,0,0,Input Validation
200,224,1783,0,1,0,0,0,1,13,1,3,3,1,0,0,Safe
200,225,1819,0,1,0,0,0,1,13,1,3,3,1,0,0,Authorization
200,206,1366,0,1,0,0,0,1,3,1,3,3,0,0,0,Input Validation
200,404,1000,0,1,0,0,0,1,3,0,3,3,0,0,0,Input Validation
200,214,1000,0,1,0,0,0,1,0,0,4,4,0,0,0,Safe
200,198,1129,0,1,0,0,0,1,3,1,3,3,0,0,0,Safe
200,222,1000,0,1,0,0,0,1,0,0,3,3,0,0,0,Information
200,197,1051,0,1,0,0,0,1,1,1,3,3,0,0,0,Authorization
403,1920,8937,5,0,1,5,2,1,0,1,8,1,1,0,1,Authentication
200,204,1261,0,1,0,0,0,1,1,1,3,3,0,0,0,Input Validation
200,168,1000,0,1,0,0,0,1,0,0,2,2,0,0,0,Information
200,196,1000,0,1,0,0,0,1,0,0,3,3,0,0,0,Information
200,240,1000,0,1,0,0,0,1,0,0,5,5,0,0,0,Input Validation
200,334,1000,0,1,0,0,0,1,5,0,3,3,0,0,0,Safe
400,880,4243,4,0,1,3,0,1,0,2,4,1,1,0,1,Authentication
500,1120,2241,5,1,0,3,1,1,7,0,7,3,1,1,1,Authentication
200,816,1000,0,1,0,0,0,1,13,0,3,3,1,0,0,Input Validation
200,214,1000,0,1,0,0,0,1,0,0,4,4,0,0,0,Safe
200,204,1000,0,1,0,0,0,1,0,0,3,3,0,0,0,Information
200,196,1000,0,1,0,0,0,1,0,0,3,3,0,0,0,Safe
200,198,1123,0,1,0,0,0,1,3,1,3,3,0,0,0,Safe
200,200,1000,0,1,0,0,0,1,0,0,3,3,0,0,0,Safe
200,224,1732,0,1,0,0,0,1,13,1,3,3,1,0,0,Safe
200,198,1129,0,1,0,0,0,1,3,1,3,3,0,0,0,Safe
200,396,1000,0,1,0,0,0,1,1,0,3,3,0,0,0,Input Validation
200,188,1000,0,1,0,0,0,1,0,0,3,3,0,0,0,Safe
200,336,1000,0,1,0,0,0,1,5,0,3,3,1,0,0,Safe
200,1264,2710,0,0,0,1,2,1,0,2,7,1,0,0,1,Header
403,962,1642,5,0,1,0,1,1,1,1,5,4,1,1,0,Authentication
200,200,1141,0,1,0,0,0,1,1,1,3,3,0,0,0,Input Validation
200,224,1000,0,1,0,0,0,1,0,0,4,4,0,0,0,Safe
200,196,1000,0,1,0,0,0,1,0,0,3,3,0,0,0,Safe
200,188,1000,0,1,0,0,0,1,0,0,2,2,0,0,0,Information
403,61,240,1,2,0,4,0,1,3,0,8,4,1,1,1,Header
400,1906,1172,6,1,1,5,3,0,6,2,9,1,1,0,1,Session
500,1609,3175,0,1,0,0,4,1,3,2,5,4,1,0,0,Header
200,196,1000,0,1,0,0,0,1,0,0,3,3,0,0,0,Safe
200,180,1000,0,1,0,0,0,1,0,0,2,2,0,0,0,Information
200,209,1174,0,1,0,0,0,1,5,1,3,3,1,0,0,Authorization
200,209,1171,0,1,0,0,0,1,5,1,3,3,1,0,0,Authorization
200,196,1000,0,1,0,0,0,1,0,0,3,3,0,0,0,Safe
200,266,1000,0,1,0,0,0,1,1,0,3,3,0,0,0,Safe
200,250,1000,0,1,0,0,0,1,0,0,4,4,0,0,0,Information
302,190,7883,5,1,0,0,3,1,3,0,8,4,1,0,1,Authentication
500,72,5981,1,1,0,3,1,1,6,1,3,1,1,0,1,Authentication
200,223,1768,0,1,0,0,0,1,13,1,3,3,1,0,0,Safe
200,204,1243,0,1,0,0,0,1,1,1,3,3,0,0,0,Input Validation
200,315,7169,1,2,2,3,4,0,5,0,3,4,1,1,1,Configuration
200,196,1000,0,1,0,0,0,1,0,0,3,3,0,0,0,Input Validation
200,217,1402,0,1,0,0,0,1,5,1,3,3,1,0,0,Input Validation
200,244,1000,0,1,0,0,0,1,0,0,4,4,0,0,0,Input Validation
200,1204,3656,2,2,0,0,1,1,0,1,2,1,1,1,0,Authentication
200,200,1192,0,1,0,0,0,1,3,1,3,3,0,0,0,Input Validation
200,222,1000,0,1,0,0,0,1,0,0,4,4,0,0,0,Information
200,166,1000,0,1,0,0,0,1,0,0,1,1,0,0,0,Information
200,678,1000,0,1,0,0,0,1,13,0,3,3,1,0,0,Safe
200,188,1000,0,1,0,0,0,1,0,0,3,3,0,0,0,Safe
200,482,1000,0,1,0,0,0,1,5,0,3,3,0,0,0,Input Validation
200,199,1099,0,1,0,0,0,1,1,1,3,3,0,0,0,Safe
200,219,1168,0,1,0,0,0,1,1,1,3,3,0,0,0,Input Validation
200,208,1363,0,1,0,0,0,1,5,1,3,3,0,0,0,Input Validation
200,224,1726,0,1,0,0,0,1,13,1,3,3,1,0,0,Authorization
200,224,1000,0,1,0,0,0,1,0,0,4,4,0,0,0,Safe
200,196,1000,0,1,0,0,0,1,0,0,3,3,0,0,0,Safe
200,205,1273,0,1,0,0,0,1,1,1,3,3,0,0,0,Input Validation
200,204,1000,0,1,0,0,0,1,0,0,3,3,0,0,0,Information
500,769,8016,1,2,0,1,0,1,3,0,9,4,1,0,0,Authentication
200,178,1000,0,1,0,0,0,1,0,0,2,2,0,0,0,Safe
200,188,1000,0,1,0,0,0,1,0,0,3,3,0,0,0,Safe
200,222,1000,0,1,0,0,0,1,0,0,4,4,0,0,0,Input Validation
200,150,1000,0,1,0,0,0,1,0,0,0,0,0,0,0,Information
200,304,1000,0,1,0,0,0,1,1,0,3,3,0,0,0,Input Validation
200,204,1243,0,1,0,0,0,1,1,1,3,3,0,0,0,Input Validation
200,203,1216,0,1,0,0,0,1,5,1,3,3,0,0,0,Authorization
200,202,1000,0,1,0,0,0,1,0,0,2,2,0,0,0,Information
200,223,1756,0,1,0,0,0,1,13,1,3,3,1,0,0,Authorization
200,231,1522,0,1,0,0,0,1,1,1,3,3,0,0,0,Input Validation
400,1759,3733,1,2,2,4,3,0,7,1,3,3,1,0,0,Configuration
200,202,1201,0,1,0,0,0,1,5,1,3,3,0,0,0,Safe
200,205,1348,0,1,0,0,0,1,3,1,3,3,0,0,0,Input Validation
200,152,1000,0,1,0,0,0,1,0,0,1,1,0,0,0,Information
200,196,1000,0,1,0,0,0,1,0,0,3,3,0,0,0,Safe
200,198,1066,0,1,0,0,0,1,1,1,3,3,0,0,0,Safe
200,201,1162,0,1,0,0,0,1,1,1,3,3,0,0,0,Input Validation
500,591,4109,4,1,0,4,1,1,4,2,7,3,1,1,0,Session
200,1979,9177,3,1,1,2,1,1,5,2,4,2,0,1,0,Configuration
200,199,1099,0,1,0,0,0,1,1,1,3,3,0,0,0,Authorization
200,860,1000,0,1,0,0,0,1,13,0,3,3,1,0,0,Input Validation
200,203,1222,0,1,0,0,0,1,5,1,3,3,0,0,0,Safe
200,210,1183,0,1,0,0,0,1,5,1,3,3,1,0,0,Authorization
200,178,1000,0,1,0,0,0,1,0,0,2,2,0,0,0,Safe
200,460,1000,0,1,0,0,0,1,5,0,3,3,0,0,0,Input Validation
200,188,1000,0,1,0,0,0,1,0,0,3,3,0,0,0,Safe
200,203,1216,0,1,0,0,0,1,1,1,3,3,0,0,0,Input Validation
200,184,1000,0,1,0,0,0,1,0,0,2,2,0,0,0,Safe
200,207,1351,0,1,0,0,0,1,5,1,3,3,0,0,0,Input Validation
403,699,3378,1,0,1,1,1,1,2,1,7,1,1,1,0,Header
200,204,1000,0,1,0,0,0,1,0,0,3,3,0,0,0,Information
302,1621,3474,0,2,1,5,0,0,7,0,8,3,0,1,1,Input Validation
200,207,1339,0,1,0,0,0,1,5,1,3,3,0,0,0,Input Validation
200,188,1000,0,1,0,0,0,1,0,0,3,3,0,0,0,Safe
302,1231,2779,0,1,2,0,1,0,0,1,9,1,0,0,0,Configuration
200,188,1000,0,1,0,0,0,1,0,0,3,3,0,0,0,Safe
500,1164,1205,3,1,1,0,1,1,4,2,9,0,0,1,0,Session
200,188,1000,0,1,0,0,0,1,0,0,3,3,0,0,0,Safe
200,448,1000,0,1,0,0,0,1,5,0,3,3,0,0,0,Input Validation
200,212,1000,0,1,0,0,0,1,0,0,3,3,0,0,0,Safe
200,492,1000,0,1,0,0,0,1,5,0,3,3,0,0,0,Input Validation
200,322,1000,0,1,0,0,0,1,1,0,3,3,0,0,0,Input Validation
400,708,2863,2,2,2,1,0,1,6,2,2,2,0,0,1,Header
200,211,1462,0,1,0,0,0,1,5,1,3,3,0,0,0,Input Validation
200,197,1054,0,1,0,0,0,1,1,1,3,3,0,0,0,Safe
200,232,1000,0,1,0,0,0,1,0,0,4,4,0,0,0,Input Validation
200,194,1000,0,1,0,0,0,1,0,0,3,3,0,0,0,Safe
200,203,1225,0,1,0,0,0,1,5,1,3,3,0,0,0,Safe
200,202,1000,0,1,0,0,0,1,0,0,4,4,0,0,0,Information
200,194,1000,0,1,0,0,0,1,0,0,3,3,0,0,0,Safe
403,1516,2093,2,0,2,2,2,1,1,0,9,4,1,0,0,Header
200,194,1000,0,1,0,0,0,1,0,0,3,3,0,0,0,Safe
200,202,1204,0,1,0,0,0,1,5,1,3,3,0,0,0,Authorization
200,714,1000,0,1,0,0,0,1,13,0,3,3,1,0,0,Safe
200,828,1000,0,1,0,0,0,1,13,0,3,3,1,0,0,Input Validation
500,911,6811,2,1,2,3,0,1,4,0,4,4,1,1,1,Header
200,264,1000,0,1,0,0,0,1,1,0,3,3,0,0,0,Safe
302,1890,506,1,1,1,4,1,1,5,1,2,1,1,0,0,Header
200,166,1000,0,1,0,0,0,1,0,0,1,1,0,0,0,Input Validation
500,1155,3902,1,3,2,2,2,1,1,0,3,1,1,1,1,Header
200,334,1000,0,1,0,0,0,1,5,0,3,3,0,0,0,Safe
200,184,1000,0,1,0,0,0,1,0,0,2,2,0,0,0,Input Validation
200,210,1426,0,1,0,0,0,1,5,1,3,3,0,0,0,Input Validation
200,194,1000,0,1,0,0,0,1,0,0,3,3,0,0,0,Safe
200,348,1000,0,1,0,0,0,1,5,0,3,3,0,0,0,Safe
200,232,1000,0,1,0,0,0,1,0,0,4,4,0,0,0,Input Validation
500,1288,6331,0,2,0,2,2,1,4,1,1,0,1,0,0,Header
200,198,1000,0,1,0,0,0,1,0,0,1,1,0,0,0,Information
200,224,1000,0,1,0,0,0,1,0,0,4,4,0,0,0,Information
200,196,1000,0,1,0,0,0,1,0,0,3,3,0,0,0,Safe
200,212,1000,0,1,0,0,0,1,0,0,3,3,0,0,0,Input Validation
302,1890,506,1,1,1,4,1,1,5,1,2,1,1,0,0,Header
200,226,4480,3,2,1,1,3,1,4,0,7,0,1,0,0,Configuration
200,266,1000,0,1,0,0,0,1,0,0,5,5,0,0,0,Safe
200,202,1000,0,1,0,0,0,1,0,0,2,2,0,0,0,Information
200,203,1228,0,1,0,0,0,1,5,1,3,3,0,0,0,Safe
200,448,1000,0,1,0,0,0,1,5,0,3,3,0,0,0,Input Validation
400,1703,2880,6,1,2,0,0,0,5,0,5,2,0,0,0,Session
200,466,1000,0,1,0,0,0,1,5,0,3,3,1,0,0,Input Validation
200,224,1000,0,1,0,0,0,1,1,0,3,3,0,0,0,Safe
200,242,1000,0,1,0,0,0,1,0,0,5,5,0,0,0,Input Validation
200,198,1129,0,1,0,0,0,1,3,1,3,3,0,0,0,Safe
200,196,1000,0,1,0,0,0,1,0,0,3,3,0,0,0,Safe
200,230,1000,0,1,0,0,0,1,0,0,3,3,0,0,0,Input Validation
200,168,1000,0,1,0,0,0,1,0,0,2,2,0,0,0,Information
200,198,1000,0,1,0,0,0,1,0,0,3,3,0,0,0,Safe
403,1567,4670,1,1,2,2,4,0,2,2,8,2,1,0,0,Header
200,150,1000,0,1,0,0,0,1,0,0,0,0,0,0,0,Input Validation
200,288,4390,2,2,1,4,0,1,4,0,4,1,0,0,0,Header
200,220,1000,0,1,0,0,0,1,0,0,4,4,0,0,0,Information
200,1491,780,0,0,0,5,3,1,4,2,1,0,1,1,0,Header
200,340,1000,0,1,0,0,0,1,5,0,3,3,0,0,0,Safe
400,1898,6644,7,2,2,4,4,1,1,2,3,3,1,1,1,Authentication
200,362,6054,1,2,2,4,0,0,4,2,3,0,1,0,1,Configuration
200,210,1186,0,1,0,0,0,1,5,1,3,3,1,0,0,Safe
200,354,1000,0,1,0,0,0,1,1,0,3,3,0,0,0,Input Validation
400,950,5880,2,1,1,0,1,1,5,0,2,2,0,1,1,Header
200,224,1000,0,1,0,0,0,1,1,0,3,3,0,0,0,Safe
302,162,9132,2,1,2,4,4,0,3,2,9,3,1,0,1,Header
302,989,625,3,1,2,4,4,1,4,0,6,3,0,0,1,Configuration
200,202,1000,0,1,0,0,0,1,0,0,3,3,0,0,0,Safe
200,223,1777,0,1,0,0,0,1,13,1,3,3,1,0,0,Authorization
500,237,7395,0,4,0,3,2,1,6,2,9,1,1,1,1,Session
200,688,1000,0,1,0,0,0,1,13,0,3,3,1,0,0,Safe
200,211,1231,0,1,0,0,0,1,5,1,3,3,1,0,0,Input Validation
200,214,1000,0,1,0,0,0,1,0,0,2,2,0,0,0,Input Validation
200,330,1000,0,1,0,0,0,1,1,0,3,3,0,0,0,Input Validation
200,408,1000,0,1,0,0,0,1,3,0,3,3,0,0,0,Input Validation
200,178,1000,0,1,0,0,0,1,0,0,1,1,0,0,0,Information
200,194,1000,0,1,0,0,0,1,0,0,2,2,0,0,0,Information
200,182,1000,0,1,0,0,0,1,0,0,2,2,0,0,0,Input Validation
302,313,2941,0,4,2,5,2,0,3,0,5,0,0,0,0,Session
200,218,1135,0,1,0,0,0,1,1,1,3,3,0,0,0,Input Validation
200,194,1000,0,1,0,0,0,1,0,0,3,3,0,0,0,Safe
200,1209,349,2,0,0,5,1,1,0,2,5,2,1,1,0,Header
200,312,1000,0,1,0,0,0,1,1,0,3,3,0,0,0,Input Validation
200,792,1000,0,1,0,0,0,1,13,0,3,3,1,0,0,Input Validation
200,232,1000,0,1,0,0,0,1,1,0,3,3,0,0,0,Safe
200,207,1339,0,1,0,0,0,1,5,1,3,3,0,0,0,Input Validation
200,197,1051,0,1,0,0,0,1,1,1,3,3,0,0,0,Authorization
200,188,1000,0,1,0,0,0,1,0,0,3,3,0,0,0,Safe
200,653,6124,3,2,0,5,0,1,2,2,1,4,0,1,1,Configuration
200,222,1726,0,1,0,0,0,1,13,1,3,3,1,0,0,Safe
200,202,1000,0,1,0,0,0,1,0,0,2,2,0,0,0,Information
200,240,1000,0,1,0,0,0,1,0,0,4,4,0,0,0,Information
200,166,1000,0,1,0,0,0,1,0,0,1,1,0,0,0,Input Validation
200,188,1000,0,1,0,0,0,1,0,0,3,3,0,0,0,Safe
200,198,1000,0,1,0,0,0,1,0,0,1,1,0,0,0,Input Validation
200,150,1000,0,1,0,0,0,1,0,0,0,0,0,0,0,Information
200,196,1000,0,1,0,0,0,1,0,0,3,3,0,0,0,Safe
200,216,1609,0,1,0,0,0,1,1,1,3,3,0,0,0,Input Validation
200,332,1000,0,1,0,0,0,1,5,0,3,3,0,0,0,Safe
200,844,1000,0,1,0,0,0,1,13,0,3,3,1,0,0,Input Validation
200,219,1171,0,1,0,0,0,1,1,1,3,3,0,0,0,Input Validation
200,202,1201,0,1,0,0,0,1,5,1,3,3,0,0,0,Authorization
500,877,3291,2,1,1,0,2,1,7,2,7,4,1,1,1,Header
200,196,1000,0,1,0,0,0,1,0,0,3,3,0,0,0,Input Validation
200,202,1000,0,1,0,0,0,1,0,0,3,3,0,0,0,Information
200,196,1000,0,1,0,0,0,1,0,0,3,3,0,0,0,Input Validation
400,520,4591,0,0,0,5,0,1,4,2,4,1,1,1,1,Configuration
200,201,1237,0,1,0,0,0,1,3,1,3,3,0,0,0,Input Validation
200,242,1000,0,1,0,0,0,1,0,0,5,5,0,0,0,Information
200,310,1000,0,1,0,0,0,1,1,0,3,3,0,0,0,Input Validation
302,162,9132,2,1,2,4,4,0,3,2,9,3,1,0,1,Header
200,209,1174,0,1,0,0,0,1,5,1,3,3,1,0,0,Safe
200,470,6317,3,1,1,2,4,1,1,1,7,2,1,0,0,Session
200,200,1000,0,1,0,0,0,1,0,0,3,3,0,0,0,Safe
403,589,871,5,2,0,2,3,1,7,1,7,0,0,1,0,Session
200,232,1000,0,1,0,0,0,1,0,0,3,3,0,0,0,Input Validation
200,225,1753,0,1,0,0,0,1,13,1,3,3,1,0,0,Authorization
200,653,6124,3,2,0,5,0,1,2,2,1,4,0,1,1,Configuration
200,238,1000,0,1,0,0,0,1,1,0,3,3,0,0,0,Safe
200,166,1000,0,1,0,0,0,1,0,0,1,1,0,0,0,Information
302,532,1112,2,1,1,0,3,0,6,2,4,1,1,0,0,Header
200,225,1810,0,1,0,0,0,1,13,1,3,3,1,0,0,Input Validation
400,912,9897,0,3,2,3,2,1,5,0,5,0,1,0,0,Session
200,194,1000,0,1,0,0,0,1,0,0,3,3,0,0,0,Safe
200,320,1000,0,1,0,0,0,1,1,0,3,3,0,0,0,Input Validation
200,212,1000,0,1,0,0,0,1,0,0,3,3,0,0,0,Safe
200,178,1000,0,1,0,0,0,1,0,0,2,2,0,0,0,Safe
200,188,1000,0,1,0,0,0,1,0,0,3,3,0,0,0,Safe
200,324,1000,0,1,0,0,0,1,1,0,3,3,0,0,0,Input Validation
200,208,1000,0,1,0,0,0,1,0,0,3,3,0,0,0,Input Validation
200,196,1000,0,1,0,0,0,1,0,0,2,2,0,0,0,Safe
403,1749,7162,2,2,2,1,2,1,5,1,9,0,0,1,1,Configuration
200,214,1012,0,1,0,0,0,1,1,1,3,3,0,0,0,Safe
200,216,1000,0,1,0,0,0,1,0,0,4,4,0,0,0,Safe
500,877,3291,2,1,1,0,2,1,7,2,7,4,1,1,1,Header
200,500,1000,0,1,0,0,0,1,5,0,3,3,1,0,0,Input Validation
200,216,1000,0,1,0,0,0,1,0,0,4,4,0,0,0,Safe
200,196,1000,0,1,0,0,0,1,0,0,3,3,0,0,0,Safe
400,1875,6112,3,3,0,3,2,0,6,2,8,1,1,1,1,Input Validation
200,228,1921,0,1,0,0,0,1,13,1,3,3,1,0,0,Input Validation
200,203,1213,0,1,0,0,0,1,5,1,3,3,0,0,0,Authorization
200,225,1765,0,1,0,0,0,1,13,1,3,3,1,0,0,Safe
200,166,1000,0,1,0,0,0,1,0,0,1,1,0,0,0,Input Validation
200,202,1000,0,1,0,0,0,1,0,0,3,3,0,0,0,Safe
200,205,1288,0,1,0,0,0,1,5,1,3,3,0,0,0,Input Validation
200,188,1000,0,1,0,0,0,1,0,0,3,3,0,0,0,Safe
200,197,1051,0,1,0,0,0,1,1,1,3,3,0,0,0,Safe
200,182,1000,0,1,0,0,0,1,0,0,2,2,0,0,0,Input Validation
200,214,1324,0,1,0,0,0,1,5,1,3,3,1,0,0,Input Validation
200,210,1183,0,1,0,0,0,1,5,1,3,3,1,0,0,Authorization
200,894,1000,0,1,0,0,0,1,13,0,3,3,1,0,0,Safe
200,194,1000,0,1,0,0,0,1,0,0,2,2,0,0,0,Information
200,223,1774,0,1,0,0,0,1,13,1,3,3,1,0,0,Authorization
200,221,1234,0,1,0,0,0,1,1,1,3,3,0,0,0,Input Validation
200,684,1000,0,1,0,0,0,1,13,0,3,3,1,0,0,Safe
200,210,1426,0,1,0,0,0,1,5,1,3,3,0,0,0,Input Validation
200,182,1000,0,1,0,0,0,1,0,0,2,2,0,0,0,Information
500,1214,3910,3,2,1,3,4,1,0,0,5,3,0,1,1,Configuration
200,322,1000,0,1,0,0,0,1,5,0,3,3,1,0,0,Safe
403,1893,2395,5,2,1,5,2,1,6,0,5,4,1,1,1,Session
200,352,1000,0,1,0,0,0,1,1,0,3,3,0,0,0,Input Validation
200,199,1099,0,1,0,0,0,1,1,1,3,3,0,0,0,Safe
500,872,2100,4,2,0,5,2,1,6,0,5,4,1,1,0,Authentication
200,1849,6755,5,3,1,3,2,1,6,1,2,2,1,1,0,Authentication
200,153,2845,3,4,1,4,1,0,6,1,9,1,0,1,0,Session
200,207,1351,0,1,0,0,0,1,5,1,3,3,0,0,0,Input Validation
302,1076,6569,3,2,0,3,0,1,4,2,3,4,0,0,1,Session
200,200,1000,0,1,0,0,0,1,0,0,3,3,0,0,0,Safe
500,1249,9205,2,0,0,3,4,0,0,1,8,4,1,1,0,Configuration
200,168,1000,0,1,0,0,0,1,0,0,2,2,0,0,0,Information
200,223,1771,0,1,0,0,0,1,13,1,3,3,1,0,0,Authorization
200,344,1000,0,1,0,0,0,1,3,0,3,3,0,0,0,Input Validation
200,196,1000,0,1,0,0,0,1,0,0,3,3,0,0,0,Safe
500,1609,3175,0,1,0,0,4,1,3,2,5,4,1,0,0,Header
200,224,1000,0,1,0,0,0,1,0,0,3,3,0,0,0,Input Validation
200,372,1000,0,1,0,0,0,1,1,0,3,3,0,0,0,Input Validation
200,704,1000,0,1,0,0,0,1,13,0,3,3,1,0,0,Safe
200,211,1453,0,1,0,0,0,1,5,1,3,3,0,0,0,Input Validation
200,218,1135,0,1,0,0,0,1,1,1,3,3,0,0,0,Input Validation
200,266,1000,0,1,0,0,0,1,1,0,3,3,0,0,0,Safe
200,202,1000,0,1,0,0,0,1,0,0,3,3,0,0,0,Information
500,988,4905,3,3,2,5,2,1,4,1,9,3,1,0,1,Configuration
200,264,1000,0,1,0,0,0,1,1,0,3,3,0,0,0,Safe
400,804,893,2,2,0,3,2,1,1,1,6,1,1,0,1,Authentication
200,219,1168,0,1,0,0,0,1,1,1,3,3,0,0,0,Input Validation
200,223,1777,0,1,0,0,0,1,13,1,3,3,1,0,0,Input Validation
403,1567,4670,1,1,2,2,4,0,2,2,8,2,1,0,0,Header
500,717,7918,0,4,2,2,0,0,1,1,3,4,0,0,1,Session
200,188,1000,0,1,0,0,0,1,0,0,3,3,0,0,0,Input Validation
200,312,1000,0,1,0,0,0,1,1,0,3,3,0,0,0,Input Validation
200,197,1114,0,1,0,0,0,1,3,1,3,3,0,0,0,Safe
200,216,1000,0,1,0,0,0,1,0,0,4,4,0,0,0,Safe
200,212,1000,0,1,0,0,0,1,0,0,3,3,0,0,0,Information
500,872,2100,4,2,0,5,2,1,6,0,5,4,1,1,0,Authentication
200,190,1000,0,1,0,0,0,1,0,0,1,1,0,0,0,Input Validation
200,186,1000,0,1,0,0,0,1,0,0,1,1,0,0,0,Information
200,222,1000,0,1,0,0,0,1,0,0,4,4,0,0,0,Information
200,88,3442,1,0,0,2,3,1,1,2,4,2,0,0,0,Configuration
200,830,462,0,0,0,1,3,0,2,1,7,4,0,0,1,Configuration
200,194,1000,0,1,0,0,0,1,0,0,3,3,0,0,0,Safe
200,198,1000,0,1,0,0,0,1,0,0,3,3,0,0,0,Safe
200,470,6317,3,1,1,2,4,1,1,1,7,2,1,0,0,Session
200,238,1000,0,1,0,0,0,1,0,0,5,5,0,0,0,Information
200,332,1000,0,1,0,0,0,1,1,0,3,3,0,0,0,Input Validation
200,202,1201,0,1,0,0,0,1,5,1,3,3,0,0,0,Authorization
200,196,1000,0,1,0,0,0,1,0,0,3,3,0,0,0,Safe
403,1005,6395,1,0,2,0,3,1,4,1,4,1,0,1,1,Configuration
302,1396,1691,3,1,2,4,4,0,5,2,8,3,0,0,0,Configuration
200,776,1000,0,1,0,0,0,1,13,0,3,3,1,0,0,Input Validation
200,150,1000,0,1,0,0,0,1,0,0,0,0,0,0,0,Input Validation
403,1324,1056,2,1,1,1,0,0,4,1,1,2,1,0,0,Configuration
200,314,1000,0,1,0,0,0,1,1,0,3,3,0,0,0,Input Validation
200,199,1099,0,1,0,0,0,1,1,1,3,3,0,0,0,Safe
200,178,1000,0,1,0,0,0,1,0,0,2,2,0,0,0,Safe
403,1513,1088,3,2,0,2,3,1,2,0,5,2,0,0,1,Configuration
500,606,8281,2,3,0,2,1,0,2,2,3,2,0,1,1,Header
403,1295,2790,2,3,1,5,4,0,1,0,1,1,1,1,1,Header
200,204,1261,0,1,0,0,0,1,1,1,3,3,0,0,0,Input Validation
302,601,7912,4,3,2,1,3,0,1,0,8,0,1,0,1,Session
403,906,8766,2,2,1,3,3,1,6,1,3,3,1,1,1,Authentication
200,184,1000,0,1,0,0,0,1,0,0,2,2,0,0,0,Information
200,210,1444,0,1,0,0,0,1,5,1,3,3,0,0,0,Input Validation
200,229,1942,0,1,0,0,0,1,13,1,3,3,1,0,0,Input Validation
200,726,1000,0,1,0,0,0,1,13,0,3,3,1,0,0,Safe
200,166,1000,0,1,0,0,0,1,0,0,1,1,0,0,0,Input Validation
200,222,1000,0,1,0,0,0,1,0,0,5,5,0,0,0,Input Validation
200,1737,7005,2,1,2,4,3,0,0,0,4,2,0,1,0,Session
200,420,1000,0,1,0,0,0,1,3,0,3,3,0,0,0,Input Validation
200,205,1279,0,1,0,0,0,1,1,1,3,3,0,0,0,Input Validation
200,188,1000,0,1,0,0,0,1,0,0,3,3,0,0,0,Safe
200,1981,9304,0,1,1,0,1,1,5,1,9,4,1,0,1,Authentication
200,248,1000,0,1,0,0,0,1,1,0,3,3,0,0,0,Safe
200,204,1000,0,1,0,0,0,1,0,0,3,3,0,0,0,Information
200,842,1000,0,1,0,0,0,1,13,0,3,3,1,0,0,Input Validation
200,214,1012,0,1,0,0,0,1,1,1,3,3,0,0,0,Safe
200,199,1099,0,1,0,0,0,1,1,1,3,3,0,0,0,Safe
400,415,7793,1,3,0,5,4,0,4,0,5,2,1,1,0,Header
200,199,1099,0,1,0,0,0,1,1,1,3,3,0,0,0,Authorization
400,1185,2657,0,2,0,4,1,1,5,1,2,2,1,0,0,Authentication
200,214,1012,0,1,0,0,0,1,1,1,3,3,0,0,0,Safe
200,286,1000,0,1,0,0,0,1,1,0,3,3,0,0,0,Input Validation
200,197,1051,0,1,0,0,0,1,1,1,3,3,0,0,0,Safe
200,197,1036,0,1,0,0,0,1,1,1,3,3,0,0,0,Safe
400,1906,1172,6,1,1,5,3,0,6,2,9,1,1,0,1,Session
302,96,1356,0,1,2,0,4,1,5,2,7,0,1,1,1,Authentication
200,288,1000,0,1,0,0,0,1,3,0,3,3,0,0,0,Safe
200,166,1000,0,1,0,0,0,1,0,0,1,1,0,0,0,Information
200,196,1000,0,1,0,0,0,1,0,0,3,3,0,0,0,Safe
200,248,1000,0,1,0,0,0,1,0,0,4,4,0,0,0,Information
200,198,1129,0,1,0,0,0,1,3,1,3,3,0,0,0,Safe
200,253,2797,0,1,0,0,0,1,3,1,3,3,0,0,0,Safe
200,338,1000,0,1,0,0,0,1,1,0,3,3,0,0,0,Input Validation
200,150,1000,0,1,0,0,0,1,0,0,0,0,0,0,0,Input Validation
403,1136,6804,3,0,0,5,2,0,7,2,1,4,0,1,1,Configuration
200,254,1000,0,1,0,0,0,1,0,0,4,4,0,0,0,Information
200,224,1000,0,1,0,0,0,1,1,0,3,3,0,0,0,Safe
200,264,1000,0,1,0,0,0,1,1,0,3,3,0,0,0,Input Validation
403,990,8116,0,2,0,2,2,0,4,0,7,1,1,1,0,Session
403,550,9131,5,2,2,5,2,1,0,0,8,1,1,0,1,Input Validation
200,211,1213,0,1,0,0,0,1,5,1,3,3,1,0,0,Safe
200,1067,1984,1,1,1,5,0,0,7,1,8,0,1,0,1,Session
200,224,1000,0,1,0,0,0,1,0,0,4,4,0,0,0,Input Validation
200,228,1846,0,1,0,0,0,1,13,1,3,3,1,0,0,Input Validation
200,232,1000,0,1,0,0,0,1,0,0,4,4,0,0,0,Information
200,338,1000,0,1,0,0,0,1,1,0,3,3,0,0,0,Input Validation
200,220,1000,0,1,0,0,0,1,0,0,3,3,0,0,0,Information
400,1703,2880,6,1,2,0,0,0,5,0,5,2,0,0,0,Session
200,178,1000,0,1,0,0,0,1,0,0,2,2,0,0,0,Safe
200,386,1000,0,1,0,0,0,1,5,0,3,3,0,0,0,Input Validation
400,325,4245,2,3,1,3,4,1,2,0,9,3,1,0,1,Header
200,204,1324,0,1,0,0,0,1,3,1,3,3,0,0,0,Input Validation
200,226,1801,0,1,0,0,0,1,13,1,3,3,1,0,0,Input Validation
302,601,7912,4,3,2,1,3,0,1,0,8,0,1,0,1,Session
200,224,1000,0,1,0,0,0,1,0,0,4,4,0,0,0,Information
200,244,1000,0,1,0,0,0,1,0,0,4,4,0,0,0,Information
403,223,626,0,4,1,3,4,1,7,0,3,3,0,0,0,Session
200,196,1000,0,1,0,0,0,1,0,0,3,3,0,0,0,Safe
403,1513,1088,3,2,0,2,3,1,2,0,5,2,0,0,1,Configuration
403,962,1642,5,0,1,0,1,1,1,1,5,4,1,1,0,Authentication
200,360,1000,0,1,0,0,0,1,5,0,3,3,1,0,0,Safe
200,229,1879,0,1,0,0,0,1,13,1,3,3,1,0,0,Input Validation
200,204,1324,0,1,0,0,0,1,3,1,3,3,0,0,0,Input Validation
400,130,2280,4,3,1,0,1,1,3,0,2,4,1,0,1,Authentication
302,1063,7279,2,3,0,0,4,0,1,2,7,3,0,1,0,Configuration
200,213,1273,0,1,0,0,0,1,5,1,3,3,1,0,0,Input Validation
200,188,1000,0,1,0,0,0,1,0,0,3,3,0,0,0,Safe
200,202,1207,0,1,0,0,0,1,1,1,3,3,0,0,0,Input Validation
200,222,1000,0,1,0,0,0,1,0,0,5,5,0,0,0,Input Validation
200,1245,9535,5,0,1,4,2,1,0,0,8,4,1,1,0,Authentication
200,200,1000,0,1,0,0,0,1,0,0,3,3,0,0,0,Safe
200,224,1000,0,1,0,0,0,1,1,0,3,3,0,0,0,Safe
200,208,1000,0,1,0,0,0,1,0,0,3,3,0,0,0,Information
200,786,1000,0,1,0,0,0,1,13,0,3,3,1,0,0,Input Validation
200,196,1000,0,1,0,0,0,1,0,0,3,3,0,0,0,Information
200,224,1000,0,1,0,0,0,1,1,0,3,3,0,0,0,Safe
200,190,1000,0,1,0,0,0,1,0,0,3,3,0,0,0,Safe
200,178,1000,0,1,0,0,0,1,0,0,2,2,0,0,0,Safe
200,188,1000,0,1,0,0,0,1,0,0,3,3,0,0,0,Safe
200,199,1099,0,1,0,0,0,1,1,1,3,3,0,0,0,Safe
200,186,1000,0,1,0,0,0,1,0,0,1,1,0,0,0,Input Validation
200,224,1000,0,1,0,0,0,1,0,0,4,4,0,0,0,Information
200,370,1000,0,1,0,0,0,1,1,0,3,3,0,0,0,Input Validation
200,232,1000,0,1,0,0,0,1,0,0,4,4,0,0,0,Information
200,178,1000,0,1,0,0,0,1,0,0,2,2,0,0,0,Safe
200,346,1000,0,1,0,0,0,1,5,0,3,3,0,0,0,Safe
200,199,1099,0,1,0,0,0,1,1,1,3,3,0,0,0,Authorization
200,216,1000,0,1,0,0,0,1,0,0,4,4,0,0,0,Safe
200,236,9542,2,1,2,5,4,1,0,1,4,3,0,0,1,Configuration
200,166,1000,0,1,0,0,0,1,0,0,1,1,0,0,0,Information
200,194,1000,0,1,0,0,0,1,0,0,3,3,0,0,0,Safe
200,214,1315,0,1,0,0,0,1,5,1,3,3,1,0,0,Input Validation
302,914,6128,6,2,0,3,4,1,4,0,4,3,1,1,0,Authentication
200,764,1000,0,1,0,0,0,1,13,0,3,3,1,0,0,Input Validation
200,418,1000,0,1,0,0,0,1,5,0,3,3,1,0,0,Input Validation
200,198,1129,0,1,0,0,0,1,3,1,3,3,0,0,0,Safe
200,207,1351,0,1,0,0,0,1,1,1,3,3,0,0,0,Input Validation
200,218,1132,0,1,0,0,0,1,1,1,3,3,0,0,0,Input Validation
200,202,1000,0,1,0,0,0,1,0,0,3,3,0,0,0,Safe
200,198,1000,0,1,0,0,0,1,0,0,3,3,0,0,0,Safe
200,229,1876,0,1,0,0,0,1,13,1,3,3,1,0,0,Input Validation
200,178,1000,0,1,0,0,0,1,0,0,2,2,0,0,0,Safe
200,224,1729,0,1,0,0,0,1,13,1,3,3,1,0,0,Authorization
200,194,1000,0,1,0,0,0,1,0,0,3,3,0,0,0,Safe
400,589,8854,2,1,0,4,1,1,6,0,8,0,0,1,0,Input Validation
200,214,1000,0,1,0,0,0,1,0,0,4,4,0,0,0,Safe
200,450,6831,0,1,2,5,3,1,0,1,8,1,1,0,1,Configuration
500,1609,3175,0,1,0,0,4,1,3,2,5,4,1,0,0,Header
200,202,1000,0,1,0,0,0,1,0,0,3,3,0,0,0,Safe
200,220,1204,0,1,0,0,0,1,1,1,3,3,0,0,0,Input Validation
200,206,1000,0,1,0,0,0,1,0,0,2,2,0,0,0,Input Validation
200,468,1000,0,1,0,0,0,1,5,0,3,3,1,0,0,Input Validation
200,197,1114,0,1,0,0,0,1,3,1,3,3,0,0,0,Safe
200,223,1771,0,1,0,0,0,1,13,1,3,3,1,0,0,Input Validation
200,218,1141,0,1,0,0,0,1,1,1,3,3,0,0,0,Input Validation
200,196,1000,0,1,0,0,0,1,0,0,3,3,0,0,0,Safe
200,222,1000,0,1,0,0,0,1,0,0,5,5,0,0,0,Input Validation
200,1849,6755,5,3,1,3,2,1,6,1,2,2,1,1,0,Authentication
200,202,1189,0,1,0,0,0,1,1,1,3,3,0,0,0,Input Validation
400,513,370,2,3,0,4,3,1,6,1,7,1,1,1,0,Header
200,342,1000,0,1,0,0,0,1,5,0,3,3,0,0,0,Safe
200,201,1162,0,1,0,0,0,1,1,1,3,3,0,0,0,Input Validation
200,206,1000,0,1,0,0,0,1,0,0,3,3,0,0,0,Input Validation
400,565,541,0,2,1,4,2,0,4,0,4,3,1,0,0,Input Validation
200,282,1000,0,1,0,0,0,1,3,0,3,3,0,0,0,Safe
200,762,1000,0,1,0,0,0,1,13,0,3,3,1,0,0,Safe
200,192,1000,0,1,0,0,0,1,0,0,1,1,0,0,0,Safe
200,202,1000,0,1,0,0,0,1,0,0,2,2,0,0,0,Information
200,228,1927,0,1,0,0,0,1,13,1,3,3,1,0,0,Input Validation
400,1251,9210,3,1,2,5,4,1,7,1,7,1,0,0,0,Input Validation
200,188,1000,0,1,0,0,0,1,0,0,3,3,0,0,0,Safe
200,197,1051,0,1,0,0,0,1,1,1,3,3,0,0,0,Safe
200,234,1000,0,1,0,0,0,1,1,0,3,3,0,0,0,Safe
200,214,1615,0,1,0,0,0,1,3,1,3,3,0,0,0,Input Validation
200,202,1264,0,1,0,0,0,1,3,1,3,3,0,0,0,Input Validation
200,194,1000,0,1,0,0,0,1,0,0,2,2,0,0,0,Input Validation
200,198,1000,0,1,0,0,0,1,0,0,3,3,0,0,0,Safe
200,266,1000,0,1,0,0,0,1,1,0,3,3,0,0,0,Safe
200,242,1000,0,1,0,0,0,1,0,0,4,4,0,0,0,Input Validation
200,194,1000,0,1,0,0,0,1,0,0,2,2,0,0,0,Information
200,197,1051,0,1,0,0,0,1,1,1,3,3,0,0,0,Authorization
200,204,1000,0,1,0,0,0,1,0,0,3,3,0,0,0,Input Validation
200,206,1000,0,1,0,0,0,1,0,0,3,3,0,0,0,Information
200,216,1000,0,1,0,0,0,1,0,0,4,4,0,0,0,Safe
200,260,1000,0,1,0,0,0,1,0,0,4,4,0,0,0,Information
403,1512,302,7,2,0,5,4,1,1,1,6,2,1,1,1,Authentication
200,372,1000,0,1,0,0,0,1,1,0,3,3,0,0,0,Input Validation
403,1614,1318,2,1,1,0,0,0,2,2,2,3,0,1,1,Configuration
200,774,3826,0,3,1,4,2,1,4,0,1,0,1,0,0,Input Validation
200,197,1054,0,1,0,0,0,1,1,1,3,3,0,0,0,Safe
200,203,1216,0,1,0,0,0,1,5,1,3,3,0,0,0,Safe
200,214,1012,0,1,0,0,0,1,1,1,3,3,0,0,0,Safe
200,416,1000,0,1,0,0,0,1,5,0,3,3,1,0,0,Input Validation
200,201,1237,0,1,0,0,0,1,3,1,3,3,0,0,0,Input Validation
200,150,1000,0,1,0,0,0,1,0,0,0,0,0,0,0,Input Validation
200,749,5545,2,0,1,5,4,0,3,2,3,3,1,1,1,Header
200,983,7284,1,0,1,1,3,0,4,1,6,4,0,0,0,Configuration
200,246,1000,0,1,0,0,0,1,0,0,5,5,0,0,0,Information
403,1179,1793,2,0,2,2,3,1,6,1,5,1,1,1,0,Authentication
200,188,1000,0,1,0,0,0,1,0,0,3,3,0,0,0,Safe
302,1775,9174,1,2,2,0,0,1,1,0,5,4,1,0,1,Header
200,932,4861,7,3,1,1,3,1,2,0,8,2,0,1,0,Session
200,214,1318,0,1,0,0,0,1,5,1,3,3,1,0,0,Input Validation
200,201,1219,0,1,0,0,0,1,3,1,3,3,0,0,0,Input Validation
400,1945,2833,7,1,2,5,1,1,2,1,2,1,1,1,0,Authentication
403,906,8766,2,2,1,3,3,1,6,1,3,3,1,1,1,Authentication
200,1884,7443,6,0,1,1,2,1,0,0,7,0,1,0,1,Authentication
200,196,1000,0,1,0,0,0,1,0,0,3,3,0,0,0,Safe
