status_code,response_time,response_length,header_count,cookie_count,redirect_count,framework_encoded,server_encoded,authentication,param_count,form_count,endpoint_count,depth,has_password_field,has_file_upload,has_search_form,label
500,1344,5291,6,4,2,1,2,0,2,2,4,2,1,0,1,Configuration
301,221,1055,1,0,1,1,1,0,0,0,1,1,0,0,0,Header
302,560,2547,6,3,1,2,3,1,3,2,9,3,1,0,0,Authentication
500,890,5493,5,0,1,1,1,0,1,0,2,3,1,0,1,Information
500,825,8326,7,0,1,3,1,1,5,1,10,3,1,0,0,Authorization
403,211,4397,7,3,1,3,0,1,4,0,18,4,1,1,0,Information
403,542,7308,6,4,0,0,2,0,0,2,11,2,0,1,0,Configuration
200,260,2188,4,0,0,3,1,0,0,0,1,1,0,0,0,Header
500,148,2831,9,2,2,0,2,0,5,2,1,4,1,0,0,Configuration
400,442,306,8,1,1,3,0,0,0,0,4,4,0,0,0,Configuration
200,624,1922,4,1,0,3,1,1,6,2,10,1,1,1,1,Input Validation
403,1871,5550,9,1,2,3,0,0,5,0,1,0,0,1,0,Authorization
200,1332,7626,7,2,0,4,0,0,1,2,9,3,0,1,0,Information
403,1583,7654,2,4,0,0,2,0,1,1,5,0,0,0,1,Configuration
403,779,5891,7,3,2,2,3,0,0,2,6,4,1,1,1,Authorization
200,1274,9439,4,4,2,3,3,0,3,2,3,2,1,1,0,Configuration
200,1713,6794,3,0,2,3,0,0,1,2,10,2,0,1,1,Authorization
200,1645,2149,2,3,0,4,3,0,0,0,3,2,1,1,0,Information
200,1993,1748,9,3,1,3,1,0,5,0,3,0,0,1,1,Information
302,871,1056,2,3,0,3,0,1,4,2,3,0,1,0,1,Configuration
200,424,1545,7,3,1,2,2,1,1,1,1,3,1,0,0,Authentication
200,915,4954,5,2,0,0,3,0,5,2,14,2,0,1,0,Input Validation
301,210,706,3,1,0,3,2,0,0,0,1,0,0,0,0,Header
200,1329,3494,9,1,0,1,2,1,1,2,8,1,1,0,1,Authorization
400,539,1509,3,0,0,0,2,1,4,1,3,1,0,1,0,Configuration
200,85,5280,6,1,1,3,2,1,3,2,2,3,1,0,0,Authentication
200,215,674,2,0,1,1,1,0,0,0,2,0,0,0,0,Header
401,103,7646,6,1,0,4,3,1,3,2,5,3,1,0,0,Authentication
200,399,4642,5,3,0,1,3,1,1,2,3,1,1,0,0,Authentication
400,1677,5277,8,1,0,1,0,1,0,0,1,1,1,0,0,Configuration
200,537,7504,6,0,0,4,1,0,2,1,16,2,0,1,0,Configuration
403,1142,2241,7,3,0,3,3,1,1,0,7,3,0,1,1,Configuration
200,275,2949,4,0,1,1,2,0,0,0,2,1,0,0,0,Header
500,565,2939,9,1,0,3,3,1,2,1,3,3,0,0,0,Information
422,1291,4113,4,0,0,4,3,0,7,2,14,3,1,0,0,Input Validation
200,651,3569,4,3,0,3,1,1,4,2,8,1,1,0,0,Authentication
200,725,6088,2,2,0,2,3,1,1,0,7,4,1,0,0,Information
200,91,695,4,0,1,4,2,0,0,0,3,0,0,0,0,Header
403,125,4860,6,2,2,3,2,1,1,1,5,1,1,0,0,Authentication
200,997,5688,5,4,2,0,2,0,4,1,7,1,0,0,0,Configuration
400,850,1153,5,0,0,4,1,0,7,1,9,2,0,1,0,Input Validation
200,194,1545,3,1,1,4,0,0,0,0,2,1,0,0,0,Header
200,1374,9447,5,3,2,2,0,1,5,2,10,1,0,0,1,Configuration
200,1343,3909,3,0,0,0,2,0,4,1,13,2,0,0,1,Input Validation
200,983,233,3,3,0,4,0,0,4,1,11,3,0,1,0,Configuration
200,76,1356,1,1,0,0,0,0,0,0,2,1,0,0,0,Header
200,1020,1453,9,3,0,1,3,1,1,1,18,3,1,0,0,Configuration
400,551,7202,2,0,0,4,3,0,3,0,13,2,0,1,1,Configuration
500,549,209,3,2,0,4,0,0,2,2,2,2,1,0,0,Input Validation
302,112,4025,4,2,0,4,0,1,0,2,1,4,1,0,1,Configuration
200,162,1993,3,0,0,4,0,0,0,0,1,1,0,0,0,Header
200,1158,7345,2,0,2,4,0,1,5,0,17,1,1,0,1,Information
200,487,2665,5,3,1,3,0,1,3,1,9,1,1,0,0,Authentication
500,902,4773,4,2,2,3,1,1,1,1,18,2,0,0,1,Authorization
200,1033,9650,5,1,2,0,0,0,3,1,17,1,0,1,1,Configuration
422,152,4500,4,2,0,2,2,0,2,3,8,4,0,0,1,Input Validation
200,213,380,3,1,0,2,0,0,0,0,4,1,0,0,0,Header
400,1476,8056,6,1,1,4,1,0,5,0,5,0,1,1,1,Session
302,1886,7340,3,0,2,0,1,0,5,2,16,4,0,1,1,Configuration
200,1940,1376,5,1,2,1,0,1,5,2,19,2,0,0,1,Information
200,256,2006,3,1,0,4,3,0,0,0,2,0,0,0,0,Header
302,175,4732,2,4,0,3,1,0,0,0,18,3,0,1,1,Configuration
200,797,6838,3,0,0,3,1,1,1,2,13,4,0,0,0,Session
200,552,7267,6,2,2,0,2,1,2,1,8,1,1,0,0,Authentication
200,85,9159,11,0,0,3,2,0,0,0,6,1,0,0,0,Safe
400,623,5660,3,2,1,2,0,1,4,1,4,2,1,0,1,Configuration
200,139,9865,6,2,2,3,0,0,2,0,6,1,1,1,0,Configuration
403,62,5787,4,1,2,4,0,1,0,1,8,2,1,0,0,Authentication
200,417,4227,5,1,0,4,3,0,2,2,13,3,0,0,1,Input Validation
200,296,972,1,1,1,2,0,0,0,0,1,0,0,0,0,Header
302,623,4327,2,4,1,0,1,1,5,2,6,0,0,0,0,Configuration
200,1298,4133,7,4,2,2,1,1,2,2,19,1,1,1,0,Session
200,527,9546,4,3,0,0,0,0,4,2,1,3,1,1,1,Information
400,1241,3053,6,2,0,3,0,1,5,3,14,4,0,0,0,Input Validation
400,194,2874,4,1,0,2,2,0,5,3,11,4,1,1,1,Input Validation
200,462,2643,3,0,0,1,0,0,5,3,13,4,1,1,1,Input Validation
200,156,703,3,1,0,2,0,0,0,0,2,1,0,0,0,Header
400,1480,1892,7,4,0,1,1,1,5,2,1,2,1,0,0,Information
500,1210,8493,5,0,0,1,0,0,3,0,11,1,0,1,0,Configuration
200,280,1302,2,1,0,3,1,0,0,0,1,1,0,0,0,Header
500,112,4857,3,3,1,4,0,0,0,0,17,3,1,1,1,Configuration
200,426,1992,6,1,0,2,2,1,4,2,14,1,0,0,1,Input Validation
400,67,868,7,2,2,1,1,1,3,0,18,2,0,1,0,Information
400,849,4973,3,2,1,1,3,0,3,1,7,4,1,0,0,Configuration
400,1840,8619,7,0,2,4,2,0,0,2,8,1,0,1,1,Configuration
301,194,281,1,1,0,1,2,0,0,0,2,0,0,0,0,Header
301,141,1014,4,0,1,1,1,0,0,0,1,0,0,0,0,Header
400,795,1509,4,3,0,4,1,1,5,0,2,4,1,0,1,Session
200,100,16017,10,1,0,0,1,0,0,0,3,0,0,0,0,Safe
302,286,1404,8,0,1,2,1,1,1,1,13,1,0,0,0,Configuration
500,91,5575,2,1,0,4,0,1,1,2,10,4,0,0,0,Information
302,317,6236,6,1,0,0,1,0,3,1,14,1,1,1,0,Information
500,1365,5590,3,4,0,2,3,0,3,0,7,2,1,1,0,Authorization
301,98,1412,2,1,0,3,2,0,0,0,3,1,0,0,0,Header
200,414,6622,4,1,1,1,0,1,0,1,8,1,1,0,0,Authentication
400,141,4320,4,2,0,1,0,1,5,3,7,2,1,0,0,Input Validation
403,66,829,3,3,0,3,1,1,2,2,5,1,1,0,0,Authentication
200,227,1323,1,1,0,3,2,0,0,0,3,1,0,0,0,Header
302,337,5373,3,3,1,4,1,1,1,1,5,3,1,0,0,Authentication
302,876,1600,3,3,2,2,1,0,1,2,17,2,1,1,0,Configuration
302,232,7626,6,3,2,0,3,1,4,2,9,1,1,0,0,Authentication
500,1499,9423,7,1,2,2,1,1,5,2,13,4,1,1,1,Session
301,58,1057,1,0,1,4,3,0,0,0,1,1,0,0,0,Header
200,315,7169,2,3,0,0,1,0,2,0,14,1,1,1,1,Information
200,998,8273,8,0,2,0,0,1,3,2,5,4,0,0,1,Session
400,1425,3615,4,1,0,4,1,0,5,3,9,4,0,0,1,Input Validation
500,1439,7374,3,0,1,0,0,1,2,1,5,4,1,0,0,Session
400,1093,2013,2,4,2,1,2,1,1,1,17,2,1,0,1,Information
500,1162,4775,7,4,1,2,0,1,2,2,9,2,0,1,1,Session
200,586,7928,5,3,1,3,2,1,2,1,2,2,1,0,0,Authentication
200,47,13380,9,1,0,4,3,0,0,0,6,0,0,0,0,Safe
400,1641,6283,4,4,0,0,1,1,2,0,16,0,0,0,0,Information
200,220,2569,4,0,0,2,0,0,0,0,2,0,0,0,0,Header
401,443,3219,5,1,1,1,3,1,1,2,7,2,1,0,0,Authentication
400,1186,2164,9,1,0,2,3,1,2,1,7,1,0,1,1,Configuration
403,384,9537,6,4,1,3,3,1,3,1,4,2,1,0,1,Configuration
302,754,521,4,3,1,1,1,1,4,2,4,3,1,0,0,Authentication
500,509,5226,6,2,0,2,2,1,1,1,14,1,0,1,0,Authorization
401,320,1386,7,1,2,3,3,1,1,1,4,2,1,0,0,Authentication
400,898,1088,6,4,2,3,1,0,0,0,3,2,0,1,1,Authorization
200,192,1955,1,0,1,3,1,0,0,0,3,1,0,0,0,Header
422,529,1184,2,0,0,4,3,0,4,2,3,4,0,0,0,Input Validation
500,1609,4573,4,3,1,0,1,1,0,1,12,3,1,0,1,Authorization
403,1904,5209,6,4,1,2,3,0,0,0,18,1,1,0,0,Configuration
200,246,2948,4,1,0,2,1,0,0,0,3,1,0,0,0,Header
403,938,3217,9,3,0,1,3,1,1,0,2,0,0,0,0,Authorization
401,715,1417,4,2,2,1,1,1,1,2,2,2,1,0,0,Authentication
200,1945,6190,6,2,2,0,1,0,0,1,12,1,1,1,1,Authorization
400,432,558,5,3,1,1,1,1,2,2,9,3,1,1,0,Configuration
200,41,1660,1,0,1,2,2,0,0,0,2,1,0,0,0,Header
301,212,2435,3,1,1,1,2,0,0,0,2,0,0,0,0,Header
304,150,14525,10,0,0,4,0,0,0,0,6,2,0,0,0,Safe
403,1890,7105,6,1,0,3,0,1,3,1,18,0,0,1,0,Authorization
400,677,2582,3,1,0,1,2,0,3,2,14,4,0,0,1,Input Validation
200,37,2247,4,1,0,1,3,0,0,0,2,1,0,0,0,Header
500,1104,4848,5,0,0,0,3,1,7,1,12,1,0,1,1,Input Validation
500,1522,5643,5,3,0,2,1,0,5,1,16,1,0,1,1,Information
200,182,5995,4,3,0,0,3,1,3,0,11,4,0,0,1,Information
400,255,1590,5,2,0,4,3,1,7,2,10,3,0,1,1,Input Validation
200,247,3032,7,3,0,0,0,1,2,2,4,1,1,0,0,Authentication
500,225,4265,2,1,0,4,0,0,4,2,8,4,1,1,0,Input Validation
200,385,2469,4,3,1,4,0,1,4,2,6,1,1,0,0,Authentication
200,74,5738,9,0,0,1,1,0,0,0,2,1,0,0,0,Safe
200,637,1086,9,0,1,3,0,0,2,2,16,4,1,0,0,Session
302,753,1074,3,1,0,0,3,1,4,1,5,1,1,0,0,Authentication
400,1397,3273,7,3,1,2,1,1,1,0,9,2,0,0,0,Configuration
200,774,3826,2,3,1,4,2,1,4,0,1,0,1,0,0,Authorization
302,1340,7110,9,1,1,0,2,0,1,1,6,3,0,0,1,Configuration
200,353,3864,6,3,2,1,3,1,2,1,5,3,1,0,0,Authentication
400,1240,914,4,2,0,3,0,0,7,3,3,2,0,1,1,Input Validation
500,850,305,5,1,0,1,1,0,6,2,10,2,0,0,0,Input Validation
500,208,3754,8,0,1,4,1,1,3,1,7,0,1,1,0,Information
301,147,1400,2,1,0,1,0,0,0,0,3,1,0,0,0,Header
200,1710,6395,9,0,1,2,0,1,1,2,4,3,0,1,0,Authorization
302,488,6885,7,3,0,2,3,1,1,1,7,1,1,0,0,Authentication
200,704,2966,6,3,2,1,0,1,4,1,9,2,1,0,0,Authentication
400,312,9869,7,4,2,0,0,0,3,1,19,3,1,1,1,Authorization
500,1055,7943,4,0,0,2,1,0,3,0,17,3,1,1,0,Information
302,279,2235,4,3,1,3,0,1,1,1,6,2,1,0,0,Authentication
200,663,1732,5,2,2,3,3,1,3,2,4,1,1,0,0,Authentication
200,360,307,3,0,2,3,0,1,3,2,16,4,0,1,0,Authorization
500,1945,8655,2,0,1,4,3,1,5,1,8,0,0,1,1,Authorization
200,171,580,3,1,0,1,0,0,0,0,1,1,0,0,0,Header
200,94,5799,13,0,0,1,3,0,0,0,2,2,0,0,0,Safe
400,192,4537,5,4,1,3,2,0,1,1,18,4,0,1,1,Authorization
400,1190,4119,5,1,0,0,2,0,4,2,12,2,0,1,1,Input Validation
200,44,9484,12,1,0,0,3,0,0,0,7,1,0,0,0,Safe
500,1509,2630,2,0,0,4,1,1,4,1,4,0,0,1,0,Authorization
422,191,3924,5,1,0,4,3,0,7,1,12,2,1,1,0,Input Validation
400,1590,6588,3,2,1,4,2,1,0,2,19,0,0,0,0,Authorization
200,292,499,4,0,1,3,2,0,0,0,4,0,0,0,0,Header
403,869,3392,5,3,1,1,2,0,3,2,3,2,1,1,1,Configuration
500,647,3816,7,1,1,2,0,1,5,2,10,1,1,0,0,Authorization
500,291,7480,6,1,0,4,3,1,0,2,17,3,0,0,0,Authorization
500,1867,5927,3,3,1,2,0,0,3,0,6,1,0,1,0,Information
200,1193,492,2,0,1,3,3,0,0,1,18,1,1,1,1,Authorization
500,901,975,4,1,0,0,2,0,5,3,9,1,0,0,1,Input Validation
200,27,5440,8,0,0,2,0,0,0,0,5,2,0,0,0,Safe
200,694,647,7,2,2,3,2,1,3,1,3,3,1,0,0,Authentication
200,290,872,2,1,1,1,1,0,0,0,3,1,0,0,0,Header
400,459,2576,3,2,0,1,2,0,5,2,5,2,0,0,0,Input Validation
200,469,2396,5,2,0,1,1,0,6,3,13,2,0,1,0,Input Validation
302,714,5083,5,2,1,0,1,1,3,2,4,1,1,0,0,Authentication
200,142,2269,4,1,0,0,3,0,0,0,1,0,0,0,0,Header
500,1071,401,9,3,2,2,0,1,3,0,13,1,1,0,0,Configuration
301,124,1586,3,0,1,3,0,0,0,0,2,0,0,0,0,Header
200,32,802,2,0,0,4,1,0,0,0,3,1,0,0,0,Header
200,140,2283,2,1,1,0,3,0,0,0,1,0,0,0,0,Header
200,83,12254,8,1,0,4,3,0,0,0,6,2,0,0,0,Safe
302,986,2259,6,0,1,1,1,1,5,0,14,0,1,0,0,Session
200,252,1114,2,1,0,4,1,0,0,0,4,0,0,0,0,Header
400,635,1213,4,1,0,4,1,0,7,3,6,2,1,1,1,Input Validation
500,1093,2663,6,2,0,1,2,1,3,1,2,1,0,0,1,Authorization
200,1392,6097,4,4,1,1,1,0,3,2,16,4,1,1,0,Information
200,145,1236,3,1,0,2,0,0,0,0,4,1,0,0,0,Header
200,289,759,4,0,0,3,2,0,0,0,3,0,0,0,0,Header
200,80,8829,9,0,0,4,2,0,0,0,1,1,0,0,0,Safe
500,759,4020,4,4,2,4,2,1,2,1,19,4,0,1,0,Information
500,803,2603,3,1,0,1,2,0,2,2,10,2,1,1,1,Input Validation
403,1737,6968,7,3,1,3,2,0,3,1,10,1,0,0,1,Authorization
200,745,6238,6,2,1,2,0,1,4,2,2,1,1,0,0,Authentication
200,189,1271,4,0,1,4,1,0,0,0,2,1,0,0,0,Header
200,194,2461,1,1,0,2,2,0,0,0,2,0,0,0,0,Header
400,420,6076,6,3,0,4,0,0,1,0,4,1,0,0,1,Session
200,1737,672,3,3,1,2,0,0,5,0,17,1,1,1,1,Session
302,902,1637,7,0,1,1,1,1,2,0,7,3,1,0,1,Information
200,660,2227,5,3,0,4,3,1,1,1,4,2,1,0,0,Authentication
200,261,2360,3,1,1,3,1,0,0,0,3,0,0,0,0,Header
422,1149,4742,3,0,0,2,3,1,2,2,5,3,1,0,1,Input Validation
200,808,4602,4,1,0,3,3,0,5,1,6,4,0,0,0,Input Validation
302,603,7071,5,3,1,2,0,0,2,1,11,0,1,0,0,Authorization
500,977,787,4,4,1,2,3,0,3,2,14,0,0,0,0,Authorization
500,1235,1383,5,1,2,2,2,1,2,0,3,0,1,0,1,Authorization
500,276,364,5,1,1,2,3,1,0,2,2,3,1,0,0,Information
400,637,9277,9,4,1,0,0,0,3,1,9,2,0,1,1,Configuration
200,886,6863,4,2,2,0,3,0,1,1,3,3,0,0,1,Session
403,50,5163,8,2,1,0,2,1,4,2,14,3,1,1,1,Information
200,1940,1887,6,1,2,0,1,0,2,2,2,3,0,1,1,Configuration
400,645,8572,9,1,1,0,2,1,2,2,10,2,0,1,1,Configuration
200,92,11502,11,0,0,0,3,0,0,0,3,2,0,0,0,Safe
200,775,2712,2,0,0,3,0,1,4,1,4,1,0,1,1,Input Validation
400,117,1087,9,1,0,4,1,1,0,2,16,4,1,0,1,Session
302,625,5089,4,1,2,4,0,1,3,1,3,1,1,0,0,Authentication
200,64,1076,2,1,1,0,3,0,0,0,1,0,0,0,0,Header
200,273,726,2,2,0,1,3,0,7,1,4,2,1,0,0,Input Validation
200,57,871,2,1,0,2,1,0,0,0,4,1,0,0,0,Header
400,1000,9402,7,0,1,0,0,1,5,1,8,2,1,1,0,Configuration
500,966,341,4,0,0,3,3,0,6,1,7,1,1,0,1,Input Validation
403,941,4797,8,4,0,0,3,1,1,2,9,0,1,0,0,Information
500,868,282,2,4,2,2,2,0,5,0,1,3,0,1,1,Session
500,1182,6688,9,0,0,1,2,1,1,0,8,0,0,1,0,Information
301,206,1810,4,1,1,1,3,0,0,0,2,0,0,0,0,Header
200,511,1135,5,0,0,0,3,1,4,3,10,3,1,0,0,Input Validation
200,295,1009,2,0,1,0,0,0,0,0,3,1,0,0,0,Header
400,678,1728,7,2,1,1,0,0,5,2,11,0,0,0,0,Authorization
200,98,1650,3,3,0,3,0,1,2,2,4,3,1,0,0,Authentication
302,683,5649,6,2,2,2,3,1,3,1,9,3,1,0,0,Authentication
401,721,2541,5,1,1,3,3,1,0,2,7,2,1,0,0,Authentication
500,56,3367,6,0,0,3,2,0,1,1,3,2,0,0,0,Authorization
200,675,1129,5,1,0,0,2,1,2,1,3,1,1,1,1,Input Validation
422,1278,4658,4,1,0,2,1,1,4,1,6,2,1,0,1,Input Validation
403,84,3658,6,2,0,0,0,1,4,1,4,1,1,0,0,Authentication
403,1142,3336,2,0,0,1,0,1,4,2,19,2,1,1,1,Configuration
200,50,399,3,0,1,2,0,0,0,0,4,0,0,0,0,Header
400,958,9426,3,2,2,4,0,0,3,1,8,0,1,1,0,Authorization
500,569,1407,6,0,0,3,1,0,2,0,2,2,1,0,0,Authorization
500,1831,6638,8,3,0,0,3,1,0,1,12,0,0,0,1,Information
200,115,13369,14,0,0,1,3,0,0,0,6,2,0,0,0,Safe
400,764,2908,4,1,0,2,0,1,2,1,19,3,0,0,0,Authorization
200,1913,215,6,0,0,0,0,1,2,2,6,2,0,0,0,Authorization
200,133,3920,13,0,0,2,1,0,0,0,2,1,0,0,0,Safe
200,233,2341,1,1,0,0,1,0,0,0,3,0,0,0,0,Header
200,132,12090,13,0,0,2,0,0,0,0,4,0,0,0,0,Safe
200,170,1867,4,0,1,0,2,0,0,0,1,1,0,0,0,Header
200,52,901,2,1,1,3,1,0,0,0,3,1,0,0,0,Header
400,959,287,6,4,1,4,0,0,2,1,16,1,1,0,0,Configuration
403,1729,7455,3,1,1,4,3,0,3,1,7,2,1,0,1,Information
400,1703,2880,8,4,2,0,0,0,5,0,13,4,0,0,0,Authorization
200,212,2691,2,1,1,3,3,0,0,0,2,1,0,0,0,Header
200,207,2559,2,1,0,3,0,0,0,0,3,0,0,0,0,Header
200,277,453,3,0,0,3,0,0,0,0,3,0,0,0,0,Header
302,203,2309,3,3,1,0,1,1,4,2,9,1,1,0,0,Authentication
200,126,6293,11,1,0,3,1,0,0,0,7,2,0,0,0,Safe
422,723,3692,2,1,0,1,0,0,5,3,10,4,0,1,0,Input Validation
500,284,9220,9,3,2,0,3,0,0,1,9,4,1,0,0,Authorization
200,130,1625,4,0,1,0,2,0,0,0,3,1,0,0,0,Header
400,1309,5068,5,0,0,1,0,0,3,2,2,0,0,1,0,Authorization
200,129,2768,3,0,0,1,0,0,0,0,4,1,0,0,0,Header
200,57,2473,4,1,0,3,3,0,0,0,2,1,0,0,0,Header
500,1325,334,4,4,0,0,1,1,1,0,12,4,1,1,0,Session
302,1922,7111,7,1,2,0,2,0,5,0,12,3,1,0,0,Configuration
302,1261,4023,8,3,2,0,3,1,1,2,10,2,0,1,0,Information
500,714,8324,8,1,2,3,0,1,3,2,4,4,0,1,0,Authorization
200,293,324,3,0,1,4,1,0,0,0,3,1,0,0,0,Header
500,538,2304,3,1,0,3,2,1,1,1,8,0,0,0,1,Information
200,162,17161,8,0,0,2,1,0,0,0,4,2,0,0,0,Safe
302,1098,7568,4,2,0,4,3,1,3,2,11,2,0,0,0,Authorization
403,1642,2706,8,0,1,1,1,0,1,0,9,2,1,1,0,Information
200,34,19667,12,1,0,4,1,0,0,0,5,1,0,0,0,Safe
302,1663,2032,8,2,1,4,3,1,4,2,12,0,0,1,0,Configuration
301,185,1705,1,1,1,2,3,0,0,0,4,1,0,0,0,Header
301,168,456,1,1,0,1,1,0,0,0,2,1,0,0,0,Header
500,1644,1396,4,2,0,1,1,0,4,1,8,3,0,1,0,Information
400,853,285,5,0,0,4,1,1,6,2,12,1,1,1,1,Input Validation
400,839,4544,4,3,0,4,1,1,0,1,2,2,0,1,0,Authorization
200,146,1729,3,0,0,2,1,0,0,0,2,0,0,0,0,Header
200,210,1205,4,0,1,0,1,0,0,0,2,0,0,0,0,Header
200,78,9756,8,0,0,1,0,0,0,0,1,1,0,0,0,Safe
500,782,7523,4,2,0,2,3,1,2,2,13,3,0,0,0,Information
200,168,5057,11,0,0,1,3,0,0,0,7,1,0,0,0,Safe
500,1977,6796,9,2,2,3,1,0,2,1,15,2,0,0,0,Authorization
401,238,7831,4,1,1,3,2,1,1,1,1,3,1,0,0,Authentication
200,630,5458,7,2,0,0,0,1,0,2,6,2,1,0,0,Authentication
403,440,6234,7,1,2,2,1,1,3,2,6,3,1,0,0,Authentication
200,59,2849,1,0,1,2,2,0,0,0,2,0,0,0,0,Header
400,1120,3911,8,4,1,4,3,0,2,2,10,1,1,0,1,Configuration
200,168,109,2,0,0,3,3,0,0,0,4,0,0,0,0,Header
200,131,2900,1,0,0,2,3,0,0,0,1,0,0,0,0,Header
200,1219,3694,4,1,0,0,2,0,3,3,14,2,0,0,1,Input Validation
500,122,5360,7,3,0,2,0,0,0,2,13,0,0,0,1,Information
403,1987,8660,4,2,2,1,0,1,1,0,4,2,0,0,1,Authorization
422,438,2440,6,2,0,4,3,1,7,3,4,4,1,0,0,Input Validation
403,1168,551,5,1,1,2,0,0,5,2,3,1,1,0,0,Information
403,513,7391,2,0,1,4,2,0,2,0,6,0,0,0,1,Session
200,1182,3304,3,0,0,2,1,0,4,2,8,4,0,0,1,Input Validation
200,43,2362,3,1,1,4,3,0,0,0,4,0,0,0,0,Header
302,410,9707,3,4,1,0,1,1,1,0,9,4,1,1,1,Configuration
200,1327,3854,4,2,0,1,1,0,4,2,13,4,1,1,1,Input Validation
400,718,1618,7,3,2,0,1,1,3,2,3,1,1,0,1,Authorization
200,295,172,1,1,1,0,2,0,0,0,4,0,0,0,0,Header
500,1525,9380,4,1,0,1,0,0,2,1,19,4,0,1,1,Session
200,333,4496,5,0,0,3,2,0,1,0,13,1,1,1,1,Session
200,133,18702,13,1,0,2,3,0,0,0,3,0,0,0,0,Safe
403,416,3776,4,0,2,1,2,1,3,0,11,0,0,1,1,Information
200,274,250,3,1,1,0,0,0,0,0,2,0,0,0,0,Header
403,252,560,4,3,1,1,0,1,2,2,2,2,1,0,0,Authentication
200,57,4870,11,0,0,4,3,0,0,0,6,2,0,0,0,Safe
200,1064,702,7,2,1,1,0,0,4,1,11,0,0,0,1,Session
500,698,1973,9,2,0,1,0,1,2,2,6,1,1,1,1,Configuration
301,121,162,2,1,0,1,0,0,0,0,1,1,0,0,0,Header
500,924,8103,5,0,2,2,1,1,1,0,1,4,1,0,0,Session
301,271,2602,3,0,0,3,2,0,0,0,3,1,0,0,0,Header
403,189,2430,9,1,2,0,0,0,1,0,13,4,1,1,1,Configuration
302,856,7124,6,4,0,2,0,0,5,0,5,1,0,0,1,Configuration
400,463,7068,8,0,0,4,2,0,5,2,16,4,0,0,1,Information
500,695,4857,7,0,1,0,1,0,1,2,14,1,1,0,1,Information
302,1786,7278,7,2,1,3,3,1,2,0,9,0,1,0,0,Session
200,170,2905,1,1,0,4,3,0,0,0,1,0,0,0,0,Header
200,689,5451,4,1,2,4,0,1,1,1,3,3,1,0,0,Authentication
301,222,1876,2,0,0,0,2,0,0,0,1,0,0,0,0,Header
500,465,9459,2,3,0,0,0,0,5,0,19,3,0,1,0,Session
500,758,4208,6,2,0,2,2,0,7,2,10,4,1,0,1,Input Validation
403,800,6428,9,3,2,3,3,0,0,0,18,1,0,0,1,Authorization
422,734,1969,6,2,0,2,2,1,7,3,8,2,1,0,1,Input Validation
200,136,2243,3,1,0,1,1,0,0,0,4,0,0,0,0,Header
403,1555,6560,9,0,0,1,1,0,4,1,7,1,1,0,0,Configuration
200,58,2718,3,1,0,3,1,0,0,0,1,1,0,0,0,Header
400,1862,9095,3,4,0,1,3,1,4,0,11,2,0,1,0,Information
403,699,3378,9,0,1,1,1,1,2,1,18,0,1,1,1,Authorization
500,1345,4451,6,1,0,4,2,1,7,2,8,1,0,0,1,Input Validation
422,1463,4140,5,0,0,3,3,0,6,3,7,2,0,0,1,Input Validation
500,877,3291,7,1,1,0,3,1,2,2,7,4,1,1,1,Configuration
301,285,1673,4,0,1,3,2,0,0,0,1,0,0,0,0,Header
500,507,1574,6,2,2,4,0,0,2,2,19,2,1,0,1,Information
200,195,2609,4,1,0,3,3,0,0,0,3,0,0,0,0,Header
200,614,3396,3,2,0,0,3,0,6,3,4,3,1,1,0,Input Validation
403,1121,2358,8,2,1,1,2,1,4,2,5,2,0,1,1,Configuration
301,195,2044,2,0,1,2,0,0,0,0,2,0,0,0,0,Header
200,104,2424,4,0,0,0,2,0,0,0,3,0,0,0,0,Header
200,93,2986,4,0,0,3,1,0,0,0,2,1,0,0,0,Header
301,171,533,4,0,0,2,2,0,0,0,3,1,0,0,0,Header
500,265,2890,5,1,0,4,0,1,6,1,7,2,1,1,1,Input Validation
200,179,2807,4,0,1,1,1,0,0,0,1,1,0,0,0,Header
400,568,1075,6,2,2,2,0,0,0,2,19,3,0,1,0,Session
200,1337,1330,8,4,1,3,3,0,4,2,12,0,0,1,1,Session
200,30,15957,9,0,0,3,1,0,0,0,2,2,0,0,0,Safe
200,1005,4859,6,2,0,4,1,0,5,3,9,3,1,1,1,Input Validation
403,699,4234,5,0,0,4,3,1,4,1,4,1,1,1,0,Authorization
200,41,12405,14,0,0,2,3,0,0,0,6,1,0,0,0,Safe
302,1497,3299,7,2,1,0,0,0,1,0,10,4,1,1,0,Authorization
200,737,629,4,3,0,1,2,0,4,0,9,3,1,0,0,Authorization
400,546,4115,5,1,0,2,3,0,2,3,3,4,0,0,1,Input Validation
500,587,2132,6,0,0,0,0,1,4,1,10,4,1,1,0,Input Validation
422,1195,3092,4,1,0,3,0,1,4,3,14,2,1,1,1,Input Validation
200,55,9521,9,2,1,2,3,0,3,0,5,3,0,0,0,Session
500,811,3658,8,3,0,4,2,1,1,0,13,0,1,1,0,Configuration
500,1346,3229,9,1,2,4,2,1,2,1,15,2,0,0,0,Session
400,1395,1086,3,1,0,1,2,0,7,3,14,4,1,0,1,Input Validation
500,1244,1747,8,0,2,3,2,0,3,1,12,4,0,1,1,Information
200,357,2796,7,0,2,2,1,1,0,2,12,0,0,1,0,Configuration
400,1263,9636,4,1,1,2,2,0,2,2,17,0,1,1,0,Session
302,663,8200,6,2,1,0,0,0,2,2,17,4,0,1,0,Information
302,322,1529,5,2,1,4,2,1,3,2,6,2,1,0,0,Authentication
403,107,407,3,0,0,3,2,1,5,2,3,2,1,0,1,Information
200,496,6703,9,1,1,3,2,0,3,2,14,4,0,0,1,Configuration
302,1146,9597,5,1,2,2,3,0,2,1,16,0,0,0,1,Authorization
403,1355,6405,8,1,2,3,2,1,0,1,2,2,1,0,0,Information
403,1799,6689,6,0,1,4,2,1,1,1,15,0,0,1,0,Information
200,924,7379,5,3,2,1,0,1,2,1,8,2,1,1,1,Configuration
200,1785,6746,4,4,0,1,0,0,4,2,13,4,0,0,0,Configuration
200,409,2966,7,2,2,1,0,0,4,0,9,1,0,1,0,Session
403,906,9903,2,4,2,0,0,0,1,1,10,4,0,0,1,Authorization
200,107,3958,2,0,0,1,0,0,7,1,14,2,0,1,1,Input Validation
500,704,3680,4,4,0,4,3,0,3,1,5,1,0,0,0,Configuration
500,1035,4585,7,2,1,1,3,0,0,1,14,4,0,1,1,Session
302,540,7394,6,3,0,2,2,1,3,2,3,2,1,0,0,Authentication
500,430,1173,2,2,0,1,3,1,4,2,15,3,1,0,1,Information
403,478,9599,9,4,1,2,1,1,2,2,9,4,1,1,0,Information
304,144,7619,10,1,0,1,1,0,0,0,2,1,0,0,0,Safe
200,89,270,2,0,0,4,1,0,0,0,2,1,0,0,0,Header
403,1077,3264,8,1,1,1,3,0,4,1,6,2,0,0,1,Information
403,437,5554,6,1,0,2,0,1,2,2,1,2,1,0,0,Authentication
200,280,1638,1,1,1,0,1,0,0,0,1,0,0,0,0,Header
200,102,17008,14,0,0,3,3,0,0,0,7,1,0,0,0,Safe
200,277,2515,3,0,1,1,0,0,0,0,2,1,0,0,0,Header
200,1098,9649,4,3,1,1,2,0,2,0,13,0,1,1,1,Configuration
200,859,9269,7,2,2,0,2,1,2,0,16,0,1,0,0,Configuration
302,125,9648,5,1,1,2,2,0,5,2,8,3,1,0,1,Configuration
500,514,4571,5,4,0,1,3,1,3,1,15,3,0,1,0,Authorization
302,1144,6224,5,3,0,4,0,0,3,2,14,3,0,0,1,Authorization
500,76,7578,5,4,0,3,1,1,1,0,4,4,0,0,1,Authorization
500,1941,2681,5,3,2,3,0,0,2,2,6,3,0,0,0,Authorization
403,1123,1973,6,3,2,2,0,1,1,0,12,1,0,1,0,Authorization
403,1220,8781,7,2,0,4,0,0,2,2,2,2,1,1,1,Authorization
200,1937,243,9,4,2,2,3,0,2,2,4,1,0,1,1,Session
401,397,7635,3,3,0,1,2,1,1,2,8,3,1,0,0,Authentication
302,1244,7598,6,2,2,1,2,0,5,1,17,1,1,1,1,Authorization
403,1866,4973,5,1,0,4,3,0,5,1,15,4,1,1,0,Configuration
403,803,5772,9,1,1,0,1,1,0,1,9,1,1,0,1,Session
403,627,1509,8,0,1,1,0,0,3,0,7,4,1,1,1,Information
302,1201,4527,7,3,0,3,1,1,4,0,1,4,1,1,1,Information
500,172,9715,4,4,0,2,1,0,5,1,12,0,0,0,1,Session
403,1474,8972,7,3,1,4,0,0,3,2,8,2,1,0,0,Authorization
401,525,4678,7,3,2,4,0,1,4,2,9,3,1,0,0,Authentication
500,886,4703,4,0,2,0,3,1,2,2,15,2,0,1,1,Configuration
401,242,4466,4,1,2,0,0,1,1,1,4,2,1,0,0,Authentication
400,1746,5694,5,3,0,3,0,0,3,2,19,2,0,0,0,Session
200,81,2258,1,0,1,2,2,0,0,0,4,1,0,0,0,Header
302,1825,6870,3,2,0,3,0,1,2,2,19,3,0,0,0,Session
302,1115,2757,4,2,1,3,1,0,1,0,3,2,1,1,0,Configuration
400,408,7933,7,3,2,2,0,0,5,0,16,0,0,0,0,Configuration
200,147,359,3,1,0,1,2,0,0,0,4,1,0,0,0,Header
500,840,3669,5,2,2,0,1,0,5,0,19,0,1,1,1,Session
200,769,2273,6,1,0,0,2,1,1,1,5,2,1,0,0,Authentication
200,116,2364,2,0,1,0,1,0,0,0,1,0,0,0,0,Header
200,440,5715,6,1,1,2,3,0,0,0,2,3,0,1,0,Authorization
200,100,2625,2,0,0,2,3,0,0,0,1,1,0,0,0,Header
302,805,6030,4,0,1,3,3,0,2,2,4,4,0,0,1,Information
200,1717,7937,7,2,1,3,3,1,3,1,7,4,0,0,1,Configuration
200,153,7711,13,0,0,4,1,0,0,0,7,1,0,0,0,Safe
200,52,6589,12,1,0,2,2,0,0,0,1,1,0,0,0,Safe
401,210,1246,7,3,1,3,2,1,4,2,6,2,1,0,0,Authentication
400,1795,521,6,1,0,3,2,0,1,2,4,2,1,1,0,Session
200,1295,4678,3,0,0,0,0,0,4,3,8,4,1,1,0,Input Validation
200,1003,4624,7,4,2,4,1,0,2,1,7,1,0,0,0,Session
200,397,528,5,2,2,4,0,1,2,1,8,3,1,0,0,Authentication
403,1764,656,9,4,2,0,3,1,4,0,7,1,0,1,1,Authorization
500,365,1714,2,0,0,1,3,0,2,2,10,4,0,0,0,Input Validation
200,54,1653,2,0,0,3,1,0,0,0,3,1,0,0,0,Header
403,228,1179,4,0,0,3,1,0,1,2,8,4,0,0,0,Authorization
302,115,4541,7,2,2,3,2,1,4,2,9,3,1,0,0,Authentication
301,55,2897,2,1,0,3,3,0,0,0,1,0,0,0,0,Header
422,1398,2073,5,2,0,3,3,1,4,1,4,4,0,1,0,Input Validation
500,459,5830,3,2,1,4,1,0,3,1,16,3,1,0,1,Authorization
200,104,3341,12,0,0,0,0,0,0,0,6,2,0,0,0,Safe
400,1948,5114,9,4,2,1,2,0,0,0,7,2,0,1,1,Configuration
401,484,1181,4,3,1,2,0,1,4,1,9,3,1,0,0,Authentication
500,1662,6872,5,0,0,1,0,1,1,0,6,2,0,0,1,Authorization
200,217,5366,7,3,0,2,1,1,0,2,8,1,1,0,0,Authentication
200,202,2576,2,3,1,2,1,0,1,0,19,2,0,1,1,Configuration
200,1115,4676,3,3,2,1,1,0,4,0,6,4,1,1,1,Information
400,600,1101,3,0,1,3,3,1,4,0,15,3,0,1,0,Information
302,1461,371,8,2,0,3,0,0,4,2,18,1,0,0,1,Configuration
200,114,5212,10,1,0,0,1,0,0,0,5,2,0,0,0,Safe
500,1371,9479,9,4,0,1,3,1,0,2,2,3,0,0,1,Configuration
500,1224,278,6,0,2,1,3,1,0,0,2,0,0,1,0,Information
200,224,2845,3,1,0,3,3,0,0,0,1,0,0,0,0,Header
403,1540,993,8,0,2,0,3,0,2,2,14,0,0,1,1,Configuration
400,354,1267,8,2,1,3,3,1,2,1,17,4,0,0,0,Configuration
200,35,1013,3,1,0,0,2,0,0,0,1,1,0,0,0,Header
200,144,1407,3,0,1,4,1,0,0,0,3,1,0,0,0,Header
302,271,5422,5,2,2,0,0,1,0,1,8,2,1,0,0,Authentication
400,436,3929,6,2,0,2,3,1,3,2,9,2,0,1,0,Configuration
200,194,2124,3,0,0,2,3,0,0,0,1,1,0,0,0,Header
403,1760,5665,4,3,1,4,0,0,0,2,18,1,1,1,1,Information
403,320,5157,6,3,2,2,1,1,4,1,2,1,1,0,0,Authentication
403,802,7024,2,1,1,3,1,0,4,1,18,4,0,0,1,Authorization
200,491,3839,6,0,0,4,0,1,4,1,3,2,1,0,0,Input Validation
200,229,796,3,1,0,0,2,0,6,1,5,4,1,0,0,Input Validation
200,758,1549,2,1,0,2,3,1,5,1,2,4,1,0,1,Session
200,944,6340,2,3,0,1,2,0,2,0,10,0,0,1,1,Information
200,106,6501,9,1,0,0,0,0,0,0,2,1,0,0,0,Safe
500,220,394,6,1,0,1,2,1,2,1,2,1,1,0,0,Configuration
422,1419,4765,3,0,0,3,1,0,5,2,12,1,0,1,1,Input Validation
403,1371,7702,9,2,1,3,3,0,5,0,17,0,1,1,0,Information
200,1000,8095,4,4,1,2,3,1,4,2,9,1,1,0,0,Authorization
302,1832,8413,2,0,2,2,3,0,2,0,12,1,0,1,0,Configuration
401,759,2456,3,3,0,2,0,1,4,2,6,2,1,0,0,Authentication
400,685,4160,4,2,0,3,0,0,5,3,3,2,0,1,1,Input Validation
200,758,201,3,1,0,4,0,0,5,2,7,4,0,1,0,Input Validation
500,1131,9513,4,1,1,4,0,0,1,0,7,3,0,1,0,Authorization
200,753,5838,3,1,0,1,2,1,1,1,7,2,1,0,0,Authentication
500,1227,2560,3,0,0,0,2,0,2,1,18,2,0,0,0,Configuration
403,1809,2665,8,1,2,1,1,1,3,0,17,0,1,0,0,Session
200,233,155,4,0,1,2,3,0,0,0,1,1,0,0,0,Header
400,229,4934,5,1,0,4,2,0,5,2,11,1,0,1,0,Input Validation
400,1190,3337,2,4,1,0,0,1,4,0,2,0,1,1,1,Session
200,1346,4312,3,1,2,4,0,1,4,1,13,0,1,1,1,Configuration
500,1155,1652,2,0,0,3,1,0,3,2,11,3,0,0,0,Configuration
200,346,4826,3,1,0,0,1,1,7,1,3,4,0,0,1,Input Validation
400,322,8196,5,0,2,2,2,0,1,2,8,3,1,0,1,Information
403,961,1312,7,0,0,0,1,1,1,0,7,3,1,1,1,Session
200,1407,2813,3,0,1,0,0,1,2,0,11,1,1,1,1,Authorization
302,605,6148,6,1,1,4,3,1,3,1,10,0,0,0,0,Configuration
301,159,2743,4,0,1,2,2,0,0,0,4,1,0,0,0,Header
301,191,1632,2,1,0,3,1,0,0,0,2,1,0,0,0,Header
500,1124,8267,8,2,1,3,2,0,2,0,16,2,0,0,0,Information
200,634,1916,6,0,0,2,0,1,2,2,6,4,0,0,0,Input Validation
301,64,730,2,0,1,1,3,0,0,0,2,1,0,0,0,Header
302,571,5229,3,1,2,2,0,1,3,1,4,2,1,0,0,Authentication
302,1158,7388,5,1,0,2,1,1,0,1,2,4,0,0,0,Authorization
200,51,3067,4,3,0,3,1,1,4,2,8,1,1,0,0,Authentication
500,1599,9043,7,1,0,4,3,1,5,2,7,0,0,1,1,Configuration
500,1629,2703,3,1,1,0,2,1,5,2,10,4,1,1,0,Information
200,1516,8219,5,0,1,2,1,1,0,1,10,1,0,0,0,Configuration
200,392,5072,3,1,1,1,2,1,0,1,2,3,1,0,0,Authentication
500,1831,4597,7,4,1,3,0,1,3,0,11,1,1,1,1,Information
200,1165,3162,3,0,0,2,1,0,4,2,2,4,1,1,0,Input Validation
200,161,504,4,2,1,4,2,1,4,1,8,3,1,0,0,Authentication
401,157,5263,4,1,0,3,1,1,4,1,8,3,1,0,0,Authentication
403,378,3144,6,4,2,1,3,0,0,0,14,1,0,1,1,Session
403,465,8546,8,3,0,0,3,0,3,1,5,4,0,1,0,Information
400,1560,2608,8,2,1,4,2,1,4,1,12,3,1,0,1,Authorization
403,1594,4008,7,3,1,3,3,0,4,1,14,1,0,0,1,Information
400,1198,1265,5,0,0,0,2,1,2,1,4,2,0,0,0,Input Validation
200,112,281,3,1,1,3,2,0,0,0,2,1,0,0,0,Header
301,127,1543,1,0,0,4,0,0,0,0,2,0,0,0,0,Header
200,124,2497,11,0,0,0,2,0,0,0,5,1,0,0,0,Safe
200,105,965,2,0,0,1,0,0,0,0,4,0,0,0,0,Header
302,219,7757,3,2,1,3,0,1,2,1,4,3,1,0,0,Authentication
200,521,3915,8,2,2,1,2,1,0,1,16,0,0,0,0,Configuration
422,577,3691,4,1,0,0,1,1,2,2,8,4,0,1,0,Input Validation
401,93,4426,7,3,2,3,3,1,4,1,1,2,1,0,0,Authentication
400,463,8336,3,3,2,4,3,0,0,0,4,2,1,1,0,Information
200,346,4544,7,2,1,1,1,1,2,2,3,1,1,0,0,Authentication
401,792,3649,7,2,0,0,0,1,0,1,9,2,1,0,0,Authentication
500,1294,2394,5,1,0,0,0,1,2,2,14,3,0,1,1,Input Validation
200,946,4125,4,4,2,3,3,1,5,0,5,4,1,0,1,Configuration
200,116,15072,10,1,0,4,2,0,0,0,1,2,0,0,0,Safe
200,84,2103,4,1,0,1,0,0,0,0,4,0,0,0,0,Header
200,116,2348,1,0,1,2,2,0,0,0,4,0,0,0,0,Header
302,91,414,5,0,0,2,2,1,5,2,17,4,0,1,0,Session
200,58,7067,12,1,0,0,0,0,0,0,6,0,0,0,0,Safe
400,1737,4209,6,1,1,0,2,1,1,0,11,2,0,0,0,Configuration
403,1338,1019,5,4,2,2,2,0,3,0,17,4,0,1,0,Configuration
403,903,7294,5,1,2,0,0,1,3,1,2,3,1,1,1,Authorization
200,762,7467,8,2,2,1,0,1,3,1,4,3,1,0,1,Configuration
400,767,9465,8,3,0,3,2,1,0,0,7,0,0,1,1,Configuration
302,859,9673,5,3,2,1,1,1,5,1,17,3,0,1,0,Configuration
200,148,809,2,1,0,1,2,0,0,0,2,1,0,0,0,Header
302,1430,8277,9,2,2,1,2,0,4,0,16,0,0,0,1,Information
302,1304,6843,2,3,1,2,0,1,1,0,13,2,0,1,1,Information
304,22,1187,13,0,0,3,0,0,0,0,5,1,0,0,0,Safe
400,311,6004,5,0,2,0,0,1,0,0,2,3,1,0,0,Information
200,256,541,4,1,0,3,2,0,0,0,3,0,0,0,0,Header
500,542,7535,6,1,0,0,3,1,4,2,3,4,1,0,1,Configuration
302,1947,5335,3,2,2,2,0,0,4,1,6,0,0,1,1,Information
302,513,6639,8,0,0,2,1,0,2,1,6,1,1,1,1,Configuration
302,633,4248,3,1,1,1,2,1,4,1,2,2,1,0,0,Authentication
401,528,1331,4,3,1,2,3,1,3,2,7,1,1,0,0,Authentication
302,659,4239,4,2,0,0,3,1,2,1,7,1,1,0,0,Authentication
403,1865,4033,3,4,2,1,3,0,1,2,6,4,0,1,1,Authorization
200,67,850,10,0,0,4,1,0,0,0,5,1,0,0,0,Safe
403,943,7270,9,4,2,0,1,1,2,2,1,4,0,0,1,Configuration
200,130,4933,10,0,0,2,2,0,0,0,7,2,0,0,0,Safe
200,113,2086,3,0,1,1,1,0,0,0,4,0,0,0,0,Header
200,357,4201,5,1,0,4,2,1,3,2,6,1,0,1,1,Input Validation
302,1462,9297,3,4,0,4,1,1,3,1,8,4,1,0,0,Configuration
200,308,1447,7,3,2,4,1,1,2,2,6,2,1,0,0,Authentication
200,116,13416,14,1,0,4,3,0,0,0,3,1,0,0,0,Safe
403,313,7325,7,1,0,4,3,0,5,1,10,4,1,1,1,Information
500,1415,938,8,0,0,3,3,1,5,0,1,0,0,0,0,Authorization
304,48,18724,10,1,0,3,3,0,0,0,7,0,0,0,0,Safe
200,193,382,2,1,1,0,0,0,0,0,1,0,0,0,0,Header
200,199,5260,13,0,0,2,1,0,0,0,5,1,0,0,0,Safe
302,875,3770,3,3,1,4,3,0,3,0,1,0,0,0,0,Session
302,544,4641,5,2,0,1,0,1,0,2,3,3,1,0,0,Authentication
200,278,1902,1,0,1,2,3,0,0,0,3,0,0,0,0,Header
422,1077,1705,2,1,0,1,2,0,4,3,4,4,0,0,1,Input Validation
302,1050,6114,8,3,1,4,3,1,3,0,1,3,1,0,1,Authorization
403,488,1852,9,1,2,0,0,1,2,1,11,4,1,0,0,Information
200,791,4476,3,1,0,0,1,1,3,1,5,4,1,0,0,Input Validation
302,1670,7603,5,2,0,0,0,1,3,1,14,2,0,0,1,Configuration
200,31,854,1,0,0,4,1,0,0,0,4,1,0,0,0,Header
200,276,1135,3,0,0,1,1,0,0,0,4,1,0,0,0,Header
304,125,4567,11,1,0,0,1,0,0,0,1,0,0,0,0,Safe
200,172,2537,4,1,0,4,3,0,0,0,2,1,0,0,0,Header
403,1304,819,4,2,2,1,1,1,5,0,10,1,1,0,1,Authorization
200,1386,7241,6,3,2,0,3,1,4,1,12,4,1,0,0,Information
302,1105,7556,7,2,1,1,3,0,2,1,9,1,1,1,0,Configuration
200,1764,1264,8,3,2,0,1,0,5,0,12,3,0,1,1,Session
400,157,1329,5,1,0,2,2,0,3,1,8,3,1,1,0,Input Validation
400,75,412,7,4,1,2,3,1,0,1,12,0,1,1,0,Configuration
200,114,2247,4,1,1,3,1,0,0,0,1,0,0,0,0,Header
200,480,741,3,0,0,0,2,1,2,3,6,3,0,1,1,Input Validation
301,55,2174,2,0,1,1,1,0,0,0,1,0,0,0,0,Header
200,258,2102,1,0,1,1,3,0,0,0,4,1,0,0,0,Header
403,1958,7956,3,4,1,4,3,0,2,2,1,2,1,1,0,Configuration
500,600,3076,3,0,0,1,0,1,5,1,6,1,1,1,0,Session
200,276,545,1,1,1,1,2,0,0,0,4,0,0,0,0,Header
301,133,1045,1,0,0,0,1,0,0,0,1,0,0,0,0,Header
403,947,7164,6,1,2,1,1,0,5,2,10,2,1,0,1,Configuration
200,239,714,1,1,1,4,2,0,0,0,3,0,0,0,0,Header
200,120,1698,1,1,1,4,0,0,0,0,2,0,0,0,0,Header
400,1479,455,4,1,1,4,2,1,5,2,10,0,0,1,1,Configuration
401,713,1738,4,2,2,2,3,1,1,1,3,2,1,0,0,Authentication
200,116,1272,1,0,0,2,1,0,0,0,3,1,0,0,0,Header
200,1140,2886,4,1,0,3,2,1,5,2,9,2,1,0,1,Input Validation
500,316,5288,4,2,0,1,3,0,0,2,14,4,0,1,1,Authorization
200,179,4571,3,3,2,1,2,1,4,1,5,1,1,0,0,Authentication
403,1328,4233,5,1,0,1,0,1,1,1,9,0,0,0,0,Information
500,964,7827,2,0,2,2,3,1,4,1,7,4,0,0,1,Authorization
500,517,1538,6,0,1,3,3,1,1,0,13,1,0,0,1,Information
403,698,5195,3,1,0,3,2,1,1,2,4,0,0,0,1,Information
302,1353,5524,3,3,1,4,3,0,2,1,18,4,0,0,1,Configuration
200,1226,8056,2,0,2,0,1,1,4,1,19,4,0,1,0,Session
200,1816,5749,2,0,0,0,2,0,5,2,5,1,1,0,1,Information
200,30,1358,9,0,0,4,1,0,0,0,7,0,0,0,0,Safe
200,65,1947,6,3,0,4,1,1,2,2,1,1,1,0,0,Authentication
200,1189,1872,5,0,0,4,1,0,5,2,8,1,0,0,0,Input Validation
302,992,8528,3,0,1,1,1,0,5,2,10,0,1,1,1,Authorization
200,158,6322,5,1,2,3,1,1,1,1,9,3,1,0,0,Authentication
200,125,5521,12,1,0,2,2,0,0,0,7,2,0,0,0,Safe
403,1039,6646,5,2,0,4,2,0,1,2,12,1,1,0,1,Information
422,158,3130,4,1,0,2,3,0,4,1,3,3,1,1,1,Input Validation
500,494,1926,5,2,0,4,2,1,5,3,8,1,0,1,0,Input Validation
200,168,4271,11,1,0,1,2,0,0,0,5,0,0,0,0,Safe
200,1706,4566,4,4,0,1,1,0,2,0,17,2,0,1,1,Configuration
500,711,3283,6,1,0,1,2,0,6,1,8,2,1,1,1,Input Validation
400,1417,7550,3,4,1,1,3,0,2,1,1,1,1,1,0,Configuration
200,170,10696,9,0,0,1,2,0,0,0,4,0,0,0,0,Safe
200,43,9309,13,0,0,4,3,0,0,0,4,2,0,0,0,Safe
200,117,4881,14,0,0,1,0,0,0,0,5,1,0,0,0,Safe
403,1263,2623,8,4,1,3,1,1,3,0,7,3,0,0,1,Configuration
302,299,6135,4,3,2,2,2,0,4,2,14,1,1,0,1,Authorization
500,1164,2420,3,0,0,3,1,1,2,3,8,3,0,1,0,Input Validation
200,196,6386,6,1,2,0,3,1,1,1,6,3,1,0,0,Authentication
302,1532,5651,3,3,1,2,2,1,3,0,2,0,0,1,0,Authorization
500,282,911,6,1,0,3,0,0,7,3,9,1,0,1,0,Input Validation
200,559,6171,7,1,1,0,1,1,1,1,8,3,1,0,0,Authentication
500,1383,1877,2,2,1,1,1,1,2,2,11,2,0,1,1,Configuration
500,1292,8639,9,1,2,3,2,0,0,2,14,3,1,1,0,Session
403,1186,4160,6,4,1,4,0,1,5,2,13,0,1,0,0,Configuration
200,418,732,5,3,1,0,0,1,0,1,6,3,1,0,0,Authentication
200,923,3631,2,1,0,3,0,1,5,3,14,4,0,1,0,Input Validation
403,1153,3818,7,4,2,0,1,0,2,2,12,2,0,0,1,Information
500,556,2480,3,0,0,4,2,0,5,1,9,4,0,1,0,Input Validation
302,333,4094,8,0,1,3,0,0,5,2,13,4,0,0,0,Session
200,152,16512,11,0,0,0,2,0,0,0,3,2,0,0,0,Safe
500,161,1332,6,2,0,1,1,1,2,3,2,2,0,1,1,Input Validation
400,801,1259,8,3,1,4,0,1,2,1,18,3,1,0,1,Configuration
500,910,4812,5,1,2,3,3,1,0,2,9,1,1,1,1,Information
302,1024,323,7,1,2,3,2,1,5,1,5,1,1,1,0,Information
302,805,9401,8,2,1,0,3,0,3,1,5,0,1,0,0,Configuration
200,1315,1743,4,2,0,4,1,1,4,2,9,1,0,0,1,Input Validation
302,1016,989,2,0,0,2,2,1,3,1,17,3,1,1,1,Session
200,103,5107,9,0,0,3,2,0,0,0,3,1,0,0,0,Safe
200,179,8958,13,1,0,2,0,0,0,0,6,2,0,0,0,Safe
200,123,10665,11,0,0,2,2,0,0,0,2,0,0,0,0,Safe
400,352,4457,9,1,2,0,0,1,4,1,7,0,0,1,0,Session
200,1976,2786,3,0,0,0,2,1,2,0,12,2,0,1,1,Authorization
500,1608,4790,3,4,2,0,3,1,2,2,13,1,0,0,0,Session
403,1916,128,3,4,2,4,0,0,4,2,7,4,0,1,0,Authorization
500,1611,714,4,2,0,2,2,1,2,1,6,0,0,0,0,Information
200,1226,3908,8,0,2,1,1,1,2,0,1,4,0,1,0,Configuration
401,767,1298,5,1,2,4,3,1,4,2,5,1,1,0,0,Authentication
200,563,5722,7,4,1,3,0,0,5,0,7,3,0,1,1,Configuration
500,1119,5363,7,3,0,3,3,1,2,0,19,0,1,0,1,Information
302,607,6756,5,1,0,4,1,1,4,1,9,2,1,0,0,Authentication
400,1392,9921,4,3,0,2,0,1,0,0,11,0,0,1,1,Configuration
403,503,4411,5,2,2,2,1,0,4,0,6,0,1,1,1,Configuration
200,108,2198,4,1,1,4,1,0,0,0,2,0,0,0,0,Header
400,647,2177,5,1,0,2,3,1,3,3,8,3,1,1,0,Input Validation
200,213,1787,1,1,0,4,0,0,0,0,2,1,0,0,0,Header
200,227,1179,3,0,0,4,3,0,0,0,4,1,0,0,0,Header
200,1635,6314,8,1,1,3,0,1,1,1,11,1,0,1,1,Authorization
400,1138,4964,4,1,0,3,0,0,4,2,12,3,1,0,1,Authorization
403,1526,8315,5,4,0,1,1,1,5,1,1,0,0,0,0,Configuration
500,898,1408,4,2,1,2,1,1,3,2,10,1,1,1,0,Configuration
500,683,205,3,0,1,3,2,0,5,1,14,0,0,0,1,Configuration
500,267,756,5,0,0,0,3,1,3,2,12,3,0,1,0,Input Validation
200,66,586,3,1,0,4,0,0,0,0,4,1,0,0,0,Header
200,190,897,3,1,1,1,2,0,0,0,1,1,0,0,0,Header
403,86,2791,6,0,0,1,0,0,1,0,19,0,1,0,0,Configuration
302,882,2540,5,2,0,4,0,1,5,0,7,3,0,0,0,Information
302,1264,2207,6,0,0,2,3,1,4,2,2,0,1,0,1,Authorization
200,98,10235,9,1,0,4,3,0,0,0,4,1,0,0,0,Safe
302,153,7385,4,1,0,1,1,1,1,1,2,1,1,0,0,Authentication
500,999,3409,2,1,0,3,1,1,2,2,8,1,1,1,1,Input Validation
200,1206,9074,2,3,2,4,2,0,0,1,13,2,1,1,1,Configuration
500,898,1816,2,1,0,4,0,0,3,1,7,2,0,0,0,Input Validation
200,161,2503,2,1,0,2,0,0,0,0,2,0,0,0,0,Header
302,92,3449,7,1,1,1,3,1,3,0,8,1,0,0,0,Information
302,1631,3285,4,2,2,4,2,1,3,0,18,0,1,1,1,Configuration
403,164,4242,4,3,0,4,1,1,3,2,7,1,1,0,0,Authentication
200,182,1198,4,0,1,0,2,0,0,0,3,1,0,0,0,Header
403,72,6768,2,1,1,0,3,0,2,0,13,4,1,1,1,Configuration
200,1185,3267,7,1,0,0,0,0,1,2,4,2,1,1,0,Information
200,64,15748,10,1,0,2,0,0,0,0,1,2,0,0,0,Safe
400,1393,2665,2,1,0,1,3,1,3,2,10,3,0,0,1,Input Validation
302,285,5449,3,1,1,2,0,1,4,2,5,3,1,0,0,Authentication
200,129,9639,11,0,0,3,3,0,0,0,6,2,0,0,0,Safe
400,262,8727,5,3,2,4,0,0,3,0,13,1,1,1,0,Information
200,187,3348,6,1,0,3,0,1,3,2,7,1,1,0,0,Input Validation
200,1266,2599,2,0,0,4,1,0,3,1,12,4,1,0,0,Input Validation
400,1062,2324,8,2,0,2,1,0,5,2,12,1,0,1,1,Information
301,228,1394,4,1,1,0,1,0,0,0,4,0,0,0,0,Header
200,1637,9628,4,1,1,3,0,1,0,1,9,1,0,0,0,Authorization
500,371,4276,5,0,0,0,1,0,7,2,5,2,0,0,1,Input Validation
200,1560,6866,2,2,0,2,2,0,4,2,19,0,1,0,0,Information
200,175,3429,5,0,0,2,0,1,2,3,11,2,0,0,0,Input Validation
200,62,6038,9,3,0,3,0,1,2,0,13,4,0,0,1,Information
200,183,4188,9,1,0,3,1,0,0,0,1,0,0,0,0,Safe
400,501,2853,5,0,0,3,0,1,6,1,12,4,0,1,1,Input Validation
200,135,14163,8,1,0,0,0,0,0,0,1,2,0,0,0,Safe
500,666,8438,8,0,1,1,3,0,1,1,14,0,1,1,0,Information
200,191,1744,14,0,0,2,3,0,0,0,2,1,0,0,0,Safe
400,1800,596,9,3,2,3,1,0,4,1,1,3,1,0,1,Authorization
302,1922,9507,9,3,2,4,3,1,3,2,13,2,0,1,0,Information
403,634,1575,6,1,0,3,1,1,4,2,2,3,1,0,0,Authentication
200,1655,4399,6,3,2,1,1,1,1,0,10,1,1,0,0,Configuration
200,96,1877,3,0,0,3,0,0,0,0,4,1,0,0,0,Header
200,1816,8383,8,4,0,3,1,1,2,1,1,0,0,1,1,Information
200,109,14395,13,1,0,1,2,0,0,0,1,0,0,0,0,Safe
200,1342,4893,4,2,0,4,3,0,3,1,3,4,0,0,1,Session
200,252,217,2,1,0,2,2,0,0,0,2,0,0,0,0,Header
200,55,1333,4,0,0,2,0,0,0,0,4,0,0,0,0,Header
400,1783,1713,5,1,0,4,2,1,2,2,19,1,0,1,1,Session
200,97,1696,3,0,1,1,0,0,0,0,3,0,0,0,0,Header
200,1162,6676,7,1,2,2,0,1,5,0,16,2,0,1,0,Session
302,1412,5869,7,0,0,2,1,0,2,2,7,1,0,0,1,Configuration
401,730,6487,5,3,0,0,0,1,3,1,9,3,1,0,0,Authentication
400,1453,464,3,3,0,0,1,1,0,1,18,2,1,0,0,Configuration
200,216,2690,4,1,0,2,1,0,0,0,3,1,0,0,0,Header
200,53,1841,4,1,0,3,1,0,0,0,4,0,0,0,0,Header
400,216,3106,8,1,0,3,0,0,0,2,18,2,1,0,1,Information
302,289,2680,6,0,2,2,1,0,5,1,13,4,0,0,1,Configuration
500,424,4737,5,1,0,1,3,1,3,1,6,4,0,0,0,Input Validation
200,459,8752,4,3,0,4,2,0,5,0,17,0,0,1,0,Session
200,1522,356,9,1,1,2,0,0,3,2,18,1,0,1,0,Configuration
200,943,3163,3,2,0,2,0,1,5,1,3,1,1,1,0,Input Validation
200,177,329,4,0,1,1,0,0,0,0,4,1,0,0,0,Header
403,1986,3744,8,2,2,1,0,1,2,1,9,2,0,0,0,Information
403,129,5242,6,3,2,0,2,1,2,2,4,2,1,0,0,Authentication
200,256,1996,2,1,0,2,3,0,0,0,3,0,0,0,0,Header
200,1620,1459,9,4,1,0,3,0,1,0,13,1,1,0,1,Configuration
403,498,3599,5,2,0,1,0,1,5,0,9,4,0,0,1,Configuration
302,1691,171,4,1,0,0,0,0,2,1,13,2,0,0,0,Information
200,672,2846,3,1,0,1,2,0,2,2,12,1,1,1,0,Input Validation
200,155,146,2,1,0,2,3,0,0,0,3,0,0,0,0,Header
400,1890,940,3,0,2,3,2,1,5,1,5,2,1,0,1,Information
200,756,3182,3,2,0,4,3,0,6,3,6,4,1,0,1,Input Validation
200,349,771,3,4,1,3,0,1,2,0,4,0,1,0,1,Configuration
200,158,2438,4,0,1,2,3,0,0,0,1,0,0,0,0,Header
400,700,4484,6,1,0,1,3,0,7,2,12,1,1,1,0,Input Validation
200,712,8743,6,4,2,4,1,0,1,2,6,2,0,0,0,Information
400,1522,3318,7,0,1,0,0,0,5,0,13,0,1,0,0,Configuration
200,1746,6568,7,0,1,0,0,1,1,1,9,4,0,0,1,Session
401,516,1098,7,1,0,1,0,1,4,2,3,1,1,0,0,Authentication
500,1774,6906,7,3,1,4,2,0,4,0,8,3,1,1,0,Information
500,1879,9797,3,1,0,3,2,1,1,0,1,3,1,0,0,Authorization
200,136,7749,6,2,0,1,0,1,2,2,3,2,1,0,0,Authentication
500,945,1092,4,1,0,0,1,1,2,1,3,3,1,0,0,Input Validation
200,252,5012,7,3,1,4,0,1,0,1,1,2,1,0,0,Authentication
200,262,2637,1,1,0,3,0,0,0,0,2,1,0,0,0,Header
400,136,6069,3,3,0,4,0,0,0,2,13,3,1,1,1,Information
400,1110,3972,8,4,2,0,1,1,5,1,19,3,1,1,1,Information
200,219,2727,3,1,0,2,3,0,0,0,3,1,0,0,0,Header
200,294,2156,1,0,0,3,0,0,0,0,1,1,0,0,0,Header
500,1196,5252,2,3,1,0,2,0,2,1,17,1,0,0,1,Configuration
400,1098,4875,4,1,1,4,2,0,1,0,7,0,0,1,0,Authorization
200,1233,2697,7,2,0,3,0,0,2,0,13,4,1,0,0,Configuration
200,79,1563,4,0,0,1,1,0,0,0,1,0,0,0,0,Header
500,1090,2373,7,2,0,2,2,0,5,1,13,4,0,0,1,Session
500,1857,4748,3,4,0,0,2,1,3,0,9,3,1,1,1,Information
401,220,2368,5,1,0,3,3,1,4,1,9,3,1,0,0,Authentication
500,118,4737,2,0,2,4,1,1,4,2,13,4,1,0,0,Information
400,259,9179,5,1,1,0,0,0,4,0,8,2,0,0,1,Information
400,1934,8833,8,1,2,2,0,1,5,0,10,3,0,0,0,Session
400,192,6212,2,2,2,4,1,1,3,0,13,0,0,0,1,Information
200,204,1689,4,1,0,0,0,0,0,0,1,1,0,0,0,Header
200,723,2086,6,2,0,2,1,1,3,1,14,1,0,1,1,Input Validation
200,41,4451,12,1,0,2,0,0,0,0,7,2,0,0,0,Safe
500,1260,2583,6,0,0,1,2,0,5,2,9,4,1,0,1,Input Validation
200,218,1701,2,0,1,0,3,0,0,0,1,1,0,0,0,Header
403,1879,9732,3,4,1,0,0,1,5,1,16,4,0,0,1,Authorization
200,483,6531,7,2,0,4,2,0,5,1,1,4,1,0,1,Information
302,516,5320,8,2,0,4,1,1,5,0,12,3,0,1,0,Configuration
200,1209,1620,6,0,0,0,2,0,6,1,5,2,0,0,1,Input Validation
403,119,5658,2,3,2,0,3,0,4,0,10,4,0,1,0,Authorization
401,67,543,5,3,1,0,2,1,0,1,2,1,1,0,0,Authentication
200,1182,1097,2,2,0,4,2,0,3,1,3,3,0,1,1,Input Validation
400,646,2514,6,0,0,3,0,1,5,2,5,2,1,0,0,Input Validation
200,115,2467,1,1,1,0,1,0,0,0,3,1,0,0,0,Header
200,140,816,4,1,0,1,2,0,0,0,1,1,0,0,0,Header
302,320,3631,5,3,0,1,1,1,4,2,9,3,1,0,0,Authentication
302,1808,845,6,3,0,3,3,1,1,1,18,3,0,0,0,Authorization
400,1720,8332,9,2,0,1,2,1,4,1,16,3,1,1,0,Session
200,444,6093,3,3,2,4,1,1,2,2,2,3,1,0,0,Authentication
500,1364,4458,5,0,0,2,3,0,6,2,10,4,0,0,1,Input Validation
200,1462,2302,6,2,0,3,0,0,6,1,8,3,1,0,1,Input Validation
400,244,1650,2,0,0,0,0,1,4,2,6,0,0,1,0,Information
403,1960,7318,2,3,2,0,1,0,4,2,8,0,1,1,1,Authorization
200,108,1001,1,0,0,4,0,0,0,0,1,1,0,0,0,Header
302,1767,4108,2,0,0,3,0,1,3,1,10,2,0,1,1,Information
302,1536,8841,4,1,2,3,2,1,2,1,7,3,0,1,1,Authorization
200,63,12920,14,0,0,4,1,0,0,0,3,1,0,0,0,Safe
400,1743,1245,4,4,0,0,0,0,0,1,13,4,0,0,0,Configuration
200,419,1617,6,2,0,4,2,0,7,1,10,2,1,0,1,Input Validation
302,243,2629,4,2,2,0,1,1,0,1,18,1,0,0,0,Session
200,199,1315,11,0,0,1,3,0,0,0,7,2,0,0,0,Safe
302,290,4224,6,3,1,1,1,1,1,2,5,2,1,0,0,Authentication
400,247,1584,5,2,0,1,0,1,6,1,9,3,1,0,1,Input Validation
400,1563,8764,8,4,1,2,1,1,5,1,12,0,0,1,1,Session
401,557,6164,7,3,2,2,0,1,3,1,6,1,1,0,0,Authentication
401,61,7986,7,1,2,3,0,1,0,2,7,3,1,0,0,Authentication
403,1711,2910,6,4,0,1,2,0,0,0,2,2,1,0,1,Authorization
200,602,4553,4,2,2,1,2,1,1,1,9,3,1,0,0,Authentication
403,1338,5845,5,0,2,0,2,0,5,1,16,3,1,1,0,Configuration
500,1385,4705,4,0,0,2,3,1,6,2,2,4,0,1,1,Input Validation
200,264,935,4,0,1,2,0,0,0,0,2,1,0,0,0,Header
200,43,1117,4,1,0,1,0,0,0,0,2,1,0,0,0,Header
302,216,5804,5,2,1,0,3,1,4,0,11,0,1,0,0,Configuration
200,779,7532,7,3,1,0,3,1,1,2,5,2,1,0,0,Authentication
500,492,364,6,2,1,1,0,1,4,2,10,0,0,1,1,Configuration
400,880,9682,2,2,2,1,0,1,2,2,3,1,1,1,1,Configuration
400,280,4314,3,0,0,0,0,0,7,3,7,3,0,0,1,Input Validation
200,679,3811,3,1,0,2,2,0,5,1,7,1,1,0,0,Input Validation
200,1760,7962,9,0,2,2,0,0,1,0,7,0,0,0,1,Authorization
403,887,5492,3,4,1,1,0,1,4,0,16,2,1,1,0,Configuration
422,301,940,3,1,0,0,3,0,2,2,8,2,1,1,0,Input Validation
200,281,500,4,1,1,2,1,0,0,0,3,1,0,0,0,Header
301,63,2922,1,0,0,0,1,0,0,0,3,0,0,0,0,Header
400,1920,4958,7,3,2,4,2,0,4,0,5,3,1,1,0,Configuration
200,83,2546,1,0,0,4,0,0,0,0,3,0,0,0,0,Header
403,1485,7775,7,1,1,3,3,0,1,0,8,0,1,1,0,Configuration
200,619,5247,6,3,2,1,2,1,3,2,5,1,1,0,0,Authentication
200,232,1152,2,0,0,3,3,0,0,0,2,0,0,0,0,Header
200,798,6996,4,1,0,2,2,1,1,1,5,2,1,0,0,Authentication
400,1192,236,6,1,0,2,0,1,7,2,3,1,0,0,1,Input Validation
500,1021,761,7,2,2,2,2,0,1,2,18,1,0,1,1,Configuration
304,150,13388,10,1,0,3,2,0,0,0,3,2,0,0,0,Safe
200,1439,3080,7,4,2,4,3,1,3,0,4,4,1,0,0,Authorization
500,560,1383,9,2,0,1,0,0,1,2,16,3,0,0,1,Session
422,1154,4663,5,2,0,1,3,0,7,3,5,1,1,1,0,Input Validation
400,284,8844,6,4,1,2,0,0,0,1,5,4,1,1,1,Authorization
400,497,782,4,0,0,4,3,0,7,1,3,3,1,1,1,Input Validation
400,969,2374,8,2,1,4,0,1,2,2,12,0,1,0,1,Authorization
200,106,1404,4,0,1,4,1,0,0,0,4,0,0,0,0,Header
200,141,1803,3,0,1,4,0,0,0,0,2,1,0,0,0,Header
500,1035,6257,8,4,1,4,0,1,3,1,1,3,0,1,0,Information
200,119,1431,3,1,1,2,3,0,0,0,1,0,0,0,0,Header
403,1727,707,3,2,1,3,3,0,2,0,13,0,0,0,1,Configuration
200,985,6203,5,4,2,3,3,0,2,2,15,2,0,0,0,Session
200,1167,2984,2,1,0,0,2,0,6,1,9,4,0,0,1,Input Validation
200,705,7744,8,4,2,0,1,0,5,2,7,2,0,1,0,Configuration
200,67,7427,6,1,2,4,1,1,1,2,1,2,1,0,0,Authentication
301,106,123,3,1,0,2,3,0,0,0,1,0,0,0,0,Header
200,105,2519,1,1,0,4,0,0,0,0,2,0,0,0,0,Header
302,117,6587,6,0,2,0,0,0,3,2,15,1,1,0,0,Configuration
200,89,2555,1,0,0,2,1,0,0,0,3,1,0,0,0,Header
500,1309,5779,6,0,0,1,2,1,4,0,19,3,1,0,0,Information
200,37,1068,3,1,0,4,3,0,0,0,1,0,0,0,0,Header
200,604,5020,7,1,1,3,0,1,3,1,4,2,1,0,0,Authentication
403,758,6729,7,2,2,3,1,1,3,2,14,3,0,1,1,Information
500,412,2529,2,4,2,1,3,1,1,2,4,2,0,0,0,Information
200,230,5788,9,3,2,2,2,0,1,0,5,2,0,0,1,Authorization
403,1328,8805,7,2,1,4,1,0,4,1,12,4,0,1,1,Configuration
400,180,7596,5,0,0,1,0,0,4,2,15,2,0,1,0,Configuration
200,74,2078,1,0,0,4,0,0,0,0,1,0,0,0,0,Header
500,1153,3537,5,0,0,2,0,1,2,2,5,1,0,0,0,Input Validation
500,1270,4757,5,1,0,2,0,0,7,1,14,1,1,0,1,Input Validation
400,663,2793,6,0,0,3,1,0,4,2,11,2,0,0,1,Input Validation
200,718,3399,4,2,0,1,2,0,4,3,11,3,1,0,1,Input Validation
500,506,9756,2,1,0,0,3,1,3,0,11,3,0,1,1,Configuration
200,352,4427,5,2,0,1,3,1,6,2,4,3,1,0,0,Input Validation
400,313,5760,8,1,1,2,3,1,1,2,4,1,0,0,0,Information
302,1604,5704,8,3,0,4,2,0,0,1,18,3,0,1,1,Configuration
200,402,3871,4,1,1,2,3,1,1,2,1,2,1,0,0,Authentication
200,95,1476,11,0,0,1,1,0,0,0,6,0,0,0,0,Safe
200,120,803,3,1,1,2,3,0,0,0,1,1,0,0,0,Header
400,659,316,4,1,0,2,3,0,2,1,13,1,1,0,1,Input Validation
500,947,898,5,0,1,3,3,1,2,0,17,3,1,1,1,Configuration
500,652,4395,3,3,0,3,1,0,2,0,15,3,0,0,1,Configuration
200,1238,659,2,2,0,4,2,0,4,2,13,1,1,1,0,Input Validation
400,1127,8923,8,0,1,4,1,1,0,1,11,4,0,0,0,Authorization
200,1986,3218,6,2,1,3,3,0,5,0,16,1,0,0,1,Configuration
200,251,151,4,1,0,4,0,0,0,0,3,0,0,0,0,Header
500,518,4262,6,2,0,1,0,1,2,2,11,4,1,1,1,Input Validation
200,1333,1736,3,0,0,4,2,1,7,3,3,2,1,1,1,Input Validation
500,1881,5253,5,4,2,2,1,1,3,0,1,3,1,0,0,Configuration
400,1496,6779,7,1,2,4,0,1,0,0,19,3,1,0,1,Configuration
422,1226,572,6,0,0,0,3,0,3,2,14,1,1,1,1,Input Validation
301,283,2268,4,0,1,4,0,0,0,0,2,0,0,0,0,Header
302,511,6689,7,3,2,3,1,1,0,2,7,3,1,0,0,Authentication
403,607,4721,6,2,0,4,2,1,2,2,13,3,0,1,0,Information
302,620,9006,4,1,2,4,1,0,4,1,1,0,1,0,1,Information
403,1290,5019,9,3,1,1,2,0,3,2,9,0,1,1,0,Configuration
403,702,4209,5,2,2,2,1,1,4,2,9,2,1,0,0,Authentication
200,123,11179,13,1,0,1,3,0,0,0,6,2,0,0,0,Safe
500,529,3412,6,2,0,2,0,0,0,1,11,0,1,0,1,Authorization
403,540,2031,6,3,2,1,1,0,5,1,8,4,1,1,0,Authorization
403,1773,6044,4,4,2,2,1,0,4,1,1,4,0,1,1,Configuration
500,1582,9895,3,1,1,4,3,1,1,2,15,2,0,0,1,Session
200,132,13768,8,0,0,2,2,0,0,0,1,0,0,0,0,Safe
500,581,5708,5,3,1,4,2,1,3,0,11,0,0,1,1,Session
500,1135,3139,4,1,0,4,0,0,2,1,4,4,0,1,0,Input Validation
403,1926,6864,2,4,1,4,1,0,3,0,17,0,0,1,1,Session
200,554,7799,2,2,0,0,1,1,5,0,19,0,0,0,1,Configuration
200,399,609,5,3,1,2,2,1,2,2,7,3,1,0,0,Authentication
200,295,1901,6,2,0,1,3,1,3,2,4,1,0,1,1,Input Validation
200,110,761,1,1,1,0,3,0,0,0,2,1,0,0,0,Header
500,271,4560,4,1,0,1,0,1,5,2,3,4,1,1,0,Input Validation
401,217,6250,3,1,1,2,2,1,4,2,8,3,1,0,0,Authentication
500,669,8082,4,0,2,1,0,0,4,0,11,2,1,1,0,Information
200,236,1378,1,0,0,4,1,0,0,0,3,0,0,0,0,Header
400,476,1172,6,2,0,4,3,1,5,2,6,2,1,1,1,Input Validation
400,1180,3522,5,1,0,3,2,0,3,3,7,4,1,1,0,Input Validation
200,150,720,4,0,1,4,3,0,0,0,3,0,0,0,0,Header
200,955,4595,4,2,0,3,2,1,6,2,2,3,0,1,0,Input Validation
400,1211,5587,4,1,2,3,0,0,3,0,14,3,1,1,1,Information
302,1768,9557,9,4,2,1,3,1,1,1,10,4,1,1,0,Session
200,124,1569,1,0,0,1,1,0,0,0,3,0,0,0,0,Header
302,603,7031,2,3,0,3,2,0,1,2,5,0,0,1,0,Authorization
302,1535,4470,7,0,2,4,1,0,2,2,8,0,0,0,1,Session
500,1097,6783,7,2,0,4,3,0,4,1,15,2,1,1,0,Configuration
200,464,1372,4,1,1,0,1,1,2,1,5,1,1,0,0,Authentication
200,66,17655,11,0,0,3,1,0,0,0,4,0,0,0,0,Safe
400,297,3823,7,3,2,0,1,0,3,1,16,2,0,0,1,Information
500,886,1149,6,1,0,0,0,0,4,3,12,4,1,1,0,Input Validation
500,477,5921,3,2,0,4,3,1,5,2,19,2,1,0,1,Information
200,508,4379,5,2,0,2,1,1,4,2,5,3,1,1,0,Input Validation
200,42,2489,3,0,1,3,0,0,0,0,2,1,0,0,0,Header
200,648,4015,5,2,0,3,0,0,7,3,11,4,1,0,0,Input Validation
200,244,1856,3,0,0,1,2,0,0,0,4,1,0,0,0,Header
200,205,424,4,1,1,1,1,0,0,0,4,0,0,0,0,Header
200,85,2279,4,1,1,0,2,0,0,0,4,1,0,0,0,Header
403,599,456,9,0,1,0,3,0,5,1,4,1,0,0,1,Information
500,946,4797,2,0,0,4,1,1,4,1,5,1,0,0,0,Input Validation
500,751,8387,9,1,1,3,1,0,2,0,6,2,0,0,1,Configuration
500,284,9243,8,0,2,4,2,1,1,2,16,1,0,1,0,Session
200,1025,9897,4,1,1,0,2,0,4,0,5,4,0,1,1,Authorization
200,129,19358,11,1,0,4,2,0,0,0,1,0,0,0,0,Safe
200,200,1598,4,1,0,0,0,0,0,0,2,1,0,0,0,Header
500,715,3838,2,1,0,3,0,1,2,3,13,2,1,1,0,Input Validation
400,74,5883,9,3,2,1,2,1,5,0,10,3,1,0,1,Authorization
500,1277,2667,8,1,2,2,1,0,1,0,4,0,0,0,0,Information
200,1784,170,5,2,0,1,1,0,4,0,5,0,0,1,1,Session
400,999,3687,9,2,1,2,2,0,3,2,17,1,0,1,1,Configuration
500,1941,1978,7,3,0,0,3,0,0,1,7,4,1,0,0,Configuration
500,1912,9186,9,0,0,0,0,1,2,0,16,1,1,1,0,Session
400,1130,6940,4,0,0,4,3,1,3,1,16,1,0,1,1,Information
403,62,9871,2,1,1,4,1,1,0,1,16,2,1,1,0,Configuration
200,80,4926,2,0,2,1,1,1,4,0,4,3,1,1,0,Configuration
304,23,12088,12,0,0,4,3,0,0,0,6,0,0,0,0,Safe
400,1793,3891,8,2,0,0,1,0,1,2,3,3,1,0,0,Authorization
200,267,1322,4,1,0,3,2,0,0,0,4,1,0,0,0,Header
200,249,1118,2,0,0,1,2,0,0,0,3,1,0,0,0,Header
500,1836,8885,7,3,0,4,1,1,5,1,1,2,0,1,0,Authorization
200,101,16754,8,0,0,4,2,0,0,0,4,1,0,0,0,Safe
200,145,1613,1,1,0,2,1,0,0,0,1,1,0,0,0,Header
400,255,2249,6,0,0,0,1,0,3,2,5,1,0,0,0,Input Validation
500,428,4885,2,2,0,2,0,0,5,3,8,4,1,1,1,Input Validation
200,424,1609,4,2,2,0,2,1,2,2,2,2,1,0,0,Authentication
200,116,7069,11,1,0,1,0,0,0,0,2,0,0,0,0,Safe
403,1593,3156,8,3,0,2,3,1,0,1,4,0,0,0,1,Information
302,114,8975,9,1,1,0,1,1,2,1,16,2,0,0,0,Information
302,1575,9887,9,2,1,3,1,1,4,1,2,1,0,1,0,Authorization
302,710,2523,4,4,0,3,2,1,4,1,2,4,0,0,0,Authorization
400,613,733,8,1,0,4,3,0,3,2,11,2,0,1,0,Information
200,150,891,3,1,0,2,3,0,0,0,1,0,0,0,0,Header
400,836,3859,7,0,2,3,0,1,2,0,2,1,0,0,0,Configuration
500,1332,1840,3,2,1,2,3,1,0,1,2,3,0,1,1,Configuration
200,58,874,1,0,0,0,3,0,0,0,4,1,0,0,0,Header
500,379,3011,3,2,0,1,1,0,2,2,5,3,0,0,1,Input Validation
302,93,8196,5,4,2,2,1,0,2,0,4,1,0,1,1,Configuration
403,1635,3778,8,4,0,3,0,1,3,0,3,1,1,1,1,Session
400,1458,2388,4,2,0,1,1,0,1,2,19,3,1,0,0,Configuration
200,1496,4923,5,2,0,2,0,1,7,2,13,1,1,1,1,Input Validation
302,1671,2796,2,1,0,1,0,1,4,2,4,3,0,0,1,Session
200,79,2131,1,1,1,4,1,0,0,0,4,1,0,0,0,Header
302,823,7411,5,3,2,2,2,1,5,0,6,2,1,1,0,Session
500,225,3855,5,2,0,0,0,1,3,2,14,1,0,1,0,Input Validation
200,151,2598,4,1,1,2,1,0,0,0,2,0,0,0,0,Header
302,250,7726,3,3,0,1,2,1,2,2,7,2,1,0,0,Authentication
200,101,1621,1,0,1,0,0,0,0,0,3,1,0,0,0,Header
200,132,2783,1,1,0,3,0,0,0,0,1,1,0,0,0,Header
200,397,4645,6,1,0,2,3,1,0,1,9,1,1,0,0,Authentication
200,61,1665,4,1,1,0,3,0,0,0,1,0,0,0,0,Header
422,1324,2469,5,1,0,0,3,0,3,3,8,3,1,0,1,Input Validation
200,553,7809,4,3,1,4,2,1,3,1,3,2,1,0,0,Authentication
403,1152,4803,6,1,0,2,0,1,2,1,12,0,1,0,1,Configuration
200,333,1016,4,2,0,3,1,1,4,1,7,1,1,0,0,Authentication
301,80,273,4,1,0,3,3,0,0,0,1,0,0,0,0,Header
400,746,3157,5,0,1,1,0,1,5,2,15,4,1,1,1,Information
500,918,1628,2,0,1,3,1,1,0,0,14,4,1,0,0,Configuration
400,909,3254,7,1,0,0,3,1,2,0,2,0,1,1,1,Configuration
500,1881,6934,9,4,1,3,2,0,4,1,18,2,1,1,1,Configuration
301,250,1917,4,0,0,4,3,0,0,0,1,0,0,0,0,Header
500,221,384,4,1,0,0,1,1,7,3,2,4,1,1,0,Input Validation
200,177,2781,5,0,0,3,2,0,3,1,6,1,1,0,0,Input Validation
200,45,2501,3,0,0,3,3,0,0,0,1,0,0,0,0,Header
200,49,9164,12,1,0,4,1,0,0,0,1,0,0,0,0,Safe
401,318,6535,7,2,1,3,1,1,1,1,3,3,1,0,0,Authentication
302,1677,8667,5,2,1,1,0,0,4,0,19,4,1,0,0,Configuration
500,1061,4108,3,2,0,1,2,0,3,3,8,1,0,0,1,Input Validation
200,1081,3046,4,2,0,3,1,0,2,3,7,4,0,1,0,Input Validation
200,468,7924,3,4,1,3,0,0,5,0,18,0,0,0,1,Configuration
200,66,1137,3,0,0,0,1,0,0,0,1,0,0,0,0,Header
200,104,1255,1,1,1,2,1,0,0,0,3,0,0,0,0,Header
200,87,744,7,2,1,1,1,1,2,2,7,3,1,0,0,Authentication
200,116,2863,3,0,1,0,0,0,0,0,1,0,0,0,0,Header
500,1841,8872,2,3,1,4,3,1,4,0,12,0,0,1,1,Information
400,1772,8491,6,2,2,3,2,1,0,0,19,4,0,0,1,Session
500,720,4933,3,2,0,0,0,0,3,3,6,2,1,0,0,Input Validation
200,368,1243,3,2,0,2,0,0,3,2,7,2,1,1,0,Input Validation
403,1747,894,8,2,2,0,1,1,0,2,15,0,1,1,0,Configuration
302,88,787,6,1,2,3,0,1,1,1,1,1,1,0,0,Authentication
200,771,2263,8,1,0,0,1,1,3,1,15,3,0,0,0,Configuration
200,607,9908,6,2,1,2,0,1,1,2,17,1,1,1,0,Configuration
401,76,3061,3,3,1,2,2,1,4,2,8,2,1,0,0,Authentication
200,1101,7850,3,0,2,3,0,1,3,0,14,1,0,1,1,Information
200,112,15623,13,1,0,3,1,0,0,0,3,0,0,0,0,Safe
500,1603,1906,6,3,0,3,1,1,2,0,9,0,0,1,0,Information
403,1668,659,7,2,2,0,3,0,0,1,8,0,1,1,0,Session
500,247,5938,4,4,2,1,2,1,2,1,8,1,0,1,0,Configuration
200,473,2294,5,2,0,0,0,0,3,1,2,4,1,1,1,Input Validation
400,805,2328,6,4,2,2,2,0,1,2,11,2,1,1,0,Configuration
500,805,7436,9,2,2,4,0,1,0,1,15,1,1,0,1,Configuration
200,258,1975,1,0,1,1,2,0,0,0,1,1,0,0,0,Header
500,1870,2149,2,0,2,1,0,0,3,0,5,2,0,0,0,Information
200,112,864,2,1,0,0,2,0,0,0,3,1,0,0,0,Header
403,156,4854,7,0,2,0,3,1,4,2,13,0,1,1,1,Configuration
500,1373,1485,3,3,0,1,2,1,5,1,14,2,0,0,0,Configuration
200,74,1444,3,1,1,2,3,0,0,0,3,0,0,0,0,Header
302,445,3617,7,3,2,1,2,0,1,0,9,2,1,1,0,Configuration
302,1478,3684,7,3,1,1,2,0,0,1,13,0,0,1,0,Session
403,719,2746,4,2,0,3,1,1,4,2,4,0,1,1,1,Authorization
400,841,5158,7,1,1,4,1,0,1,2,12,4,1,1,1,Configuration
200,1798,1683,2,4,2,1,3,1,4,2,1,4,1,0,0,Configuration
200,1431,9437,5,1,1,0,3,0,3,0,18,3,1,0,1,Configuration
400,160,8146,2,1,1,3,3,0,5,1,6,1,1,0,1,Configuration
400,709,4311,3,1,0,1,3,1,2,3,5,3,1,1,0,Input Validation
200,1225,1085,3,1,0,3,2,1,7,3,8,3,1,0,0,Input Validation
302,490,561,5,3,0,3,2,0,5,0,15,3,0,0,0,Configuration
200,183,1238,4,1,0,2,3,0,0,0,2,1,0,0,0,Header
200,114,2615,6,0,0,4,3,1,6,3,10,1,1,0,1,Input Validation
200,70,17675,8,1,0,3,0,0,0,0,3,2,0,0,0,Safe
200,239,2170,4,1,0,1,3,0,0,0,3,0,0,0,0,Header
200,138,1316,4,1,1,3,3,0,0,0,1,1,0,0,0,Header
403,140,6633,4,2,1,4,0,1,5,0,11,1,1,0,1,Configuration
500,385,9468,7,2,0,1,1,1,2,2,11,3,0,0,1,Authorization
200,25,9045,13,0,0,2,0,0,0,0,6,0,0,0,0,Safe
200,573,6730,5,1,2,0,1,1,1,2,6,1,1,0,0,Authentication
500,698,8482,6,4,1,4,0,1,5,2,15,0,1,0,0,Session
500,274,501,2,2,0,2,1,0,3,1,7,4,0,0,1,Input Validation
400,530,534,8,4,2,2,0,1,0,2,8,1,1,1,0,Configuration
302,100,6612,5,4,2,2,2,1,1,0,8,2,1,0,1,Configuration
401,456,7010,6,1,0,0,1,1,4,2,8,3,1,0,0,Authentication
302,226,3746,6,0,2,0,0,0,0,1,13,1,1,1,0,Authorization
301,232,184,4,1,1,2,2,0,0,0,2,1,0,0,0,Header
301,67,1976,4,1,1,1,3,0,0,0,1,1,0,0,0,Header
200,175,2588,3,0,1,3,2,0,0,0,4,1,0,0,0,Header
200,434,6557,4,4,2,0,1,0,4,2,14,3,0,1,0,Authorization
403,1533,7770,4,1,0,3,2,1,1,2,6,4,0,0,1,Session
500,1969,3961,9,1,1,2,1,1,3,0,14,2,1,1,1,Information
403,592,9743,8,0,1,0,3,0,4,1,12,0,0,1,0,Information
403,1252,9734,3,0,0,4,2,1,3,1,4,1,1,1,1,Information
302,1978,804,6,1,2,1,2,0,5,1,15,4,0,0,0,Authorization
500,86,8383,5,0,1,0,2,1,5,2,8,3,0,0,1,Authorization
403,771,5531,7,4,0,1,3,1,3,0,9,2,0,0,1,Configuration
200,867,2368,2,0,1,3,1,1,5,0,12,2,0,1,0,Configuration
301,152,850,1,0,1,4,2,0,0,0,4,1,0,0,0,Header
500,1149,1604,3,1,0,1,1,1,2,1,3,4,0,0,0,Input Validation
200,147,108,2,0,0,0,2,0,0,0,4,0,0,0,0,Header
200,141,1350,6,3,2,0,0,1,2,1,7,2,1,0,0,Authentication
200,117,9467,8,0,0,1,3,0,0,0,4,1,0,0,0,Safe
200,396,4097,7,1,2,3,1,1,0,2,4,2,1,0,0,Authentication
200,97,7729,7,3,2,1,2,1,0,2,8,2,1,0,0,Authentication
400,1562,8521,3,1,0,1,3,1,5,1,4,3,0,0,1,Session
200,125,3760,11,1,0,1,2,0,0,0,2,0,0,0,0,Safe
200,1712,8231,8,0,0,1,3,0,2,1,19,4,1,1,0,Configuration
200,1750,2160,7,2,0,1,3,1,4,2,6,3,1,0,1,Authorization
200,1081,2289,3,1,0,3,0,1,2,1,11,1,0,1,0,Input Validation
200,1503,4408,6,0,0,0,2,1,0,0,5,0,1,1,1,Configuration
200,289,904,8,3,2,4,3,1,4,1,14,1,1,0,0,Session
400,1482,2617,3,1,1,0,3,0,4,1,9,4,1,0,1,Configuration
500,1179,8609,7,3,1,4,0,1,1,0,6,2,1,0,0,Authorization
200,272,1743,4,1,0,1,3,0,0,0,1,0,0,0,0,Header
200,232,707,3,0,0,4,3,0,0,0,4,1,0,0,0,Header
200,49,221,1,1,1,0,3,0,0,0,1,0,0,0,0,Header
500,1860,2662,6,4,1,0,2,0,5,1,15,3,1,1,1,Authorization
400,1345,2461,5,2,0,1,1,1,7,3,3,1,0,1,0,Input Validation
200,764,3320,3,2,2,2,3,1,1,2,1,1,1,0,0,Authentication
200,239,598,2,0,1,1,1,0,0,0,2,1,0,0,0,Header
304,29,3128,12,0,0,2,0,0,0,0,4,2,0,0,0,Safe
403,548,7685,7,3,1,3,3,1,2,2,3,3,1,0,0,Authentication
200,170,2593,2,0,0,1,1,0,0,0,3,1,0,0,0,Header
500,1484,4024,3,1,0,2,2,0,4,3,10,2,0,1,1,Input Validation
200,396,819,6,0,0,4,2,0,4,1,13,4,0,0,1,Input Validation
403,1309,1461,3,3,1,3,1,0,1,1,18,3,1,0,1,Information
400,584,9421,2,2,2,3,0,1,2,2,7,1,0,1,1,Authorization
403,465,3981,6,0,2,1,2,0,1,2,11,1,0,0,1,Information
400,1616,3105,5,0,0,2,2,1,0,2,5,1,1,1,1,Configuration
302,894,9558,6,3,1,2,1,1,1,1,6,3,1,1,0,Information
400,516,7220,9,3,1,1,1,0,3,1,4,0,0,1,1,Configuration
403,848,9724,6,4,2,2,3,0,3,0,9,2,0,0,0,Configuration
400,260,5823,2,1,2,2,2,1,2,2,3,2,1,0,0,Information
500,277,686,3,0,0,3,0,1,3,1,8,2,0,0,1,Input Validation
403,1414,6296,3,3,0,0,0,1,2,2,1,2,0,1,1,Information
200,447,5961,6,3,1,2,1,1,3,2,8,1,1,0,0,Authentication
200,938,6920,2,0,1,4,0,1,0,0,18,1,1,1,1,Configuration
200,133,1368,2,1,0,4,1,0,6,3,3,2,0,0,0,Input Validation
302,268,3971,6,3,2,1,1,1,5,2,2,3,0,0,0,Configuration
400,1008,8271,4,4,2,0,0,0,5,0,8,2,1,0,1,Authorization
200,233,1265,2,0,0,2,3,0,0,0,4,1,0,0,0,Header
400,624,3239,7,3,1,0,2,1,2,2,3,2,0,1,1,Information
400,955,5508,5,2,0,3,0,1,4,0,16,4,0,1,1,Information
200,40,17967,10,0,0,2,1,0,0,0,5,1,0,0,0,Safe
301,107,489,1,1,1,2,2,0,0,0,2,1,0,0,0,Header
200,168,4853,9,0,0,1,3,0,0,0,2,2,0,0,0,Safe
301,142,129,4,1,0,0,1,0,0,0,1,1,0,0,0,Header
401,666,4744,6,3,2,1,2,1,4,1,2,1,1,0,0,Authentication
200,106,13921,11,0,0,1,3,0,0,0,6,1,0,0,0,Safe
200,1798,9778,9,1,2,0,3,0,3,1,14,1,1,1,0,Session
500,250,8530,7,2,2,0,3,0,5,1,8,2,0,1,1,Session
200,1707,2593,5,3,0,0,3,1,3,0,11,4,1,1,0,Information
500,1384,4581,2,1,0,1,1,0,7,3,9,1,0,0,1,Input Validation
500,1469,1461,3,4,2,4,2,0,0,0,18,2,0,0,1,Configuration
200,205,5307,4,1,2,4,2,1,1,1,1,1,1,0,0,Authentication
302,756,4902,7,3,2,1,3,1,2,2,3,2,1,0,0,Authentication
403,561,5182,6,4,1,2,0,0,2,1,14,0,0,0,0,Information
500,1074,3075,4,0,0,2,3,0,2,2,15,3,0,1,0,Information
500,1511,9747,7,4,1,3,2,1,2,0,3,3,0,0,1,Configuration
200,351,7943,7,2,1,3,1,1,1,1,4,2,1,0,0,Authentication
500,262,7499,6,2,1,4,3,0,0,0,17,0,1,0,1,Configuration
200,997,3769,4,1,0,3,0,1,2,3,6,3,1,1,0,Input Validation
302,332,5254,2,3,2,4,2,0,1,0,18,4,1,0,0,Configuration
200,78,3318,8,1,0,2,0,0,0,0,6,0,0,0,0,Safe
200,175,16507,9,0,0,1,2,0,0,0,3,2,0,0,0,Safe
302,409,8623,7,3,2,3,2,0,2,2,12,0,0,0,1,Information
200,289,1827,3,0,0,3,3,0,0,0,3,0,0,0,0,Header
301,276,333,2,1,0,2,1,0,0,0,3,0,0,0,0,Header
200,195,6267,9,1,0,1,1,0,0,0,5,1,0,0,0,Safe
403,98,1777,7,2,0,3,3,1,3,1,2,2,0,1,1,Authorization
401,50,6859,7,1,1,1,2,1,4,2,6,3,1,0,0,Authentication
302,180,4576,6,0,2,1,0,1,2,2,5,1,0,0,1,Configuration
200,1029,6253,7,1,1,0,0,0,4,2,7,0,0,0,1,Information
400,1408,184,3,0,1,2,3,1,1,0,8,0,0,1,0,Configuration
200,685,4167,3,3,0,1,0,1,0,1,6,3,1,0,0,Authentication
200,136,2978,4,0,0,1,2,0,2,2,9,4,0,0,0,Input Validation
200,533,2020,3,2,0,0,0,1,7,2,13,2,0,0,0,Input Validation
403,1777,9404,9,0,1,0,0,0,4,2,10,2,1,1,0,Configuration
200,896,3888,3,3,0,0,2,1,5,0,17,3,1,0,1,Authorization
302,181,6614,4,3,1,4,3,1,4,2,5,1,1,0,0,Authentication
302,1606,211,4,1,0,3,1,0,2,0,18,4,0,0,0,Configuration
403,352,4633,7,1,1,0,1,0,2,2,11,1,1,1,0,Configuration
403,1183,2982,8,3,0,4,0,1,3,2,13,1,1,0,1,Configuration
200,213,2651,3,1,0,0,3,0,0,0,2,1,0,0,0,Header
401,785,7334,4,2,2,3,3,1,1,1,4,3,1,0,0,Authentication
403,1714,5558,5,1,0,0,0,1,5,2,9,4,1,0,0,Information
200,1272,1920,2,2,0,4,1,0,7,2,5,3,0,1,0,Input Validation
500,1759,7325,8,0,2,3,2,1,2,1,18,3,1,1,0,Session
200,728,2898,7,3,1,3,1,1,4,2,8,1,1,0,0,Authentication
200,34,11620,12,1,0,3,2,0,0,0,2,1,0,0,0,Safe
500,65,8402,9,0,2,2,1,0,4,2,9,4,0,1,0,Authorization
200,439,2511,4,1,1,0,3,1,2,2,8,3,1,0,0,Authentication
302,1041,6658,8,0,2,0,3,1,1,2,14,4,1,0,1,Configuration
200,499,2775,3,1,0,2,1,0,7,1,14,4,0,1,1,Input Validation
500,131,2127,4,1,0,1,2,0,3,1,13,2,0,0,1,Input Validation
500,128,4659,3,4,0,1,0,0,0,1,9,3,1,0,0,Configuration
302,1886,2527,3,2,0,2,2,0,5,0,13,0,0,0,0,Information
302,1087,8537,8,2,0,2,1,1,0,0,2,1,1,0,0,Information
200,201,1148,1,0,1,3,1,0,0,0,1,0,0,0,0,Header
403,1737,9274,8,4,2,2,3,0,2,2,12,2,0,0,1,Session
302,1982,8799,5,1,2,0,1,1,3,2,17,3,1,1,1,Session
500,1170,9692,8,1,1,4,0,0,3,1,3,3,1,1,1,Configuration
200,46,1810,10,1,0,0,1,0,0,0,3,1,0,0,0,Safe
500,824,668,3,0,0,2,3,0,3,1,10,4,0,1,0,Input Validation
400,1890,6052,7,2,0,0,0,1,1,2,16,0,1,1,0,Configuration
400,554,912,2,1,0,1,0,1,6,3,7,3,0,0,0,Input Validation
200,174,2421,4,0,0,3,0,0,0,0,3,0,0,0,0,Header
301,63,2451,3,1,0,1,1,0,0,0,1,1,0,0,0,Header
400,1487,3294,6,0,0,0,3,1,5,1,6,4,1,0,1,Input Validation
403,378,6096,2,0,1,2,2,0,2,0,12,2,1,1,1,Session
200,113,12187,14,1,0,4,3,0,0,0,6,2,0,0,0,Safe
200,583,2619,4,2,0,3,3,1,3,1,9,1,0,0,1,Input Validation
500,1185,6718,5,4,0,4,2,1,5,2,7,1,1,1,1,Session
301,196,1789,3,0,0,0,1,0,0,0,2,0,0,0,0,Header
302,1489,7924,7,0,2,2,3,0,2,1,8,4,1,1,0,Authorization
200,299,475,1,0,0,0,1,0,0,0,2,1,0,0,0,Header
200,171,14071,14,0,0,1,0,0,0,0,6,1,0,0,0,Safe
200,120,6412,14,1,0,2,0,0,0,0,1,2,0,0,0,Safe
302,1794,3095,3,0,0,3,2,1,2,0,1,0,1,1,0,Configuration
302,1548,9915,8,2,0,0,0,0,3,0,3,3,1,0,1,Session
400,585,2888,6,4,1,2,2,0,3,1,15,4,1,1,1,Information
200,143,17624,13,1,0,1,3,0,0,0,3,2,0,0,0,Safe
302,776,3349,7,2,2,4,0,1,3,2,1,2,1,0,0,Authentication
200,323,4630,3,1,2,4,1,1,2,2,5,2,1,0,0,Authentication
200,1489,4065,5,2,0,0,0,0,7,3,10,4,0,0,1,Input Validation
400,1427,2674,4,0,0,1,2,1,7,1,11,4,0,1,0,Input Validation
400,374,4104,4,0,2,4,3,1,3,0,10,0,0,1,1,Information
200,1717,4374,4,0,1,0,0,1,4,0,9,3,0,0,1,Information
302,295,1864,7,3,1,2,0,1,0,1,4,3,1,0,0,Authentication
200,574,1129,4,2,1,0,3,1,3,1,3,1,1,0,0,Authentication
200,197,476,1,0,1,1,3,0,0,0,1,0,0,0,0,Header
304,169,9869,9,1,0,0,0,0,0,0,3,0,0,0,0,Safe
401,555,7797,4,3,0,4,3,1,2,2,3,2,1,0,0,Authentication
200,224,725,3,0,1,0,3,0,0,0,3,0,0,0,0,Header
400,1053,3183,4,1,2,1,3,0,2,2,14,2,1,1,0,Information
400,298,8664,8,1,2,1,3,0,5,2,14,2,1,0,1,Configuration
302,502,3756,4,2,0,1,2,1,2,1,6,0,1,1,0,Authorization
200,876,1450,5,1,0,1,3,0,6,2,11,1,0,0,0,Input Validation
302,1556,2656,5,2,0,4,0,1,4,1,13,0,1,1,0,Configuration
400,1923,6268,4,1,0,3,1,0,4,1,18,0,1,1,1,Authorization
403,467,7559,7,0,2,4,1,0,3,1,15,3,0,1,0,Configuration
302,862,5339,9,2,1,2,3,1,2,1,1,2,0,1,1,Information
200,102,6283,13,1,0,3,0,0,0,0,2,1,0,0,0,Safe
200,172,3727,4,1,0,1,2,1,0,1,2,2,1,0,0,Authentication
200,1204,7612,3,0,0,0,3,1,0,0,7,2,1,0,1,Authorization
200,391,7909,4,2,1,0,2,1,2,2,4,1,1,0,0,Authentication
500,1317,8252,7,1,1,0,1,0,4,2,1,3,0,1,1,Configuration
500,1172,1290,4,0,0,4,2,0,5,1,8,1,0,0,1,Input Validation
200,1662,3887,5,4,2,4,3,0,1,2,8,0,0,0,0,Configuration
200,276,2640,1,1,0,2,3,0,0,0,1,0,0,0,0,Header
302,564,1942,4,0,1,4,1,1,1,2,1,0,1,1,0,Configuration
200,751,5803,5,1,2,3,0,1,0,1,9,1,1,0,0,Authentication
200,108,15184,10,1,0,3,1,0,0,0,6,1,0,0,0,Safe
400,1415,273,5,1,0,0,0,1,6,3,9,2,0,0,0,Input Validation
200,1268,164,2,4,0,0,3,1,5,1,14,3,0,0,1,Authorization
200,93,11990,14,1,0,3,0,0,0,0,4,0,0,0,0,Safe
200,371,2340,4,2,0,4,2,1,3,1,6,2,1,0,0,Authentication
200,104,2874,4,0,1,2,3,0,0,0,4,1,0,0,0,Header
200,25,13996,13,1,0,2,0,0,0,0,3,1,0,0,0,Safe
422,845,4785,4,1,0,0,2,1,4,3,13,4,0,1,0,Input Validation
400,1047,6671,3,2,0,3,0,0,1,1,10,4,1,0,0,Session
200,1128,3734,3,0,0,4,1,1,5,2,4,4,0,1,1,Input Validation
200,1125,4370,3,3,0,2,3,0,1,2,19,4,0,1,0,Authorization
200,210,9570,4,1,0,2,3,0,0,0,18,2,0,0,1,Information
422,642,891,3,2,0,1,0,1,3,2,12,1,1,1,1,Input Validation
302,64,6869,3,1,0,4,2,1,2,1,5,1,1,0,0,Authentication
200,195,15683,8,0,0,1,1,0,0,0,4,2,0,0,0,Safe
200,68,2309,2,0,1,1,3,0,0,0,4,0,0,0,0,Header
401,405,5255,3,2,2,2,0,1,0,2,9,3,1,0,0,Authentication
403,288,1995,2,4,2,1,3,0,0,2,1,2,1,1,1,Configuration
400,804,8694,4,4,2,3,3,1,3,1,17,2,1,0,1,Authorization
200,707,9952,6,0,0,4,0,0,4,2,6,0,1,0,1,Session
302,687,2414,9,1,0,3,0,1,0,2,4,3,1,1,1,Session
500,115,7215,3,3,2,4,0,0,0,1,1,3,0,0,1,Configuration
302,1109,4617,7,3,0,1,3,0,3,1,1,1,1,0,0,Configuration
500,1196,5659,8,2,1,1,1,0,2,2,4,3,1,0,0,Authorization
500,846,885,2,2,1,3,0,0,2,2,8,1,0,1,1,Authorization
403,325,3059,4,1,2,1,0,0,4,1,19,3,1,1,1,Authorization
403,1891,3580,5,0,0,3,2,1,2,2,7,3,1,0,0,Authorization
301,195,2582,2,1,0,4,0,0,0,0,3,0,0,0,0,Header
400,127,7128,9,1,0,3,0,1,4,2,14,2,0,0,1,Configuration
302,168,849,7,3,1,0,3,1,4,1,4,1,1,0,0,Authentication
500,1408,3383,5,4,2,2,0,1,5,1,5,4,0,0,0,Authorization
200,858,2063,5,0,0,4,2,0,6,3,11,2,1,0,0,Input Validation
301,112,2949,2,0,0,4,0,0,0,0,3,0,0,0,0,Header
403,335,2845,7,4,0,0,2,0,2,2,9,2,0,0,0,Configuration
302,1638,6422,6,0,2,3,3,1,5,2,19,4,1,1,1,Session
500,790,2417,6,2,0,1,1,1,3,1,8,4,1,1,1,Input Validation
403,82,6747,4,2,1,3,3,1,1,0,8,2,0,0,0,Session
200,46,3614,10,1,0,0,3,0,0,0,2,0,0,0,0,Safe
200,50,1098,4,0,1,3,1,0,0,0,2,0,0,0,0,Header
200,55,2546,8,1,0,0,0,0,0,0,1,0,0,0,0,Safe
200,125,183,4,0,1,4,1,0,0,0,2,0,0,0,0,Header
500,1242,8620,3,1,1,3,3,1,4,1,17,4,0,0,1,Information
200,369,2445,6,1,2,4,0,1,3,1,2,3,1,0,0,Authentication
200,784,877,8,3,1,2,2,1,4,2,6,4,0,0,0,Information
200,1104,1797,9,0,0,3,1,1,3,2,6,4,0,1,1,Configuration
200,100,2546,1,1,0,0,3,0,0,0,2,1,0,0,0,Header
400,159,8591,4,3,1,3,0,0,1,0,15,4,1,1,1,Session
400,1834,6771,4,1,0,1,1,1,2,1,11,1,0,1,0,Configuration
200,1426,1365,3,2,0,4,1,1,2,3,4,1,0,1,0,Input Validation
401,602,568,6,1,0,2,0,1,2,2,2,1,1,0,0,Authentication
302,393,8827,4,1,0,2,1,1,2,1,15,4,0,0,0,Session
200,543,2416,3,2,0,0,1,1,1,2,8,2,1,0,0,Authentication
403,946,8914,2,3,2,4,0,1,0,0,14,1,0,1,1,Configuration
500,981,4360,6,4,0,3,3,1,2,0,7,0,0,1,0,Configuration
200,51,265,2,0,0,1,1,0,0,0,2,1,0,0,0,Header
200,139,18570,11,0,0,4,0,0,0,0,7,0,0,0,0,Safe
403,644,5413,6,2,1,4,0,1,4,2,5,3,1,0,0,Authentication
422,496,2930,4,2,0,3,2,1,2,1,9,1,0,1,0,Input Validation
200,280,2363,1,1,0,2,1,0,0,0,1,1,0,0,0,Header
403,1026,9608,4,3,2,4,1,0,3,0,6,2,1,1,1,Session
200,159,2871,5,0,2,3,1,1,5,1,6,3,0,1,0,Session
200,128,18514,11,1,0,2,3,0,0,0,3,1,0,0,0,Safe
200,1197,3320,4,0,0,3,2,0,2,1,2,3,0,0,1,Input Validation
500,350,4278,5,0,0,2,2,0,7,3,7,3,0,0,1,Input Validation
200,1017,3391,6,0,0,1,2,0,5,1,14,3,0,0,0,Input Validation
200,102,1220,1,1,1,3,2,0,0,0,3,0,0,0,0,Header
403,450,4850,3,1,1,0,2,1,0,1,17,1,0,1,0,Session
400,1666,3278,2,1,1,3,1,1,3,2,18,3,1,0,1,Configuration
403,443,1928,8,1,0,3,2,0,0,1,8,3,0,1,1,Configuration
302,1274,7613,4,2,2,2,2,1,5,2,15,4,1,0,1,Configuration
403,869,758,9,3,2,2,3,1,0,0,14,3,1,0,1,Information
400,950,4633,5,1,0,3,0,0,3,0,6,3,0,1,0,Configuration
302,1709,6123,4,4,1,4,3,1,0,2,7,1,0,1,0,Information
403,151,9676,8,4,0,1,3,1,1,2,3,4,0,0,0,Information
422,497,4515,6,0,0,0,0,0,5,3,2,2,0,1,0,Input Validation
200,587,3680,5,1,0,0,0,0,5,3,11,2,0,1,1,Input Validation
403,306,4629,5,2,0,1,3,1,0,1,2,3,1,0,0,Authentication
200,41,12899,10,0,0,0,1,0,0,0,1,2,0,0,0,Safe
400,1589,4464,5,4,0,0,1,0,5,2,5,1,1,0,0,Authorization
200,115,2703,2,1,1,1,2,0,0,0,1,0,0,0,0,Header
200,305,7177,8,0,0,0,2,1,4,1,1,3,0,0,1,Configuration
200,152,13375,14,0,0,0,1,0,0,0,6,1,0,0,0,Safe
200,90,2658,4,0,0,1,2,0,0,0,4,1,0,0,0,Header
400,341,7032,2,1,2,4,3,1,0,1,18,2,0,1,1,Configuration
200,270,955,2,1,1,3,0,0,0,0,3,0,0,0,0,Header
302,1268,705,9,3,2,3,1,0,1,1,15,4,0,1,0,Information
401,456,3279,6,1,2,3,2,1,4,1,8,2,1,0,0,Authentication
500,1012,7637,3,3,1,4,2,0,4,1,1,2,0,0,0,Authorization
200,575,448,3,2,1,0,3,1,4,0,14,3,1,1,0,Authorization
302,404,2994,2,0,1,3,1,0,1,2,12,4,1,1,1,Authorization
302,179,1881,5,4,2,2,0,1,4,0,6,2,0,1,1,Session
200,1123,4894,2,2,0,2,3,1,6,1,7,2,1,1,0,Input Validation
403,64,3495,2,2,1,0,0,1,4,2,2,3,1,0,1,Authorization
500,214,708,2,1,0,4,3,1,6,3,4,3,0,0,1,Input Validation
200,1826,8203,3,4,0,4,0,1,5,0,3,3,1,1,0,Authorization
200,547,1288,2,2,0,1,0,0,4,1,2,3,0,0,1,Input Validation
200,1912,5271,7,2,2,4,3,1,2,0,9,0,1,1,1,Session
200,741,7452,5,2,1,0,3,1,3,1,8,2,1,0,0,Authentication
301,185,2555,3,0,1,2,1,0,0,0,4,1,0,0,0,Header
500,1939,2689,2,2,1,1,3,1,0,0,4,1,1,0,0,Configuration
400,1375,6289,7,0,1,4,2,0,5,0,16,0,1,0,0,Configuration
200,264,2514,2,1,1,3,2,0,0,0,4,0,0,0,0,Header
403,1338,6507,7,2,2,1,0,1,5,2,3,2,0,0,1,Configuration
200,51,14198,14,0,0,1,1,0,0,0,4,0,0,0,0,Safe
400,1062,2780,3,3,0,3,1,0,5,0,15,2,0,1,1,Information
200,483,574,3,1,0,1,0,0,2,3,8,4,1,1,0,Input Validation
200,1385,5513,7,0,0,3,3,1,1,0,11,3,0,0,1,Session
200,1188,3589,3,2,0,1,0,0,2,1,3,4,1,0,1,Input Validation
200,779,7197,5,1,2,2,2,0,2,1,8,4,0,0,1,Configuration
200,526,5741,7,1,0,1,1,1,4,2,9,2,1,0,0,Authentication
401,221,2477,5,1,2,1,3,1,0,2,4,2,1,0,0,Authentication
200,88,407,1,0,0,0,1,0,0,0,4,0,0,0,0,Header
200,115,11877,10,1,0,4,0,0,0,0,4,1,0,0,0,Safe
403,1713,6576,9,4,1,1,3,1,4,2,4,1,0,0,1,Configuration
302,576,8268,2,1,1,4,2,0,0,1,18,1,1,1,0,Information
200,1431,4739,3,2,0,4,1,1,7,1,13,1,1,0,0,Input Validation
500,1418,3153,5,2,0,3,3,1,2,2,13,1,1,0,0,Input Validation
403,228,991,6,1,1,3,0,0,0,0,6,4,1,0,0,Information
400,600,4982,6,0,0,1,2,1,4,3,3,1,1,0,1,Input Validation
200,167,1529,4,0,0,4,3,0,0,0,1,0,0,0,0,Header
200,1886,2238,9,1,1,0,0,0,1,1,5,2,0,1,1,Configuration
500,1731,1457,8,1,1,4,3,1,3,2,11,4,0,1,0,Configuration
200,261,2571,4,0,0,4,1,0,0,0,3,0,0,0,0,Header
200,46,2373,4,1,1,0,1,0,0,0,4,1,0,0,0,Header
500,464,5372,8,1,0,4,0,0,3,1,6,1,0,1,1,Authorization
403,375,7233,5,1,1,2,1,1,2,1,7,2,1,0,0,Authentication
200,294,871,2,0,1,1,3,0,2,1,9,2,1,1,1,Authorization
302,979,4478,5,3,1,1,3,0,2,0,2,2,0,1,1,Session
400,1531,2323,3,4,0,3,2,1,3,2,19,3,1,0,0,Configuration
200,141,4078,6,0,0,1,2,0,6,2,8,2,1,0,1,Input Validation
302,1444,356,2,1,2,3,0,1,0,2,14,2,1,1,0,Information
400,178,4144,4,2,0,4,3,1,6,3,13,4,1,1,1,Input Validation
500,1739,6607,4,0,1,3,1,0,3,1,16,2,0,0,0,Session
500,734,3082,3,1,0,3,3,0,7,2,5,2,1,1,1,Input Validation
403,730,7395,5,3,2,3,2,1,3,2,7,1,1,0,0,Authentication
500,942,331,6,2,0,1,2,0,7,1,9,4,0,1,0,Input Validation
200,1216,5456,8,4,2,1,2,0,2,0,19,2,1,0,1,Authorization
400,1335,1199,2,0,0,3,3,1,2,1,12,2,1,1,1,Input Validation
302,649,6995,5,0,2,4,2,1,3,0,16,1,0,1,0,Information
200,99,2963,3,0,1,1,3,0,0,0,4,1,0,0,0,Header
200,78,571,4,1,1,4,1,0,0,0,1,0,0,0,0,Header
403,1065,6272,5,4,1,2,2,0,0,1,13,3,1,1,1,Session
500,1021,1630,2,0,0,4,3,0,7,3,8,1,0,1,0,Input Validation
200,215,1616,2,0,0,1,1,0,0,0,3,0,0,0,0,Header
400,344,6197,6,4,1,1,3,1,4,2,8,1,0,0,0,Information
401,287,2881,4,2,2,0,0,1,4,1,4,3,1,0,0,Authentication
200,72,762,4,0,1,0,2,0,0,0,4,1,0,0,0,Header
200,769,2868,2,0,0,2,1,1,4,3,5,2,0,1,1,Input Validation
400,400,1067,5,0,0,4,3,1,7,2,10,4,0,0,1,Input Validation
200,189,19232,13,1,0,2,2,0,0,0,7,1,0,0,0,Safe
400,979,8058,6,4,0,0,2,1,1,1,12,4,1,1,1,Authorization
302,1953,7749,4,0,2,1,1,0,1,1,1,2,1,1,0,Configuration
200,136,3992,2,1,0,0,3,1,5,2,5,4,1,0,0,Information
403,227,9037,4,3,0,2,2,1,4,0,8,3,0,0,1,Session
200,171,1193,9,1,0,0,0,0,0,0,7,0,0,0,0,Safe
401,290,5373,6,1,0,1,2,1,3,1,2,2,1,0,0,Authentication
302,851,1586,5,0,1,4,0,1,2,1,10,3,1,1,0,Information
500,716,599,3,1,0,2,0,1,7,1,5,1,1,1,0,Input Validation
302,429,9542,7,3,2,3,1,0,0,2,9,0,1,0,0,Session
400,522,8707,4,0,2,3,3,0,0,1,7,2,0,1,0,Session
200,77,1558,1,0,0,4,2,0,0,0,3,1,0,0,0,Header
500,1015,3048,4,1,0,3,2,0,4,1,14,4,1,1,0,Input Validation
200,290,1629,2,0,1,2,0,0,0,0,2,1,0,0,0,Header
200,1831,4194,4,4,0,3,0,0,1,2,8,2,1,0,1,Configuration
500,1131,2252,3,1,0,3,0,1,2,2,5,2,1,1,0,Input Validation
400,74,9267,5,1,0,2,2,0,1,1,15,0,1,0,0,Information
400,479,431,4,1,0,0,3,0,3,3,2,2,0,1,0,Input Validation
403,610,9542,2,4,1,3,0,1,4,0,16,2,1,0,0,Session
302,535,5187,6,4,2,1,2,1,0,2,2,0,0,1,0,Authorization
200,1173,2140,3,4,2,4,2,1,2,0,13,4,1,1,0,Configuration
200,421,7747,5,3,2,2,3,1,0,1,8,1,1,0,0,Authentication
400,1542,4492,6,0,1,2,0,1,0,1,8,3,1,1,0,Information
400,1847,680,3,3,2,2,1,1,3,1,9,2,1,1,1,Configuration
500,1436,6833,8,1,2,4,3,1,1,2,7,2,0,0,1,Session
200,308,7247,5,3,0,2,3,1,3,1,2,2,1,0,0,Authentication
403,881,6873,3,2,2,2,1,0,1,0,14,4,0,1,0,Authorization
304,148,9456,13,0,0,1,2,0,0,0,1,2,0,0,0,Safe
200,45,2321,9,1,0,4,0,0,0,0,5,2,0,0,0,Safe
403,1995,2720,3,0,1,2,3,0,1,2,5,0,0,1,1,Authorization
200,407,2348,5,4,2,1,1,0,0,0,10,4,1,0,1,Configuration
200,565,3296,6,1,2,4,1,1,0,1,8,1,1,0,0,Authentication
200,377,3798,6,1,0,0,0,1,3,3,7,2,1,1,0,Input Validation
500,784,1410,3,2,0,0,2,1,2,2,9,1,1,0,1,Input Validation
302,1794,1746,5,3,0,2,3,0,1,1,8,0,1,1,0,Session
200,191,8687,13,0,0,4,3,0,0,0,5,0,0,0,0,Safe
500,1677,1588,3,3,1,2,2,1,4,0,9,3,1,1,0,Authorization
200,160,489,3,0,1,2,1,0,0,0,3,0,0,0,0,Header
401,77,7816,6,2,1,0,1,1,2,1,6,2,1,0,0,Authentication
403,82,1822,5,1,2,3,2,1,3,2,7,2,1,0,0,Authentication
200,999,3677,2,1,0,0,1,1,2,2,11,1,1,1,1,Input Validation
403,1556,4903,3,1,0,2,0,0,5,1,16,2,0,0,0,Authorization
200,1872,2358,2,2,1,0,2,1,1,2,9,2,0,0,1,Authorization
400,674,3746,5,4,1,2,0,1,0,1,19,0,0,0,1,Information
500,105,6874,5,3,2,2,0,1,1,2,16,4,0,1,0,Configuration
200,357,3063,5,2,0,1,1,1,3,1,8,3,1,0,0,Authentication
200,115,15406,14,0,0,1,1,0,0,0,4,2,0,0,0,Safe
200,233,1412,4,1,0,4,0,0,0,0,4,0,0,0,0,Header
403,1839,377,8,1,1,3,1,1,2,1,19,4,0,0,1,Authorization
403,794,1439,5,2,2,2,1,1,2,1,4,1,1,0,0,Authentication
200,110,7775,4,0,2,2,1,0,0,2,3,1,1,0,0,Information
200,184,2312,2,1,0,0,2,0,0,0,2,1,0,0,0,Header
400,1113,1945,6,3,2,3,3,1,3,0,3,3,1,0,0,Authorization
302,330,2063,3,2,2,1,0,0,3,2,15,3,1,1,1,Authorization
500,1482,6954,9,2,1,3,0,1,2,2,11,2,0,0,0,Configuration
200,1197,249,6,4,2,0,0,1,5,2,15,2,1,1,0,Configuration
403,1188,6244,2,4,1,1,3,0,5,2,17,4,0,0,1,Configuration
302,1842,1859,4,1,0,4,2,0,1,1,19,0,1,1,1,Information
500,1203,3727,4,1,0,1,2,0,5,1,6,1,1,1,1,Input Validation
200,48,711,4,1,1,4,0,0,0,0,4,1,0,0,0,Header
200,90,14822,13,1,0,0,3,0,0,0,5,1,0,0,0,Safe
302,908,9813,6,3,2,0,0,0,2,1,14,0,1,1,1,Session
200,503,3838,4,2,0,0,3,1,3,2,3,4,0,0,1,Input Validation
200,204,1977,4,0,0,0,2,0,0,0,1,1,0,0,0,Header
500,1196,9885,4,0,2,0,3,1,3,1,15,0,0,1,0,Configuration
301,189,1057,1,1,0,4,2,0,0,0,2,1,0,0,0,Header
500,115,4974,4,3,0,0,1,0,2,2,8,4,0,1,1,Configuration
400,250,9236,7,0,2,2,3,1,3,2,13,2,1,1,1,Session
401,629,7856,6,1,0,0,1,1,3,2,5,3,1,0,0,Authentication
302,77,737,6,1,0,4,3,1,4,1,9,1,1,0,0,Authentication
400,1211,1724,7,4,1,1,0,0,4,0,19,3,1,0,1,Session
200,186,18113,13,0,0,1,2,0,0,0,3,2,0,0,0,Safe
400,714,807,3,2,0,3,2,1,5,1,5,2,1,1,1,Configuration
200,162,531,8,0,0,0,1,0,0,0,3,2,0,0,0,Safe
403,646,165,6,0,1,1,0,0,5,1,9,4,1,0,1,Information
500,1632,1992,4,0,2,2,3,1,3,1,3,1,0,1,1,Configuration
200,115,6472,8,1,0,1,2,0,0,0,4,2,0,0,0,Safe
200,790,6444,3,1,1,4,3,1,4,2,6,2,1,0,0,Authentication
401,310,3532,4,3,1,3,3,1,1,2,5,3,1,0,0,Authentication
200,57,1204,5,1,2,0,0,1,2,2,9,2,1,0,0,Authentication
302,245,8277,5,0,2,2,3,0,3,0,5,3,0,1,1,Configuration
500,727,1156,4,0,0,3,1,0,4,1,5,1,0,0,1,Input Validation
200,234,548,2,0,0,4,1,0,0,0,1,0,0,0,0,Header
302,769,1622,6,3,1,2,1,1,2,0,2,4,0,0,1,Configuration
302,93,5729,9,0,0,1,2,0,1,0,2,1,1,0,0,Configuration
200,823,8228,7,3,0,3,3,1,0,0,18,1,0,1,1,Configuration
302,166,5833,6,1,2,1,0,1,4,2,2,1,1,0,0,Authentication
301,121,710,3,1,1,1,2,0,0,0,1,0,0,0,0,Header
400,274,9143,2,0,2,0,2,0,5,1,7,1,1,0,1,Configuration
403,549,7760,8,2,1,3,0,1,5,0,3,3,0,0,0,Information
500,1843,289,2,0,2,4,0,0,5,2,13,4,1,1,1,Information
302,1439,4814,5,0,0,1,2,1,2,1,10,4,0,0,1,Configuration
200,230,527,4,0,0,2,3,0,0,0,3,1,0,0,0,Header
500,420,2228,3,1,0,2,0,1,5,2,4,3,1,1,1,Input Validation
403,1838,548,8,1,1,4,1,0,1,0,7,1,0,1,1,Information
200,171,2865,3,0,0,3,3,0,0,0,3,1,0,0,0,Header
400,927,886,7,3,2,4,3,1,4,2,7,1,1,1,1,Configuration
200,161,10321,12,0,0,0,0,0,0,0,6,0,0,0,0,Safe
403,1268,8745,7,2,0,4,2,1,4,1,2,4,1,0,1,Configuration
200,24,16400,9,1,0,0,0,0,0,0,5,1,0,0,0,Safe
302,1012,5825,3,4,1,4,0,0,1,0,7,4,1,1,0,Authorization
302,1250,4044,6,4,1,1,3,1,2,2,19,2,0,1,1,Authorization
500,425,3076,3,0,0,4,2,0,2,1,7,3,1,1,0,Input Validation
200,97,19939,14,0,0,1,1,0,0,0,4,2,0,0,0,Safe
422,1442,2229,2,1,0,0,3,1,2,3,5,4,0,1,0,Input Validation
200,43,11798,9,0,0,3,1,0,0,0,5,1,0,0,0,Safe
500,364,4628,5,2,0,3,2,1,4,3,5,1,0,0,0,Input Validation
302,1160,1244,6,2,0,2,3,1,1,0,1,1,0,0,1,Configuration
301,145,217,2,0,0,1,3,0,0,0,4,0,0,0,0,Header
500,661,2403,5,0,0,3,3,1,6,2,2,4,1,1,1,Input Validation
500,684,780,2,0,0,1,1,0,5,1,5,2,1,0,0,Input Validation
200,32,2843,3,0,1,3,2,0,0,0,4,0,0,0,0,Header
200,45,1864,3,0,0,2,0,0,0,0,3,1,0,0,0,Header
200,51,470,2,0,0,4,1,0,0,0,3,0,0,0,0,Header
200,724,6521,6,4,0,1,1,0,3,1,17,2,0,1,0,Information
500,1355,2908,5,2,2,0,3,0,4,2,10,3,1,0,1,Authorization
500,1845,6636,8,1,2,1,3,0,3,2,9,4,1,1,1,Configuration
200,231,2677,1,0,1,3,3,0,0,0,4,0,0,0,0,Header
200,1628,7301,3,0,1,4,3,1,3,1,15,1,0,0,1,Configuration
200,241,2464,1,0,1,4,2,0,0,0,4,0,0,0,0,Header
200,1105,4509,5,2,0,4,0,1,7,2,3,2,0,0,1,Input Validation
403,326,5814,9,3,2,0,3,0,5,0,17,4,1,0,1,Information
500,705,1472,5,2,0,4,2,1,6,2,9,3,0,0,0,Input Validation
403,1151,8725,5,3,2,2,3,1,0,0,5,2,0,0,0,Information
403,754,210,2,4,1,1,3,1,1,0,12,4,0,1,0,Information
200,50,793,3,1,0,3,0,0,0,0,3,1,0,0,0,Header
400,1302,6395,8,0,0,0,2,1,3,2,1,0,1,0,0,Authorization
302,253,4761,3,3,1,4,3,0,3,1,11,2,0,0,1,Session
200,1238,3691,4,1,0,3,2,1,2,3,2,3,0,0,0,Input Validation
200,127,2805,2,1,1,0,2,0,0,0,2,1,0,0,0,Header
200,294,2286,3,0,1,1,2,0,0,0,1,0,0,0,0,Header
200,969,260,2,2,2,1,2,0,2,0,10,4,0,1,0,Configuration
302,1842,3818,5,2,2,3,2,1,4,2,14,2,1,1,1,Session
200,248,7859,4,1,1,0,1,1,2,1,8,1,1,0,0,Authentication
302,905,1117,9,4,0,1,0,0,0,0,7,3,1,0,0,Configuration
302,1855,1157,9,1,0,4,0,0,0,1,8,3,1,1,1,Session
403,1249,5161,4,1,2,1,3,0,2,1,15,2,1,1,1,Authorization
400,1304,6544,2,2,1,4,1,0,4,1,4,0,1,0,1,Information
200,647,5904,6,2,0,4,1,1,1,1,9,2,1,0,0,Authentication
302,1431,1617,7,0,1,1,2,0,0,2,1,1,1,0,1,Authorization
200,140,2371,3,1,1,2,1,0,0,0,2,0,0,0,0,Header
200,67,3755,8,0,0,3,1,0,0,0,7,1,0,0,0,Safe
500,1655,6412,8,1,0,4,1,0,3,0,15,0,0,0,0,Configuration
500,1744,6177,9,4,1,4,1,0,4,2,13,2,1,0,1,Configuration
400,1962,2311,5,1,2,1,3,0,4,2,4,0,0,1,0,Configuration
200,1189,3863,6,1,0,0,2,0,6,2,13,2,0,1,0,Input Validation
200,1972,9473,9,4,2,3,1,0,2,2,4,4,0,0,0,Configuration
200,105,1856,3,1,1,2,0,0,0,0,1,1,0,0,0,Header
500,130,4518,5,1,0,1,3,0,5,2,10,3,0,0,1,Input Validation
200,639,2249,7,3,2,2,2,1,4,2,3,2,1,0,0,Authentication
304,89,17923,12,0,0,4,2,0,0,0,2,1,0,0,0,Safe
422,162,460,5,0,0,1,3,0,4,3,5,4,0,1,0,Input Validation
200,654,8465,3,1,2,2,1,0,1,2,4,4,1,1,1,Authorization
200,93,3854,5,2,1,1,3,0,5,2,11,1,0,1,1,Information
302,528,6471,8,0,1,4,1,1,4,2,11,2,0,1,1,Session
200,116,1372,1,1,0,4,1,0,0,0,2,1,0,0,0,Header
302,1648,5874,5,3,0,3,1,0,4,2,15,2,0,1,1,Information
301,269,1309,4,1,1,4,0,0,0,0,4,0,0,0,0,Header
400,1947,2279,2,3,2,0,0,1,2,0,7,0,1,1,0,Authorization
400,579,6484,7,3,2,0,3,0,1,2,2,0,0,0,0,Authorization
302,791,7404,4,0,2,4,3,0,1,1,3,3,0,1,1,Information
200,61,11686,10,1,0,0,1,0,0,0,6,1,0,0,0,Safe
301,67,1220,4,0,0,1,0,0,0,0,2,0,0,0,0,Header
403,1898,866,7,0,2,0,1,0,5,0,14,2,0,1,0,Information
400,946,4412,2,0,0,1,2,0,3,3,5,4,0,0,0,Input Validation
200,1840,1075,2,2,1,2,0,0,4,1,8,4,0,0,0,Configuration
500,1881,301,3,3,0,2,1,1,0,0,3,2,0,0,0,Information
400,1354,3006,5,0,0,1,2,0,3,3,7,3,1,0,0,Input Validation
500,1664,3265,9,2,2,3,1,0,1,1,16,1,1,0,0,Session
500,856,3799,5,1,2,3,3,1,3,1,16,0,0,0,1,Authorization
200,326,1707,2,2,2,0,1,1,5,1,14,3,1,1,0,Session
200,1497,4644,4,1,0,3,1,0,3,1,11,2,0,1,0,Input Validation
400,444,753,6,0,0,3,2,0,6,2,8,3,1,0,0,Input Validation
500,741,6872,3,1,1,3,2,1,5,0,2,2,1,1,1,Information
500,1498,661,9,0,1,0,2,0,5,1,8,1,0,0,1,Configuration
200,180,7100,7,1,2,0,3,1,3,2,7,1,1,0,0,Authentication
500,304,4880,6,4,2,0,2,0,5,2,3,1,0,0,1,Information
200,91,1390,1,1,1,0,2,0,0,0,1,0,0,0,0,Header
200,195,2815,4,1,0,3,0,0,0,0,2,0,0,0,0,Header
403,372,6952,4,2,2,0,3,1,4,2,2,3,1,0,0,Authentication
403,135,7849,8,3,0,3,0,0,1,1,16,3,0,1,0,Configuration
500,1169,2869,5,2,0,2,0,0,2,1,7,4,0,1,1,Input Validation
500,1554,1540,3,0,2,4,0,1,4,2,7,3,0,0,1,Information
500,1336,9489,2,3,1,1,3,0,0,2,14,4,1,1,0,Authorization
500,1076,3333,9,0,2,0,3,1,3,2,18,1,0,1,0,Session
200,382,9735,2,4,1,3,0,1,3,2,2,2,1,0,0,Authorization
200,264,2127,1,0,1,2,1,0,0,0,2,1,0,0,0,Header
400,1051,2611,6,1,1,4,0,0,3,0,18,0,0,1,1,Information
400,1420,4909,3,2,0,1,3,1,1,1,3,4,0,0,1,Configuration
400,1451,6134,5,4,0,4,2,0,4,1,4,3,1,0,1,Configuration
400,895,695,5,0,0,3,1,0,6,1,4,3,0,1,1,Input Validation
403,1354,8134,2,4,0,2,1,1,2,0,5,3,1,0,0,Authorization
500,242,8806,7,1,0,3,3,0,5,1,17,1,0,0,1,Configuration
400,1466,9881,7,0,0,0,0,1,2,0,14,1,1,0,1,Session
400,1004,7150,7,4,2,2,3,1,0,2,6,0,0,0,1,Information
200,622,3127,4,1,0,2,1,0,2,1,12,3,1,1,0,Input Validation
200,165,15606,8,1,0,2,1,0,0,0,3,2,0,0,0,Safe
200,684,3062,6,1,0,3,3,1,5,1,2,2,1,1,1,Input Validation
200,136,716,3,0,1,0,2,0,0,0,3,1,0,0,0,Header
302,443,2565,7,2,1,0,1,0,4,1,13,1,1,0,1,Authorization
500,833,2091,6,2,0,4,0,1,4,2,9,1,0,1,1,Input Validation
400,1348,3622,5,0,2,2,1,1,5,0,10,0,1,1,1,Session
400,1597,9937,6,4,1,1,2,1,0,0,9,2,1,1,1,Information
500,99,6707,9,1,1,0,2,0,3,0,7,2,1,1,1,Session
302,1040,284,5,1,2,0,3,0,2,2,2,2,0,0,1,Configuration
200,361,690,3,2,0,3,3,0,2,2,12,4,1,0,1,Input Validation
403,701,516,7,1,1,0,2,1,2,1,2,3,1,0,0,Configuration
403,1639,6459,5,4,2,4,3,0,3,1,1,4,1,0,0,Information
400,770,1584,8,2,2,3,1,0,4,2,12,4,0,0,0,Information
200,98,2733,7,2,0,1,1,1,0,2,4,2,1,0,0,Authentication
500,1274,8827,6,3,1,2,0,1,2,1,12,0,1,1,1,Configuration
200,24,6237,13,0,0,3,1,0,0,0,3,1,0,0,0,Safe
422,1267,1659,3,0,0,4,0,1,2,3,2,3,1,0,0,Input Validation
200,318,9152,3,2,2,0,0,0,2,1,14,4,0,0,0,Configuration
302,656,2335,9,0,2,3,1,1,1,1,17,1,0,0,1,Configuration
403,1704,6118,7,4,2,4,3,0,5,0,13,2,1,1,1,Configuration
500,406,464,9,0,1,2,2,0,2,0,12,3,1,1,0,Session
500,1650,1205,2,4,0,0,1,0,3,2,16,4,0,0,1,Authorization
302,87,4649,3,3,0,4,2,0,3,0,1,3,0,0,1,Configuration
200,117,6757,6,1,1,4,2,1,1,2,2,2,1,0,0,Authentication
403,406,4410,2,3,1,2,3,0,5,1,16,3,1,1,1,Configuration
400,427,1388,5,1,0,0,1,0,6,3,2,1,0,0,0,Input Validation
500,823,2035,4,0,2,4,1,1,5,1,10,2,0,0,0,Session
301,206,422,3,1,0,1,1,0,0,0,1,1,0,0,0,Header
302,464,6990,7,1,1,0,2,1,0,1,14,0,1,0,0,Authorization
500,1150,9826,7,1,1,0,2,1,1,1,6,2,0,1,0,Information
302,288,1875,8,3,0,1,3,1,1,1,18,3,0,1,0,Configuration
403,191,5066,9,2,2,2,2,1,3,1,14,1,1,0,1,Information
200,1074,4576,5,0,2,1,1,1,3,0,1,1,1,1,1,Information
302,403,2745,6,2,2,3,2,1,2,2,2,2,1,0,0,Authentication
500,748,8667,7,0,2,4,1,1,0,1,14,4,0,0,1,Information
500,1358,1013,6,4,1,3,1,0,5,1,11,1,1,0,0,Configuration
200,1271,1098,5,0,0,0,0,0,6,3,9,2,1,1,0,Input Validation
200,263,154,3,1,1,3,0,0,0,0,4,0,0,0,0,Header
500,806,2612,8,0,0,0,2,1,2,2,4,3,0,1,0,Configuration
302,1832,2029,8,2,0,4,0,1,5,2,11,1,0,0,1,Information
200,128,1429,8,0,0,2,1,0,0,0,7,1,0,0,0,Safe
200,682,9017,3,0,1,2,1,1,4,1,12,3,0,0,0,Information
500,1672,3533,9,0,1,3,3,0,3,2,10,2,0,0,1,Configuration
302,779,483,6,4,0,0,1,1,4,0,6,3,1,1,0,Configuration
400,741,1839,7,3,0,3,0,0,2,1,8,1,0,0,1,Authorization
500,1978,5054,2,3,1,2,0,0,0,2,1,2,0,0,1,Configuration
200,275,727,1,0,1,4,1,0,0,0,3,0,0,0,0,Header
200,153,2204,2,1,0,3,1,0,0,0,3,0,0,0,0,Header
403,1623,5697,2,4,0,0,0,0,5,0,17,1,1,0,1,Authorization
401,51,6793,6,1,1,3,1,1,0,2,4,2,1,0,0,Authentication
400,635,3445,8,0,0,0,0,0,5,1,15,0,0,0,0,Information
200,775,7304,4,1,0,1,0,1,3,2,7,1,1,0,0,Authentication
400,890,4374,2,3,2,0,3,0,1,1,3,4,0,1,0,Configuration
302,361,3907,2,2,0,1,1,1,4,2,11,4,1,1,0,Configuration
301,98,969,2,1,0,0,1,0,0,0,2,0,0,0,0,Header
200,553,4117,4,3,0,3,3,1,4,2,1,2,1,0,0,Authentication
400,1338,6469,8,2,1,1,0,1,0,0,3,1,1,0,0,Configuration
400,675,2309,4,0,0,4,3,0,3,3,10,2,0,0,1,Input Validation
200,1452,3495,2,1,0,2,3,1,5,0,9,1,0,0,1,Information
301,97,2803,4,0,1,2,0,0,0,0,3,1,0,0,0,Header
200,309,1048,3,0,0,3,3,0,3,3,2,2,0,1,1,Input Validation
403,713,849,6,2,1,1,1,1,3,1,1,3,1,0,0,Authentication
301,274,1476,3,1,1,2,3,0,0,0,1,0,0,0,0,Header
400,587,7713,6,1,0,0,2,0,0,0,2,4,0,1,1,Configuration
500,620,7757,5,1,2,3,2,0,1,2,6,1,0,1,0,Session
200,793,1919,5,1,0,4,3,1,3,2,5,2,0,1,1,Input Validation
400,1817,1141,7,0,1,0,3,0,4,1,18,2,0,0,1,Configuration
422,1150,747,2,2,0,0,0,1,3,2,5,1,1,0,0,Input Validation
400,306,9231,2,0,0,1,0,0,3,0,13,2,1,1,1,Session
200,194,471,3,1,1,1,1,0,0,0,1,0,0,0,0,Header
403,749,687,6,3,2,0,1,1,3,1,1,2,1,0,0,Authentication
200,59,422,3,1,0,2,3,0,0,0,1,1,0,0,0,Header
200,229,1967,3,0,1,3,2,0,0,0,4,0,0,0,0,Header
302,1828,473,4,2,2,1,1,1,3,2,6,2,1,0,1,Configuration
400,419,4474,6,1,0,0,0,1,4,2,8,1,0,1,1,Configuration
400,984,2420,5,2,0,3,2,1,2,2,8,4,0,1,1,Input Validation
400,1111,4658,8,0,1,4,2,1,4,0,11,3,0,1,1,Authorization
200,35,2425,13,0,0,2,1,0,0,0,7,0,0,0,0,Safe
301,295,948,3,1,1,3,2,0,0,0,3,1,0,0,0,Header
403,391,9994,3,0,1,3,1,1,5,0,10,0,0,0,1,Session
200,362,1230,3,2,0,4,2,1,2,2,8,1,1,0,0,Authentication
302,403,3414,7,3,1,2,2,1,0,2,2,3,1,0,0,Authentication
400,1727,1184,9,0,1,1,1,0,0,1,11,4,0,0,0,Session
200,1299,3334,3,0,0,0,0,1,4,2,5,3,0,0,1,Input Validation
500,156,4792,4,0,2,3,3,0,4,2,1,2,0,1,1,Session
200,600,9136,5,2,1,0,0,0,3,2,6,1,1,1,0,Session
302,956,7298,6,4,2,2,2,1,2,1,9,0,1,0,1,Session
400,1501,5276,3,0,1,1,2,0,3,1,1,0,1,1,0,Session
400,1162,8792,7,1,0,0,2,0,5,0,16,0,0,0,0,Information
400,1350,1701,9,1,2,1,0,1,2,0,4,2,0,0,0,Session
302,356,6811,4,1,2,1,1,1,5,2,17,1,1,0,0,Authorization
400,122,1833,3,1,0,0,3,0,5,3,3,4,0,0,0,Input Validation
400,1006,3734,2,1,0,1,3,1,3,3,9,3,1,1,0,Input Validation
401,625,5684,7,2,0,3,3,1,0,1,5,1,1,0,0,Authentication
200,83,2607,2,1,1,4,2,0,0,0,4,0,0,0,0,Header
422,1478,1680,3,2,0,3,1,0,2,3,7,4,1,0,0,Input Validation
403,784,4288,6,0,1,3,1,0,3,0,12,4,0,0,1,Session
500,1125,3936,6,1,2,1,1,1,2,0,11,3,0,1,0,Information
302,289,589,5,4,0,2,0,0,5,1,11,2,0,0,1,Information
200,712,361,6,2,0,0,2,1,7,2,6,1,1,0,0,Input Validation
403,1150,1813,3,0,0,1,2,1,2,2,3,0,1,1,1,Authorization
200,102,7261,11,1,0,3,0,0,0,0,3,2,0,0,0,Safe
200,718,1369,5,1,0,4,0,1,4,1,13,4,0,1,1,Input Validation
200,753,5137,7,3,1,3,1,1,0,2,2,1,1,0,0,Authentication
301,129,1681,4,0,0,3,3,0,0,0,4,0,0,0,0,Header
302,1271,5918,5,4,1,4,0,1,0,0,17,2,0,1,1,Authorization
400,404,3709,6,1,0,1,3,1,6,2,5,3,1,1,0,Input Validation
400,560,2121,5,0,0,2,2,1,4,2,9,1,0,1,0,Configuration
500,1531,2687,8,4,1,0,1,0,2,0,17,1,1,1,0,Information
200,1087,1092,2,2,2,1,1,0,0,1,5,1,1,1,0,Information
301,184,1690,3,0,0,3,2,0,0,0,3,0,0,0,0,Header
400,1925,7907,2,1,2,0,2,0,3,2,7,2,1,0,0,Session
200,116,2017,2,1,0,3,1,0,0,0,1,0,0,0,0,Header
200,633,2264,5,2,0,1,0,0,7,1,13,1,0,0,1,Input Validation
500,835,9148,2,4,0,2,2,0,4,2,12,3,1,1,0,Session
302,124,3425,4,3,0,2,1,1,2,2,7,3,1,0,0,Authentication
400,1359,4290,3,2,0,2,3,1,4,2,3,3,0,0,1,Input Validation
200,245,1759,1,1,1,2,1,0,0,0,1,1,0,0,0,Header
400,679,213,3,2,0,3,1,0,2,3,8,4,0,1,1,Input Validation
200,288,4845,6,1,1,3,2,1,0,2,3,3,1,0,0,Authentication
400,694,129,5,2,0,1,2,1,3,1,12,2,0,0,0,Session
302,1161,8862,5,2,0,4,2,0,5,2,11,1,1,1,1,Information
200,72,14479,9,1,0,4,1,0,0,0,7,0,0,0,0,Safe
200,1876,8215,3,4,0,3,3,1,1,2,16,3,1,0,1,Configuration
302,311,5615,5,3,2,1,0,1,0,1,11,0,1,0,0,Information
403,984,353,3,3,2,3,2,1,5,0,13,1,1,1,1,Session
200,210,1320,3,1,1,1,2,0,0,0,4,1,0,0,0,Header
400,638,7954,2,1,2,2,0,1,0,1,5,2,0,0,1,Configuration
302,562,681,3,2,0,3,0,1,3,2,9,2,1,0,0,Authentication
500,1162,3405,9,4,0,0,3,1,1,2,12,2,0,0,1,Session
301,63,1118,4,0,0,0,2,0,0,0,1,0,0,0,0,Header
500,893,1088,4,3,0,3,0,1,5,0,10,4,1,0,1,Configuration
500,497,6728,6,0,2,4,3,0,3,2,17,1,1,0,0,Session
500,1046,4849,6,1,0,3,0,0,6,3,13,3,1,1,0,Input Validation
200,241,1523,2,1,1,3,1,0,0,0,3,1,0,0,0,Header
422,172,346,5,0,0,1,1,0,3,3,4,3,1,1,0,Input Validation
403,1202,535,9,1,2,3,2,0,2,2,16,4,1,1,1,Configuration
500,1042,4791,7,0,1,4,0,0,5,2,6,2,1,1,1,Configuration
301,274,486,1,0,1,2,2,0,0,0,4,0,0,0,0,Header
400,1145,464,7,2,2,3,2,1,0,1,5,3,1,0,1,Configuration
200,905,4133,7,2,2,4,2,0,2,1,1,2,0,0,1,Information
500,1381,4506,4,0,0,2,1,0,7,2,4,2,1,1,0,Input Validation
403,212,1070,9,0,1,1,0,0,2,0,17,2,1,0,0,Configuration
500,1089,3561,7,1,1,0,2,1,1,0,18,0,0,1,1,Authorization
302,559,664,7,1,1,0,0,1,0,2,7,3,1,0,0,Authentication
200,60,1441,2,0,1,3,3,0,0,0,1,1,0,0,0,Header
200,33,14168,10,1,0,2,2,0,0,0,7,1,0,0,0,Safe
302,446,4702,3,3,0,2,3,1,2,1,7,2,1,0,0,Authentication
400,725,2597,6,1,0,0,1,1,3,3,3,2,0,0,0,Input Validation
400,602,3014,3,1,0,1,3,0,6,3,10,4,1,1,0,Input Validation
200,97,1215,2,0,1,4,2,0,0,0,3,0,0,0,0,Header
200,513,603,5,3,0,1,1,1,2,2,7,1,1,0,0,Authentication
200,163,603,1,1,1,3,1,0,0,0,4,1,0,0,0,Header
500,362,3183,3,1,0,1,1,1,3,1,5,3,0,1,0,Input Validation
200,1007,2772,3,4,0,3,2,1,3,1,13,2,0,1,1,Information
200,247,3875,6,3,2,1,3,0,5,2,18,3,0,0,1,Configuration
200,334,3340,3,1,0,0,3,0,4,2,9,2,1,1,0,Input Validation
403,1936,5225,7,4,0,2,1,0,5,0,3,4,0,0,1,Authorization
500,911,4560,4,0,0,1,1,0,5,2,6,4,1,0,0,Input Validation
400,456,1863,4,0,0,4,1,1,6,1,6,2,0,0,0,Input Validation
200,68,727,9,0,0,1,0,0,0,0,4,1,0,0,0,Safe
302,437,2762,7,1,1,0,0,1,4,1,18,3,1,0,1,Configuration
302,243,5946,7,1,2,3,3,1,1,1,1,3,1,0,0,Authentication
400,1023,6328,5,3,2,4,3,1,0,1,17,2,1,1,1,Configuration
200,117,15910,9,0,0,0,0,0,0,0,6,2,0,0,0,Safe
403,1611,9491,5,4,2,1,2,0,0,1,19,4,0,1,0,Information
403,451,4781,9,1,2,0,1,0,5,1,2,0,0,1,0,Configuration
302,1986,3601,4,2,1,2,3,1,2,0,18,3,0,0,1,Configuration
403,1992,3641,8,0,0,4,3,0,1,2,8,1,0,0,0,Configuration
500,1759,3281,3,3,2,0,0,1,0,2,8,2,0,1,0,Configuration
200,75,4989,13,1,0,4,2,0,0,0,1,2,0,0,0,Safe
200,486,3265,6,1,0,2,0,1,3,2,2,2,1,0,0,Authentication
400,307,5607,9,0,0,0,3,1,3,1,16,3,1,1,0,Information
200,771,1254,7,4,0,1,1,1,5,0,7,1,1,0,1,Configuration
200,401,3487,6,0,0,4,3,1,6,2,3,1,0,0,0,Input Validation
200,127,10273,9,1,0,3,1,0,0,0,7,2,0,0,0,Safe
200,120,2616,3,1,0,3,0,0,0,0,3,1,0,0,0,Header
422,439,943,2,2,0,0,2,0,6,1,7,3,1,0,1,Input Validation
200,126,1854,1,0,0,1,2,0,0,0,2,1,0,0,0,Header
301,296,1917,1,1,1,2,3,0,0,0,1,1,0,0,0,Header
500,575,2427,4,3,2,3,0,0,0,1,4,2,1,1,0,Session
403,468,1325,5,1,1,1,1,1,0,1,15,1,0,1,0,Session
500,1886,9689,5,2,0,4,0,0,3,0,9,4,0,0,1,Information
200,711,6423,4,3,2,0,3,1,0,1,2,2,1,0,0,Authentication
200,618,7764,6,3,0,2,2,1,0,2,3,1,1,0,0,Authentication
200,354,2314,6,1,0,2,1,1,3,1,11,2,1,0,0,Input Validation
400,673,6351,5,3,1,4,3,0,4,1,9,4,0,0,1,Authorization
200,1261,2969,4,1,0,4,2,0,7,1,6,2,1,1,0,Input Validation
401,568,6030,7,3,0,1,0,1,0,2,9,2,1,0,0,Authentication
200,751,4933,4,3,2,0,0,1,1,1,9,1,1,0,0,Authentication
500,816,1095,2,1,0,4,0,0,6,1,5,4,1,1,0,Input Validation
200,58,797,1,0,0,4,1,0,0,0,4,0,0,0,0,Header
403,357,2851,5,0,0,3,0,1,0,1,14,3,1,1,1,Session
400,226,7227,8,3,1,0,3,1,5,2,8,2,1,0,1,Authorization
500,1280,8938,8,0,2,1,1,1,3,2,5,0,0,0,1,Session
403,289,6805,8,4,2,4,2,0,3,1,1,4,0,0,1,Session
500,573,3632,6,2,0,3,1,1,7,2,2,4,1,1,1,Input Validation
200,890,5183,7,3,0,3,3,1,3,0,5,4,0,0,0,Information
500,1018,6725,6,4,2,3,3,1,3,2,8,3,1,0,0,Configuration
500,1798,5256,2,4,2,1,2,1,4,0,6,0,0,1,0,Information
200,158,2964,2,0,1,2,0,0,0,0,4,1,0,0,0,Header
301,72,2551,1,0,1,4,3,0,0,0,2,1,0,0,0,Header
200,1396,2119,6,4,2,1,2,1,1,2,10,1,1,0,1,Information
500,669,4885,3,0,0,0,1,1,7,2,2,4,1,0,0,Input Validation
500,1506,8260,5,3,0,0,0,0,4,1,3,0,0,0,1,Session
302,1469,2024,9,2,0,1,1,1,2,1,16,0,1,0,0,Information
403,1539,6528,3,1,1,1,2,0,2,0,17,0,0,1,1,Authorization
302,526,5383,9,0,1,3,1,0,1,2,13,3,0,0,1,Session
500,1134,9400,4,1,0,3,0,0,0,1,10,3,1,0,0,Information
500,1274,7799,6,2,0,0,3,0,1,1,11,1,0,1,0,Authorization
400,1741,8507,8,1,0,1,2,1,4,1,10,3,0,1,0,Configuration
200,399,4715,5,2,1,4,2,1,4,2,9,2,1,0,0,Authentication
200,88,7241,14,0,0,4,3,0,0,0,7,0,0,0,0,Safe
200,58,5797,6,3,2,0,2,1,0,1,1,3,1,0,0,Authentication
200,1576,3221,8,0,0,1,1,1,1,0,2,2,1,1,0,Configuration
200,113,321,1,0,1,0,0,0,0,0,2,0,0,0,0,Header
401,708,4442,3,3,0,4,2,1,0,2,2,1,1,0,0,Authentication
200,156,3896,6,2,0,3,3,0,3,3,8,2,0,0,0,Input Validation
200,1186,2151,7,0,0,1,3,0,3,0,10,2,0,0,0,Authorization
401,641,6026,3,1,2,0,3,1,1,2,8,2,1,0,0,Authentication
500,1610,6978,4,0,2,2,0,1,0,2,11,0,1,0,0,Authorization
200,261,2096,3,1,1,3,3,0,0,0,4,0,0,0,0,Header
302,685,6538,3,2,0,4,1,1,0,2,8,2,1,0,0,Authentication
400,1166,9368,9,3,1,0,0,1,0,1,11,3,0,0,1,Session
400,1259,7834,4,3,2,4,1,1,5,2,14,3,1,1,1,Configuration
200,89,2169,4,1,0,3,3,0,0,0,1,1,0,0,0,Header
200,87,769,4,0,1,4,1,0,0,0,2,1,0,0,0,Header
200,645,3743,6,2,2,4,0,1,1,2,8,3,1,0,0,Authentication
403,793,2528,7,2,0,4,2,1,4,2,4,0,1,0,1,Information
200,104,3331,13,0,0,2,3,0,0,0,1,0,0,0,0,Safe
403,1797,6950,7,0,2,1,3,0,2,0,2,2,0,0,0,Information
403,1680,418,2,3,2,2,3,0,0,2,13,4,1,0,1,Configuration
200,191,17362,8,1,0,0,0,0,0,0,5,0,0,0,0,Safe
400,1498,3712,4,2,1,3,2,0,3,1,5,1,1,1,0,Configuration
200,414,922,3,1,0,3,2,1,7,3,7,3,0,1,1,Input Validation
500,218,8053,8,3,0,1,0,1,4,1,10,0,0,0,0,Session
500,377,7210,2,1,1,2,1,1,5,0,13,0,0,0,0,Configuration
200,95,1057,3,1,1,4,0,0,0,0,3,1,0,0,0,Header
500,937,6115,2,0,2,1,0,1,5,1,13,4,1,1,1,Authorization
422,1360,3979,4,0,0,0,2,1,7,2,7,4,1,1,1,Input Validation
200,216,2953,1,1,1,2,3,0,0,0,3,0,0,0,0,Header
200,40,6260,12,0,0,3,3,0,0,0,4,2,0,0,0,Safe
403,720,4893,2,0,2,2,1,0,0,2,13,2,1,1,0,Authorization
403,1525,7142,3,4,2,0,0,0,4,0,12,2,1,0,0,Authorization
302,917,2869,7,0,2,4,2,0,5,1,7,3,0,1,0,Authorization
403,753,9848,9,2,2,4,1,0,0,2,5,4,1,1,1,Configuration
200,23,16246,12,1,0,3,0,0,0,0,4,0,0,0,0,Safe
400,398,6314,6,1,0,1,2,1,2,2,12,2,0,1,0,Configuration
403,216,1460,4,2,1,1,1,0,1,0,11,4,1,0,0,Authorization
200,1680,3465,6,2,1,1,3,1,4,2,6,4,1,1,0,Configuration
200,64,438,3,1,1,1,1,0,0,0,4,0,0,0,0,Header
200,1189,1896,4,0,0,2,2,0,7,3,5,2,0,0,0,Input Validation
500,1065,8205,8,0,2,2,3,0,0,1,19,2,1,1,0,Authorization
302,251,6413,7,2,2,1,2,1,1,1,5,2,1,0,0,Authentication
403,1053,603,2,3,1,0,0,1,2,1,6,2,0,1,1,Authorization
500,1570,3826,7,3,1,3,3,0,0,0,12,2,0,1,1,Configuration
422,675,329,4,1,0,4,0,1,2,3,10,3,1,0,0,Input Validation
200,137,505,3,0,0,1,2,0,0,0,1,0,0,0,0,Header
200,25,13312,14,0,0,0,0,0,0,0,1,0,0,0,0,Safe
200,46,976,4,0,0,4,1,0,0,0,3,0,0,0,0,Header
200,117,2772,4,1,1,3,3,0,0,0,1,0,0,0,0,Header
200,109,12738,10,0,0,3,3,0,0,0,1,1,0,0,0,Safe
200,72,16849,11,0,0,2,0,0,0,0,7,2,0,0,0,Safe
200,1318,7416,5,3,1,2,3,0,3,1,2,3,0,0,1,Configuration
401,585,6535,5,1,2,3,2,1,3,2,4,3,1,0,0,Authentication
304,115,12420,8,0,0,4,1,0,0,0,4,1,0,0,0,Safe
200,1858,1113,6,3,2,2,0,0,1,0,9,4,1,1,1,Authorization
403,930,7960,3,0,0,0,3,1,2,1,8,0,1,1,1,Authorization
403,1148,8434,4,4,0,4,3,0,1,1,6,3,1,0,0,Information
401,205,2934,5,1,2,1,1,1,1,2,4,1,1,0,0,Authentication
500,1569,1758,6,1,0,3,0,0,1,0,9,1,1,0,0,Authorization
500,1029,4558,2,1,0,2,3,0,7,1,5,3,0,0,0,Input Validation
500,1485,6385,3,4,1,4,0,0,5,0,13,1,0,1,0,Information
302,630,1365,9,3,1,3,3,1,2,0,4,4,0,1,0,Authorization
200,240,1728,2,4,0,4,0,0,5,1,11,3,1,1,0,Authorization
200,47,6225,8,0,0,3,2,0,0,0,4,0,0,0,0,Safe
400,68,7736,3,0,2,0,1,1,0,2,15,2,0,1,1,Configuration
200,542,3519,3,2,0,0,1,1,5,1,3,4,0,0,0,Input Validation
200,68,1766,1,1,0,2,0,0,0,0,1,0,0,0,0,Header
302,156,587,6,1,2,3,0,1,3,1,7,1,1,0,0,Authentication
500,153,4037,8,2,0,4,1,1,5,0,15,3,0,0,0,Configuration
500,144,8560,2,1,0,2,1,0,3,0,4,2,1,1,1,Session
403,141,8942,9,4,2,3,2,1,4,2,15,2,0,1,1,Configuration
200,509,1200,7,2,2,1,1,1,3,1,5,1,1,0,0,Authentication
200,445,1918,5,3,1,4,1,1,4,2,5,1,1,0,0,Authentication
422,1465,2185,5,0,0,2,2,0,2,3,2,1,1,1,0,Input Validation
200,142,7449,14,1,0,1,2,0,0,0,5,1,0,0,0,Safe
302,1070,5634,7,1,1,0,1,1,2,1,18,3,1,1,1,Session
400,1667,1386,8,0,2,4,0,0,4,2,15,4,1,0,1,Configuration
200,728,5174,4,2,1,0,2,1,0,2,1,2,1,0,0,Authentication
304,38,8801,12,0,0,1,3,0,0,0,4,2,0,0,0,Safe
200,183,4592,8,2,2,4,0,0,0,1,19,2,0,0,1,Information
200,261,4951,7,3,0,2,2,1,2,2,6,2,1,0,0,Authentication
200,73,618,4,0,1,0,0,0,0,0,2,1,0,0,0,Header
301,192,1056,1,0,1,2,0,0,0,0,3,1,0,0,0,Header
200,625,902,6,1,2,4,1,1,1,1,7,1,1,0,0,Authentication
200,122,11072,13,0,0,2,1,0,0,0,1,1,0,0,0,Safe
200,367,6289,3,3,1,3,2,1,1,2,4,1,1,0,0,Authentication
400,473,3837,6,0,0,1,1,1,5,1,5,4,0,0,0,Input Validation
500,795,4393,4,0,1,3,0,1,2,1,4,0,1,1,1,Information
200,70,1315,4,0,1,4,0,0,0,0,2,1,0,0,0,Header
500,366,6076,7,4,0,0,2,0,5,1,16,4,1,1,0,Configuration
500,1612,7099,4,4,2,3,2,1,4,2,9,2,0,0,1,Configuration
400,299,2794,3,1,0,3,2,1,2,1,11,4,1,1,0,Input Validation
200,381,5075,4,3,1,2,1,1,1,1,8,3,1,0,0,Authentication
400,1225,3673,7,2,0,1,1,1,4,0,7,3,1,0,1,Information
200,519,3920,6,1,1,3,3,1,0,2,1,3,1,0,0,Authentication
500,1983,2668,2,1,0,1,0,0,3,0,14,2,0,0,0,Authorization
422,100,3956,3,2,0,2,3,1,6,3,14,3,0,0,1,Input Validation
200,186,2744,4,1,0,2,2,0,0,0,1,1,0,0,0,Header
200,961,236,4,2,0,3,1,0,5,1,5,1,1,1,1,Input Validation
200,59,651,9,0,0,3,3,0,0,0,3,0,0,0,0,Safe
302,416,7849,5,2,0,0,2,1,1,1,6,1,0,1,0,Authorization
500,885,4878,3,1,0,1,0,1,7,1,7,2,1,1,1,Input Validation
500,1498,840,5,2,0,3,1,0,5,3,8,2,1,0,0,Input Validation
200,246,2429,3,0,0,3,2,0,0,0,2,1,0,0,0,Header
302,1583,2649,2,2,1,4,2,1,2,2,13,2,0,0,1,Configuration
302,479,4377,7,3,2,1,0,1,1,1,3,1,1,0,0,Authentication
500,257,9615,3,2,0,1,2,1,2,1,3,0,1,1,0,Session
200,60,791,14,1,0,2,1,0,0,0,6,2,0,0,0,Safe
500,654,8738,5,1,0,1,1,1,4,2,11,4,1,1,1,Configuration
500,350,4823,6,3,0,2,3,0,3,2,3,0,1,0,1,Configuration
200,121,511,3,1,1,1,2,0,0,0,1,1,0,0,0,Header
500,1234,2260,2,1,0,4,1,1,6,1,8,2,0,0,1,Input Validation
301,277,1364,2,1,0,4,0,0,0,0,3,0,0,0,0,Header
403,1694,2784,8,2,0,3,3,0,1,2,14,4,1,1,1,Authorization
200,700,3555,4,3,0,3,0,1,3,2,3,1,1,0,0,Authentication
500,935,901,3,2,0,2,3,0,5,2,9,1,0,1,1,Input Validation
200,71,1920,1,0,0,3,3,0,0,0,4,0,0,0,0,Header
200,1503,5167,6,4,1,4,1,1,4,2,18,1,0,1,0,Session
200,101,681,4,1,1,2,0,0,0,0,2,1,0,0,0,Header
200,179,265,4,0,0,2,1,0,3,1,14,4,0,1,0,Input Validation
400,1035,1585,3,1,0,4,3,0,5,1,14,3,1,0,0,Authorization
401,547,1036,4,1,0,3,3,1,3,2,3,3,1,0,0,Authentication
403,1861,9205,7,3,0,3,3,0,5,1,2,4,1,1,1,Configuration
403,1548,3466,6,2,2,2,2,1,4,1,10,4,1,1,1,Authorization
401,319,4069,7,1,1,1,2,1,4,1,1,2,1,0,0,Authentication
302,516,7654,9,4,1,4,3,0,0,2,12,2,0,1,1,Configuration
302,642,5007,4,0,2,3,1,0,0,1,15,4,0,1,0,Information
200,279,1570,1,0,0,1,3,0,0,0,3,1,0,0,0,Header
500,252,1589,9,0,1,2,0,0,5,2,7,2,0,1,1,Session
200,1378,2884,7,3,1,3,1,0,2,0,11,3,1,0,1,Configuration
400,1244,5556,7,1,0,2,1,0,4,1,17,2,0,0,0,Configuration
301,60,2502,1,1,1,3,2,0,0,0,3,1,0,0,0,Header
403,175,8553,8,3,1,2,0,1,2,2,12,2,1,1,1,Configuration
200,247,126,3,1,0,0,3,0,0,0,4,1,0,0,0,Header
302,1278,6829,6,1,1,0,3,1,4,1,19,0,1,1,1,Session
302,546,8733,5,1,1,4,3,0,3,0,14,2,1,0,0,Session
302,696,3409,3,2,1,3,3,1,3,1,5,1,1,0,0,Authentication
200,1161,2762,7,0,1,4,1,1,0,0,1,0,0,1,0,Session
422,1083,782,5,0,0,3,0,1,5,2,4,4,0,1,0,Input Validation
422,246,1916,6,2,0,4,0,1,3,3,13,3,1,1,0,Input Validation
403,594,3164,8,3,2,2,1,1,4,0,16,1,0,0,0,Session
200,164,3134,10,1,0,0,0,0,0,0,6,0,0,0,0,Safe
200,1976,4522,8,0,1,3,2,0,3,1,13,2,0,1,1,Configuration
500,1954,668,4,1,2,4,1,1,3,1,11,1,1,1,1,Information
200,154,4368,9,0,0,0,0,0,0,0,2,0,0,0,0,Safe
200,432,4760,2,0,0,3,1,1,2,3,7,1,0,1,1,Input Validation
200,1295,2946,4,4,1,4,2,1,1,2,2,1,1,0,0,Session
500,386,440,8,0,1,3,2,1,0,0,2,4,0,1,1,Information
403,1292,8963,2,3,0,4,2,1,2,2,4,0,1,0,0,Configuration
200,140,3628,6,0,0,4,3,1,7,2,8,2,1,1,0,Input Validation
403,91,872,6,2,0,2,3,1,0,2,9,3,1,0,0,Authentication
200,765,9937,8,3,2,0,1,1,2,1,7,4,1,1,0,Session
200,98,9094,7,0,2,2,1,1,5,0,14,2,1,0,0,Configuration
500,1465,208,5,0,0,0,3,1,3,3,6,4,0,1,1,Input Validation
400,794,1012,7,1,1,2,3,0,4,0,15,2,1,1,0,Information
200,573,1854,5,0,0,1,3,1,7,3,8,4,1,0,0,Input Validation
200,233,1854,3,0,0,2,1,1,6,3,13,3,0,0,0,Input Validation
400,888,139,3,1,2,3,1,0,0,0,13,2,1,0,0,Information
200,1779,418,4,3,2,0,0,0,0,1,7,0,1,1,0,Session
200,1204,1559,9,3,2,1,0,1,4,0,8,2,1,0,1,Configuration
200,27,5231,12,1,0,4,1,0,0,0,7,1,0,0,0,Safe
400,1976,2158,9,2,1,3,2,1,1,0,18,4,1,0,0,Authorization
302,1881,8985,8,0,1,1,2,0,5,0,17,4,1,0,1,Configuration
403,1492,9999,8,4,0,4,2,0,0,0,12,3,1,1,0,Information
200,280,394,3,0,0,1,3,0,0,0,4,1,0,0,0,Header
400,428,4331,3,4,1,1,1,1,1,2,10,2,1,0,0,Session
500,1597,5705,7,2,2,3,2,1,0,1,7,1,1,0,1,Information
302,928,3559,3,2,2,1,1,1,4,0,18,4,1,0,1,Configuration
400,1297,994,3,1,0,1,3,0,5,2,9,4,0,0,1,Input Validation
400,1744,955,9,3,1,4,3,1,2,1,5,2,0,0,0,Configuration
200,1183,2341,8,2,2,3,0,1,4,2,1,4,0,0,1,Information
200,213,2454,1,0,1,0,0,0,0,0,2,1,0,0,0,Header
302,218,4395,2,2,2,3,2,0,4,1,16,4,0,1,0,Configuration
301,56,1240,1,0,0,1,1,0,0,0,2,0,0,0,0,Header
302,1471,8816,9,4,1,2,1,0,2,1,8,1,0,0,1,Information
200,463,1181,4,2,0,1,0,1,5,1,14,3,1,0,1,Input Validation
200,823,6507,2,3,1,1,2,1,1,1,5,0,0,1,1,Session
200,1252,1079,2,0,0,0,3,1,7,2,7,2,1,0,0,Input Validation
400,1621,6740,7,4,0,0,3,0,4,2,18,2,1,1,0,Information
500,1365,9756,7,3,1,4,1,1,2,1,4,4,1,1,0,Session
500,618,2270,3,0,0,1,1,1,6,2,4,2,0,0,1,Input Validation
200,147,14667,11,0,0,2,2,0,0,0,1,0,0,0,0,Safe
500,787,1004,2,0,0,4,0,0,2,1,14,3,1,1,1,Input Validation
400,991,2345,3,0,0,0,2,0,6,3,2,2,1,1,1,Input Validation
200,1439,3956,5,3,1,2,1,0,4,1,2,4,0,0,0,Session
302,1224,5091,8,1,0,1,2,0,1,2,14,4,0,1,0,Configuration
200,786,2730,2,0,0,2,0,1,5,2,2,4,1,1,1,Input Validation
400,285,4064,3,2,0,2,0,0,6,3,4,3,0,1,0,Input Validation
200,81,19588,10,1,0,0,0,0,0,0,4,1,0,0,0,Safe
200,1302,1223,8,4,0,1,0,0,4,1,19,2,0,1,1,Session
500,847,3563,5,0,0,4,3,1,3,1,11,1,0,1,1,Configuration
200,1260,4230,4,0,0,2,3,0,4,3,8,4,0,0,0,Input Validation
200,534,9479,9,4,2,1,0,1,5,2,6,4,1,1,0,Session
200,140,838,3,1,2,4,1,1,3,2,4,3,1,0,0,Authentication
200,96,19896,12,0,0,1,3,0,0,0,2,0,0,0,0,Safe
500,659,2385,6,0,0,2,0,0,3,3,7,2,0,0,1,Input Validation
200,37,2242,8,1,0,1,2,0,0,0,7,1,0,0,0,Safe
200,126,11973,14,0,0,4,2,0,0,0,6,2,0,0,0,Safe
200,73,1500,3,1,1,4,1,0,0,0,1,0,0,0,0,Header
200,1204,1934,3,0,2,1,1,0,4,2,3,2,0,0,0,Configuration
200,1790,7141,5,4,2,1,3,1,3,0,11,1,0,0,1,Configuration
403,1578,9395,8,4,1,4,2,0,0,2,18,2,1,1,0,Session
302,1410,7777,7,1,1,2,3,1,2,2,12,2,1,1,0,Information
403,1717,6648,5,1,2,2,2,0,0,0,17,2,0,0,1,Configuration
400,622,1894,6,1,0,1,2,0,7,2,5,1,1,0,0,Input Validation
200,162,1039,4,1,0,3,1,0,0,0,3,0,0,0,0,Header
500,1292,7572,4,3,1,4,0,1,3,0,9,3,1,0,0,Session
500,186,1457,5,3,2,4,3,1,0,0,17,2,0,0,0,Configuration
200,1804,8657,5,3,1,1,3,0,4,2,17,2,0,1,1,Information
302,1043,7651,7,2,2,4,3,0,0,2,8,2,0,1,1,Configuration
403,526,1610,4,2,0,1,2,1,2,2,6,1,1,0,0,Authentication
200,217,3802,4,1,0,0,2,1,0,2,3,2,1,0,0,Authentication
200,164,1652,3,1,0,0,2,1,2,2,9,3,0,0,0,Input Validation
500,1784,6831,3,2,2,0,3,0,4,1,3,0,0,1,1,Information
200,45,1298,4,1,1,4,3,0,0,0,4,0,0,0,0,Header
500,225,701,4,0,0,2,3,1,7,1,14,3,0,1,1,Input Validation
200,1402,1046,3,1,0,4,3,0,3,3,8,4,1,1,1,Input Validation
200,35,1158,3,1,0,2,0,0,0,0,1,0,0,0,0,Header
401,163,1511,4,1,1,3,1,1,1,2,9,3,1,0,0,Authentication
302,952,3784,9,2,1,3,0,1,2,2,8,2,1,1,0,Session
304,169,6786,11,0,0,4,2,0,0,0,3,0,0,0,0,Safe
403,1102,8822,8,0,1,4,1,1,0,0,4,4,0,0,0,Configuration
403,1913,1508,7,1,2,3,1,1,1,1,15,1,0,0,1,Configuration
200,64,824,3,1,0,4,3,0,0,0,3,1,0,0,0,Header
500,693,1911,4,0,0,4,0,0,5,3,3,1,1,0,0,Input Validation
302,328,5970,6,0,2,1,1,0,2,1,8,2,1,1,1,Authorization
301,249,432,2,1,1,2,0,0,0,0,2,1,0,0,0,Header
500,1758,6600,8,0,2,4,3,0,2,1,18,1,0,0,0,Authorization
400,545,6729,5,2,2,2,0,0,2,2,11,2,0,1,1,Information
302,733,9571,8,2,1,1,3,0,4,0,3,1,1,1,0,Configuration
200,169,564,2,1,0,0,3,0,0,0,4,1,0,0,0,Header
200,456,9645,8,2,1,1,3,0,3,1,13,3,0,1,0,Configuration
302,71,7082,9,1,0,4,2,1,4,2,6,4,1,0,0,Authorization
403,277,6716,5,0,0,4,1,0,3,0,5,1,1,1,0,Configuration
200,139,7952,13,0,0,2,1,0,0,0,5,1,0,0,0,Safe
500,283,929,3,3,2,4,2,0,4,2,15,4,0,1,0,Configuration
200,686,6270,9,3,2,0,0,0,5,0,11,1,1,1,0,Information
301,41,1617,3,0,1,4,1,0,0,0,1,1,0,0,0,Header
302,582,5218,4,3,0,3,3,1,1,2,7,3,1,0,0,Authentication
200,1168,3618,8,0,2,0,3,1,5,1,6,3,0,0,0,Configuration
200,849,3320,6,2,0,2,2,0,3,1,12,2,0,0,0,Input Validation
403,1976,9452,7,1,1,3,1,0,1,0,15,0,1,1,0,Information
200,855,4348,2,1,0,4,3,1,3,1,6,3,0,1,1,Input Validation
200,958,2220,3,0,0,2,3,1,4,3,11,2,1,1,1,Input Validation
200,311,5750,3,2,0,1,1,1,4,1,4,2,1,0,0,Authentication
302,605,399,4,3,1,0,2,1,5,2,12,2,0,0,0,Configuration
400,327,2663,9,3,1,3,3,1,3,2,5,3,0,0,1,Session
302,1797,9040,7,0,1,2,2,1,0,1,13,3,1,1,1,Authorization
200,69,1873,3,0,0,1,3,0,0,0,2,0,0,0,0,Header
200,31,2446,13,1,0,2,0,0,0,0,5,1,0,0,0,Safe
200,790,2344,7,2,1,2,0,1,1,2,4,1,1,0,0,Authentication
403,840,9078,9,1,2,1,3,1,0,0,14,3,0,1,1,Authorization
401,788,3522,4,3,2,0,1,1,4,1,3,1,1,0,0,Authentication
200,627,437,6,4,0,4,3,1,2,0,17,1,1,0,0,Configuration
401,594,7439,6,2,0,0,3,1,2,1,7,2,1,0,0,Authentication
200,180,1759,4,0,1,3,1,0,0,0,4,1,0,0,0,Header
403,639,687,5,4,1,3,1,0,4,1,11,0,1,0,0,Configuration
200,201,2231,2,0,1,0,3,0,0,0,2,0,0,0,0,Header
200,197,19981,12,1,0,3,0,0,0,0,6,0,0,0,0,Safe
500,1439,4913,2,1,0,3,3,0,4,3,4,4,1,0,1,Input Validation
400,80,6203,8,0,1,3,1,1,4,2,18,3,1,1,1,Authorization
200,768,959,4,2,0,2,3,1,4,1,6,1,1,0,0,Authentication
302,203,1261,5,3,2,2,2,1,0,2,7,2,1,0,0,Authentication
200,168,9722,11,0,0,3,3,0,0,0,1,1,0,0,0,Safe
200,130,4397,14,1,0,1,2,0,0,0,3,2,0,0,0,Safe
200,1376,1666,5,0,0,0,0,1,4,1,8,1,0,0,1,Input Validation
500,1474,4411,6,1,0,4,2,1,2,3,7,4,0,1,0,Input Validation
200,734,1860,4,4,0,1,2,1,1,1,5,4,0,0,0,Configuration
422,103,3647,2,0,0,4,3,1,2,2,12,3,0,1,1,Input Validation
500,1366,8633,3,2,1,0,3,0,0,0,4,4,1,1,0,Configuration
500,1182,2257,2,1,0,1,0,0,2,3,4,3,1,0,0,Input Validation
500,452,3502,2,2,1,2,0,0,3,0,10,3,0,1,1,Information
302,1008,4992,7,0,1,2,1,0,4,2,15,2,1,1,1,Information
200,81,261,1,0,1,4,1,0,0,0,1,0,0,0,0,Header
200,150,204,4,1,1,0,2,0,0,0,2,0,0,0,0,Header
200,169,5352,11,1,0,3,3,0,0,0,3,1,0,0,0,Safe
302,252,2634,9,3,0,1,0,0,2,1,5,0,1,1,0,Session
500,494,2611,4,0,0,3,0,1,2,2,5,4,1,0,1,Input Validation
301,281,2143,1,1,1,4,1,0,0,0,2,0,0,0,0,Header
200,1404,8165,6,4,0,2,1,0,2,1,13,4,0,1,0,Configuration
200,875,3610,6,2,0,3,1,1,7,1,5,2,0,1,0,Input Validation
302,455,7539,4,1,2,1,3,1,4,1,4,3,1,0,0,Authentication
200,439,461,2,0,0,1,1,1,7,1,7,1,1,1,0,Input Validation
200,1296,6161,6,1,0,0,0,1,0,2,13,0,0,0,0,Information
200,674,1992,5,0,0,0,1,1,5,2,5,2,1,0,0,Input Validation
500,1769,2050,2,2,1,2,2,0,1,1,12,3,1,1,0,Authorization
200,26,13295,8,1,0,1,2,0,0,0,7,1,0,0,0,Safe
500,1178,9424,6,0,2,2,3,0,1,2,15,4,0,1,0,Authorization
400,321,8263,7,1,2,0,1,1,2,0,2,2,0,1,1,Session
200,339,491,2,1,0,0,1,0,7,1,5,2,1,1,1,Input Validation
302,949,813,5,3,0,2,3,1,1,2,4,0,1,0,0,Configuration
403,71,8851,6,2,0,2,3,0,1,2,8,2,0,0,1,Session
400,1979,7010,7,4,0,1,0,1,1,2,6,1,1,0,1,Authorization
200,1488,7923,9,0,2,3,0,1,2,0,18,4,1,0,1,Information
500,132,4707,3,1,0,3,3,1,5,1,3,2,1,0,0,Input Validation
200,1156,2889,2,2,0,4,3,1,3,0,2,2,0,0,1,Information
400,721,2003,5,0,1,0,3,0,1,0,4,0,1,0,0,Configuration
400,193,935,5,2,0,0,0,1,5,2,11,3,0,0,1,Input Validation
500,1162,1730,9,0,1,0,1,1,3,2,14,2,0,0,0,Information
200,546,7491,3,1,1,2,3,1,1,1,6,2,1,0,0,Authentication
403,120,1463,3,3,2,0,2,1,5,0,5,1,0,1,0,Configuration
200,200,4650,7,3,0,4,1,1,2,2,7,2,1,0,0,Authentication
302,911,6171,6,0,2,0,1,0,3,1,1,2,1,1,1,Configuration
200,132,2951,1,1,1,1,2,0,0,0,3,0,0,0,0,Header
200,61,15994,14,1,0,3,2,0,0,0,3,0,0,0,0,Safe
403,159,1081,6,2,2,4,1,1,4,1,5,1,1,0,0,Authentication
403,858,3180,6,3,1,1,0,0,1,1,18,0,1,1,1,Information
200,136,4829,3,3,0,3,2,1,1,1,8,2,1,0,0,Authentication
400,369,5238,6,4,2,4,0,1,2,1,9,1,1,1,1,Information
400,578,2704,7,3,0,4,1,1,5,0,3,3,0,1,0,Authorization
500,888,7630,2,4,2,4,1,1,4,2,3,3,0,0,1,Configuration
200,100,2489,1,0,1,0,1,0,0,0,3,0,0,0,0,Header
200,57,18205,12,1,0,0,1,0,0,0,6,2,0,0,0,Safe
302,1518,7327,9,3,2,3,2,0,0,1,13,3,1,1,1,Information
200,77,1419,3,0,0,4,1,0,0,0,4,1,0,0,0,Header
200,501,6617,4,1,0,4,0,1,0,1,9,2,1,0,0,Authentication
500,1432,3500,2,1,2,2,0,1,0,2,12,4,0,0,1,Information
500,511,1390,4,0,2,2,3,0,3,1,4,1,1,0,0,Authorization
302,1035,2230,3,3,0,4,2,1,3,0,16,1,0,0,0,Information
200,172,2904,1,1,1,2,0,0,0,0,4,1,0,0,0,Header
200,816,3605,8,2,1,2,0,1,5,2,11,4,0,1,0,Session
500,1031,402,3,2,0,1,2,1,5,2,4,1,0,1,1,Input Validation
200,216,2770,1,0,0,4,3,0,0,0,3,1,0,0,0,Header
200,257,630,2,1,1,0,3,0,0,0,1,1,0,0,0,Header
500,482,4416,6,0,0,1,1,1,3,1,3,2,1,0,0,Input Validation
302,1777,1280,7,3,1,3,1,1,4,1,9,3,0,1,0,Authorization
302,1168,5907,4,3,2,4,1,0,2,2,9,2,1,0,1,Information
200,92,17191,10,0,0,3,2,0,0,0,3,1,0,0,0,Safe
200,279,4048,4,0,2,0,2,0,3,2,8,1,1,1,1,Configuration
302,703,4094,2,2,1,2,3,0,1,1,15,3,1,1,1,Configuration
302,730,5536,7,1,0,1,1,1,2,2,7,3,1,0,0,Authentication
200,143,885,4,0,0,1,1,0,0,0,4,0,0,0,0,Header
200,1561,8234,4,0,1,4,2,1,1,0,16,1,1,1,1,Information
200,281,7235,4,3,0,2,0,1,1,1,6,2,1,0,0,Authentication
200,80,17005,10,0,0,0,2,0,0,0,3,0,0,0,0,Safe
301,235,2917,2,1,1,2,0,0,0,0,1,0,0,0,0,Header
200,683,2253,5,3,2,4,1,1,2,2,5,2,1,0,0,Authentication
500,1862,2875,3,0,2,0,1,0,2,0,13,2,0,1,0,Information
400,1065,4483,4,4,1,0,3,1,2,0,11,3,0,1,0,Information
302,497,7361,4,3,1,1,2,1,4,2,8,2,1,0,0,Authentication
200,423,1734,7,4,0,3,0,0,4,2,9,4,0,0,1,Authorization
302,718,9577,6,0,2,4,0,1,5,2,16,2,0,1,0,Configuration
403,1894,4932,5,3,1,1,1,1,3,1,13,4,0,1,1,Configuration
500,622,4797,8,1,2,4,1,1,3,2,10,3,0,1,1,Session
200,189,2287,8,0,0,0,2,0,0,0,4,2,0,0,0,Safe
400,379,8982,6,0,0,3,1,0,5,2,6,3,1,0,0,Information
200,256,2704,1,1,0,1,0,0,0,0,2,1,0,0,0,Header
400,56,2915,4,1,0,0,1,0,3,2,8,1,0,0,1,Information
301,158,1366,2,1,0,4,1,0,0,0,1,0,0,0,0,Header
200,242,977,7,0,1,0,0,0,3,0,9,4,1,0,0,Configuration
500,418,4983,8,4,1,4,0,0,5,2,4,4,0,1,1,Configuration
400,336,3347,4,2,1,3,1,1,0,1,13,4,1,0,0,Configuration
200,48,19266,13,0,0,4,1,0,0,0,3,2,0,0,0,Safe
403,102,5950,4,0,2,4,0,1,0,2,5,1,1,0,0,Configuration
403,250,3512,4,1,1,3,0,1,0,2,13,1,0,1,0,Configuration
302,1467,7867,2,3,0,0,3,0,5,2,17,2,1,0,1,Configuration
500,1001,7471,3,2,2,1,3,1,4,0,4,2,0,1,1,Session
400,1706,1371,9,4,0,0,0,1,5,1,1,3,0,1,0,Authorization
500,192,1102,3,2,2,3,0,0,1,0,12,4,0,0,1,Configuration
200,27,1733,10,1,0,3,2,0,0,0,2,1,0,0,0,Safe
400,1922,1933,6,3,1,4,2,1,3,0,1,1,0,0,0,Information
400,1407,2809,4,0,0,3,3,0,2,3,7,4,1,0,0,Input Validation
200,1389,7763,6,1,2,1,0,1,3,0,7,4,0,1,0,Configuration
302,1125,6976,2,2,1,2,0,1,0,2,5,4,1,0,1,Configuration
200,146,1415,3,0,0,3,3,0,0,0,4,1,0,0,0,Header
200,117,18523,11,0,0,2,3,0,0,0,2,0,0,0,0,Safe
200,144,367,4,0,1,1,1,0,0,0,1,1,0,0,0,Header
301,299,1955,4,0,1,3,2,0,0,0,2,0,0,0,0,Header
302,554,2504,3,3,1,3,1,1,3,0,13,4,0,0,1,Information
200,185,2598,3,1,0,1,3,0,0,0,2,0,0,0,0,Header
200,345,2939,5,0,0,0,1,0,2,1,4,1,0,1,1,Input Validation
400,334,9865,6,2,1,0,3,0,1,0,3,1,1,1,1,Information
302,1984,8212,8,4,0,4,1,0,2,1,4,4,0,0,1,Authorization
500,628,4309,3,2,0,0,2,1,5,3,11,4,0,0,1,Input Validation
302,1042,9876,9,3,1,0,0,0,3,1,15,3,1,0,0,Configuration
500,1726,6699,6,3,1,0,0,0,1,0,7,0,1,0,0,Configuration
200,227,1399,4,1,1,4,2,0,0,0,3,1,0,0,0,Header
200,143,1508,2,0,1,1,3,0,0,0,3,1,0,0,0,Header
500,1333,5411,6,3,0,4,2,1,1,2,14,0,0,1,1,Information
200,22,7832,14,0,0,0,3,0,0,0,3,2,0,0,0,Safe
500,1465,9852,8,4,0,0,0,1,3,0,14,2,0,0,1,Configuration
200,1212,9511,8,4,2,3,1,1,3,0,8,4,1,1,0,Session
200,1093,3660,5,1,1,1,2,0,3,0,9,0,0,0,0,Information
200,1098,7697,8,4,0,4,0,0,2,1,17,0,0,0,1,Session
302,815,975,8,3,1,3,1,0,5,0,3,4,1,1,0,Session
200,154,5061,6,1,1,0,2,1,4,2,4,2,1,0,0,Authentication
200,44,14068,13,1,0,2,1,0,0,0,6,2,0,0,0,Safe
200,59,1427,3,0,1,4,1,0,0,0,2,1,0,0,0,Header
500,1042,3062,4,4,2,4,3,1,1,0,16,0,0,0,1,Session
400,200,4788,8,1,2,2,1,0,4,2,2,3,1,1,1,Information
401,78,4559,4,1,2,2,2,1,0,2,1,1,1,0,0,Authentication
302,67,3809,4,2,1,3,2,1,2,0,16,4,0,1,1,Information
200,196,239,2,0,1,3,1,0,0,0,1,1,0,0,0,Header
200,1585,8079,4,2,1,4,0,0,3,1,9,4,0,1,1,Configuration
200,199,15819,12,0,0,3,2,0,0,0,2,0,0,0,0,Safe
301,288,608,3,1,0,3,0,0,0,0,1,1,0,0,0,Header
200,158,8959,14,1,0,2,3,0,0,0,3,2,0,0,0,Safe
200,250,6430,5,3,0,4,2,1,4,2,7,3,1,0,0,Authentication
403,448,8495,3,3,2,0,0,0,3,0,7,1,0,0,0,Information
200,278,2803,3,1,0,0,0,0,0,0,3,0,0,0,0,Header
400,1612,954,9,0,2,0,3,1,0,0,7,4,1,1,0,Configuration
200,1794,4062,4,1,1,2,2,0,3,2,17,2,0,0,0,Information
200,230,2152,3,1,0,3,0,0,0,0,3,1,0,0,0,Header
403,1439,4352,9,3,0,3,1,1,5,1,8,0,1,1,0,Information
200,1433,8691,2,1,1,1,1,1,4,0,14,1,1,1,1,Information
500,932,5705,5,0,0,1,0,1,0,2,13,1,0,1,1,Configuration
301,171,556,1,0,0,3,2,0,0,0,3,1,0,0,0,Header
500,1103,4450,6,2,0,0,2,0,6,3,2,3,0,1,1,Input Validation
200,57,358,4,1,1,1,1,0,0,0,2,0,0,0,0,Header
200,60,552,1,1,0,1,0,0,0,0,3,1,0,0,0,Header
301,130,2570,4,0,0,0,2,0,0,0,1,1,0,0,0,Header
200,291,7363,4,1,2,2,0,1,0,1,9,2,1,0,0,Authentication
400,1279,9633,2,2,1,3,0,0,0,1,16,4,0,0,0,Session
200,34,5539,9,0,0,2,2,0,0,0,2,0,0,0,0,Safe
200,265,494,2,0,0,1,3,0,0,0,4,0,0,0,0,Header
403,492,3114,5,1,0,0,1,1,5,0,5,4,1,1,1,Configuration
403,1062,7934,6,4,2,2,0,1,5,1,7,1,0,0,1,Configuration
200,70,5185,5,2,0,1,3,1,3,1,1,2,1,0,0,Authentication
500,908,5188,4,4,0,0,1,0,1,0,9,3,0,1,0,Configuration
301,113,697,1,1,0,2,2,0,0,0,2,0,0,0,0,Header
400,1001,2864,3,4,1,2,3,1,0,1,12,0,1,0,1,Information
200,158,1260,2,0,0,3,0,0,0,0,4,0,0,0,0,Header
200,1274,2113,2,1,0,2,1,0,3,3,3,2,1,0,0,Input Validation
401,323,6798,5,3,2,0,2,1,0,2,6,1,1,0,0,Authentication
200,234,730,1,0,0,0,3,0,0,0,1,1,0,0,0,Header
403,1766,4304,8,1,2,1,2,0,3,0,12,4,1,0,0,Configuration
500,494,5867,7,4,2,0,1,0,4,2,10,3,1,1,1,Configuration
401,229,3085,3,1,2,1,0,1,0,2,7,1,1,0,0,Authentication
200,127,13424,12,0,0,1,1,0,0,0,1,0,0,0,0,Safe
403,770,4668,7,0,2,4,3,0,5,1,9,4,0,1,0,Authorization
200,184,9720,12,1,0,2,2,0,0,0,6,0,0,0,0,Safe
200,117,4190,9,0,0,4,3,0,0,0,1,0,0,0,0,Safe
400,416,837,5,1,0,3,0,1,4,3,8,2,0,0,0,Input Validation
301,30,1587,1,1,1,1,0,0,0,0,2,1,0,0,0,Header
500,1534,6295,5,2,0,0,2,0,0,0,5,0,0,1,0,Configuration
401,622,7114,3,2,0,3,2,1,3,2,1,3,1,0,0,Authentication
200,1381,1698,9,1,0,4,2,0,1,0,12,4,0,0,1,Configuration
403,1933,367,9,4,1,0,2,1,2,0,3,3,1,1,1,Configuration
403,977,5255,4,0,0,2,1,1,2,2,12,2,0,1,1,Information
400,1751,8870,8,3,1,2,2,0,2,1,1,0,0,0,0,Authorization
500,326,2254,8,3,1,4,0,1,4,2,11,1,0,1,0,Session
400,1581,8228,5,4,0,2,3,0,4,2,6,2,0,0,0,Configuration
400,1417,2139,5,0,0,2,1,1,3,1,6,2,1,0,1,Input Validation
403,1642,3790,3,2,1,1,3,0,0,0,10,0,0,0,0,Configuration
302,70,6934,3,1,0,0,1,0,2,0,16,2,0,0,0,Session
200,666,1165,9,4,0,1,2,1,3,2,4,2,0,0,0,Configuration
403,106,3646,5,1,1,1,1,1,0,1,1,2,1,0,0,Authentication
302,391,4643,6,3,1,2,2,1,0,1,1,2,1,0,0,Authentication
500,1143,5006,7,2,0,2,2,0,4,2,14,4,0,0,0,Authorization
301,143,873,3,1,1,2,1,0,0,0,3,0,0,0,0,Header
403,1188,7664,9,2,2,1,3,0,4,1,9,4,1,1,1,Information
200,189,19633,9,1,0,1,0,0,0,0,6,2,0,0,0,Safe
200,674,6391,2,3,1,1,0,1,4,2,1,0,1,0,1,Configuration
200,406,6816,9,1,2,2,3,1,3,1,3,3,1,0,0,Session
200,92,3775,8,1,0,2,3,0,0,0,4,1,0,0,0,Safe
302,1318,6502,7,1,2,4,0,1,2,0,9,0,0,0,1,Authorization
400,1412,450,2,4,0,4,1,1,1,2,14,2,1,1,0,Configuration
403,1987,303,8,4,0,4,2,1,5,1,12,1,0,0,0,Configuration
500,577,9352,4,0,0,3,0,1,1,2,10,1,0,0,0,Configuration
400,185,2305,3,2,2,3,2,0,1,2,9,1,0,1,0,Session
200,785,5220,6,1,0,3,3,1,2,2,2,1,1,0,0,Authentication
500,487,1072,4,0,0,2,1,0,7,3,8,2,0,0,0,Input Validation
500,293,8512,5,3,0,2,2,0,1,0,6,0,1,0,1,Information
500,494,8311,5,4,1,3,1,0,2,0,5,4,0,1,1,Information
200,254,6107,5,3,2,4,0,1,3,1,3,2,1,0,0,Authentication
200,86,990,12,1,0,3,3,0,0,0,5,0,0,0,0,Safe
302,1620,5089,4,3,1,4,1,1,5,1,13,2,0,1,1,Session
200,55,2816,4,1,1,4,0,0,0,0,4,1,0,0,0,Header
200,193,1200,1,0,0,1,1,0,0,0,4,1,0,0,0,Header
403,324,3022,2,3,2,0,1,0,5,2,16,3,1,0,1,Configuration
200,115,10705,14,0,0,4,0,0,0,0,5,0,0,0,0,Safe
400,667,3270,9,0,2,3,3,0,1,1,16,4,1,0,1,Configuration
500,1328,2092,2,2,0,2,2,0,6,2,14,2,0,0,0,Input Validation
200,268,7721,6,3,2,2,1,1,0,1,5,2,1,0,0,Authentication
422,610,937,6,1,0,1,1,1,7,3,6,3,0,1,1,Input Validation
200,275,344,2,1,0,2,3,0,0,0,1,0,0,0,0,Header
200,141,1991,1,1,0,4,0,0,0,0,3,1,0,0,0,Header
422,379,562,6,1,0,1,0,1,6,2,2,3,0,1,1,Input Validation
500,1089,2493,9,2,2,0,1,1,0,0,11,4,1,1,1,Session
302,125,1951,5,0,1,2,1,0,5,2,15,0,0,1,1,Session
200,1429,3769,8,4,1,2,3,1,4,2,10,1,1,0,1,Authorization
400,1264,7706,4,2,1,3,0,0,1,0,8,4,0,1,0,Session
200,290,1452,4,1,1,4,2,0,0,0,3,0,0,0,0,Header
500,216,5026,5,1,0,4,2,1,0,2,11,3,0,1,0,Information
302,1654,4387,4,1,2,4,3,1,5,0,6,1,1,0,0,Information
301,88,248,2,1,1,3,2,0,0,0,2,1,0,0,0,Header
403,577,5769,2,4,0,2,1,0,0,1,7,2,0,0,1,Configuration
200,131,914,5,1,0,0,3,0,2,3,8,1,0,1,1,Input Validation
403,832,5400,5,2,2,2,3,0,4,2,5,4,0,1,0,Configuration
422,941,844,6,2,0,0,0,0,2,1,2,1,0,0,1,Input Validation
200,300,4661,6,1,0,4,0,0,2,1,5,2,0,0,0,Input Validation
200,165,16840,10,1,0,2,3,0,0,0,6,1,0,0,0,Safe
500,247,2397,3,0,0,0,2,1,6,1,14,3,1,0,0,Input Validation
302,1271,750,8,0,1,2,3,1,2,1,3,2,0,0,1,Configuration
403,1053,3471,4,1,0,1,2,0,0,0,4,0,1,1,1,Session
400,116,2965,4,2,0,4,1,1,6,2,3,1,1,1,0,Input Validation
301,88,2691,3,1,0,1,1,0,0,0,1,0,0,0,0,Header
200,20,627,14,1,0,0,0,0,0,0,6,2,0,0,0,Safe
200,47,383,4,1,0,4,1,0,0,0,2,0,0,0,0,Header
304,57,14720,14,0,0,1,3,0,0,0,1,2,0,0,0,Safe
500,1312,2785,6,1,0,1,3,1,7,1,6,3,0,1,0,Input Validation
302,1297,2546,6,3,1,3,0,1,1,0,8,2,1,0,1,Information
302,843,5784,6,0,0,0,2,1,3,2,10,2,0,1,1,Configuration
401,516,5317,3,3,2,4,3,1,1,2,5,2,1,0,0,Authentication
500,293,4271,2,3,1,4,3,1,4,0,5,1,0,1,1,Configuration
400,682,3734,4,1,0,2,2,1,6,1,14,1,1,1,0,Input Validation
401,465,5631,6,1,0,4,1,1,0,2,9,3,1,0,0,Authentication
403,1119,2374,5,3,0,3,1,1,1,0,13,2,0,0,1,Session
403,400,5886,6,1,2,2,0,0,0,2,15,2,1,0,0,Configuration
403,1899,4413,5,0,0,0,3,0,0,0,4,1,1,1,0,Authorization
200,198,2380,4,0,0,3,0,0,0,0,3,0,0,0,0,Header
200,114,2466,1,0,0,0,2,0,0,0,3,1,0,0,0,Header
500,1526,3032,8,2,1,0,1,1,5,1,8,1,1,1,0,Configuration
400,514,563,5,1,0,3,2,0,2,2,14,1,1,0,0,Input Validation
400,1164,822,3,3,1,4,3,0,2,2,6,0,0,1,1,Information
200,1584,2656,4,3,0,3,2,1,0,1,2,1,1,1,1,Information
400,947,1408,5,2,0,4,3,1,4,1,3,3,0,0,1,Input Validation
400,421,9746,9,2,0,4,3,0,3,0,16,0,0,1,0,Information
200,53,591,1,1,1,4,1,0,0,0,3,0,0,0,0,Header
200,146,2769,1,1,0,2,3,0,0,0,4,1,0,0,0,Header
200,74,17346,8,1,0,4,0,0,0,0,4,2,0,0,0,Safe
403,1896,3711,6,4,0,2,1,1,1,2,14,3,1,0,1,Configuration
200,226,5913,8,4,1,3,0,1,5,0,16,0,1,1,0,Session
200,152,1959,8,1,0,4,3,0,0,0,6,0,0,0,0,Safe
200,247,1286,2,1,1,0,2,0,0,0,3,1,0,0,0,Header
500,558,5410,8,2,1,4,3,1,3,0,11,4,1,0,1,Configuration
400,550,4928,4,1,0,1,0,0,4,2,6,1,0,0,1,Input Validation
302,1226,7373,2,3,1,2,1,0,2,0,19,2,1,1,0,Configuration
200,322,3005,7,2,2,1,2,1,2,2,8,1,1,0,0,Authentication
302,1513,3928,7,3,0,4,0,0,0,1,18,3,0,0,0,Authorization
500,969,1826,8,1,0,3,0,1,1,1,6,0,0,0,1,Session
500,997,9029,5,2,2,0,3,1,3,1,1,3,0,1,1,Information
301,43,2331,2,0,0,0,1,0,0,0,2,0,0,0,0,Header
500,1003,168,4,4,1,4,0,0,3,1,14,0,1,1,1,Authorization
500,1134,4954,2,0,0,2,3,0,3,2,11,4,0,0,1,Input Validation
200,186,3197,14,0,0,0,3,0,0,0,1,2,0,0,0,Safe
200,22,14431,10,1,0,3,2,0,0,0,1,2,0,0,0,Safe
403,805,4647,8,2,2,1,1,1,1,1,11,1,1,0,0,Session
200,73,2139,2,0,0,2,0,0,0,0,3,1,0,0,0,Header
200,298,2471,2,0,0,1,3,0,0,0,4,0,0,0,0,Header
302,1622,205,4,3,0,3,1,0,2,2,7,2,1,1,0,Session
302,979,308,6,1,0,2,2,0,1,0,18,2,0,0,1,Configuration
403,1212,7290,2,3,0,4,1,0,3,1,10,2,0,1,0,Information
500,1109,8242,7,0,0,3,0,0,2,0,1,2,1,0,1,Configuration
200,1922,5256,4,2,2,1,1,1,5,2,1,1,1,1,0,Session
200,1574,9485,4,1,2,2,2,1,4,1,6,2,1,1,0,Authorization
200,36,6781,11,0,0,3,3,0,0,0,7,1,0,0,0,Safe
302,1176,487,2,2,2,4,1,1,1,1,14,0,1,0,0,Information
302,1205,3711,4,0,2,4,2,1,1,0,1,1,1,1,0,Information
301,160,2228,3,0,1,0,3,0,0,0,3,1,0,0,0,Header
301,38,331,3,1,0,4,0,0,0,0,2,1,0,0,0,Header
301,39,1210,3,1,1,4,3,0,0,0,1,1,0,0,0,Header
302,122,7527,4,1,0,0,3,1,2,1,7,2,1,0,0,Authentication
200,931,3483,9,4,1,0,3,0,2,2,9,1,0,1,1,Information
500,919,3361,3,3,2,0,2,1,4,2,9,0,0,1,0,Information
400,579,9679,4,3,2,4,0,0,5,1,16,4,1,0,1,Configuration
400,1229,435,4,0,0,4,2,1,4,3,6,4,1,0,0,Input Validation
200,97,2452,3,1,1,4,3,0,0,0,3,1,0,0,0,Header
200,31,10956,13,0,0,3,3,0,0,0,4,1,0,0,0,Safe
200,129,4781,7,2,1,0,0,1,2,2,9,1,1,0,0,Authentication
200,423,2444,3,2,0,0,0,0,3,3,10,3,0,1,1,Input Validation
301,275,1921,2,0,0,4,1,0,0,0,3,1,0,0,0,Header
400,1066,543,5,2,2,3,2,0,0,2,18,0,0,1,1,Configuration
500,1268,5791,3,1,2,0,1,0,5,1,12,0,0,1,1,Information
200,1362,4557,2,1,1,3,0,0,2,1,11,2,1,1,0,Authorization
200,142,11183,12,0,0,2,0,0,0,0,4,1,0,0,0,Safe
301,67,1403,2,0,1,0,0,0,0,0,4,1,0,0,0,Header
500,1802,3011,3,4,1,0,2,0,4,1,5,3,1,1,1,Information
403,1037,3337,5,0,0,1,0,1,1,0,8,2,1,1,1,Configuration
200,59,712,3,1,0,0,2,0,0,0,4,0,0,0,0,Header
400,624,3169,8,4,0,2,0,0,5,0,7,0,1,0,1,Authorization
403,1948,8516,4,2,0,1,1,0,2,0,7,0,0,0,0,Configuration
200,102,12137,12,0,0,0,0,0,0,0,4,0,0,0,0,Safe
500,156,2180,9,4,1,3,0,1,2,1,2,4,1,1,0,Information
500,726,1180,2,0,0,0,0,0,5,3,12,3,1,0,0,Input Validation
200,200,2130,1,1,1,2,1,0,0,0,3,0,0,0,0,Header
400,1348,1366,3,0,0,3,1,1,6,2,5,4,1,0,1,Input Validation
304,144,5791,9,0,0,2,0,0,0,0,1,2,0,0,0,Safe
200,1397,1060,5,0,0,4,0,1,4,3,11,2,0,1,0,Input Validation
403,619,3078,6,4,1,4,0,0,0,0,3,4,0,0,0,Authorization
200,34,2105,2,0,1,3,1,0,0,0,3,0,0,0,0,Header
200,123,2633,1,1,1,4,3,0,0,0,3,0,0,0,0,Header
500,714,3554,5,4,0,3,0,0,2,2,7,3,1,1,1,Configuration
200,1250,4740,2,0,0,4,3,0,2,2,12,2,0,0,0,Input Validation
400,1262,1128,7,0,1,3,1,0,2,0,8,4,0,0,1,Configuration
200,499,7907,6,3,1,1,1,1,4,2,6,3,1,0,0,Authentication
200,121,684,13,0,0,2,1,0,0,0,6,1,0,0,0,Safe
500,1246,5347,7,2,1,2,0,0,2,2,16,4,1,0,1,Session
301,122,564,3,0,0,4,3,0,0,0,2,0,0,0,0,Header
400,344,8870,2,4,1,4,1,1,3,0,5,2,1,0,0,Authorization
200,135,15343,9,1,0,0,1,0,0,0,1,0,0,0,0,Safe
400,703,2034,7,3,2,1,1,0,3,0,19,3,0,0,0,Authorization
200,400,2172,7,3,2,4,0,1,2,1,6,2,1,0,0,Authentication
400,1141,230,6,3,2,1,2,0,4,1,19,2,0,0,1,Session
422,865,3459,4,2,0,3,2,0,4,1,2,4,0,1,0,Input Validation
200,384,8850,9,1,0,1,1,0,4,2,6,0,0,0,0,Configuration
200,1033,5697,3,2,2,0,3,1,0,2,11,4,1,1,1,Information
200,120,1579,3,1,0,1,1,0,0,0,3,0,0,0,0,Header
403,877,288,9,3,0,4,1,1,3,0,3,1,0,0,1,Session
200,152,1812,4,1,1,4,1,0,0,0,3,0,0,0,0,Header
301,198,1159,1,1,0,3,2,0,0,0,2,0,0,0,0,Header
401,290,795,7,3,2,2,2,1,3,2,8,2,1,0,0,Authentication
200,1181,2361,4,4,1,0,0,0,1,1,2,2,0,1,0,Authorization
302,527,5322,6,0,2,1,0,1,4,2,6,4,1,1,0,Information
400,1943,1347,6,2,1,2,3,1,0,0,15,0,0,1,0,Configuration
200,596,1163,6,2,0,1,2,0,7,1,10,2,1,0,1,Input Validation
200,41,12522,8,0,0,4,3,0,0,0,2,0,0,0,0,Safe
200,146,3645,12,0,0,0,2,0,0,0,6,1,0,0,0,Safe
302,1109,2352,5,2,0,0,1,1,3,0,11,3,1,0,0,Configuration
400,1462,5830,2,1,1,0,1,0,4,1,2,3,1,1,1,Information
200,138,2298,10,0,0,4,0,0,0,0,7,0,0,0,0,Safe
200,161,645,3,1,0,2,3,0,0,0,4,0,0,0,0,Header
200,948,8679,7,0,1,1,3,0,5,2,8,3,1,0,1,Information
200,136,15927,9,1,0,2,3,0,0,0,2,0,0,0,0,Safe
200,378,1293,4,2,1,4,1,1,2,1,2,3,1,0,0,Authentication
302,252,3773,6,2,1,4,3,1,3,2,5,3,1,0,0,Authentication
200,1336,2946,2,0,0,2,0,0,4,1,2,4,1,0,0,Input Validation
200,103,1451,2,1,0,3,0,0,0,0,3,1,0,0,0,Header
401,555,2087,7,1,2,2,2,1,1,1,2,1,1,0,0,Authentication
500,346,7254,5,0,0,0,0,1,4,1,3,1,0,1,0,Authorization
403,976,6880,6,2,2,0,3,0,4,1,12,2,0,1,0,Authorization
500,1140,275,7,2,0,1,1,0,1,1,19,2,1,0,0,Session
422,1401,3510,2,2,0,3,0,0,7,2,10,1,0,1,0,Input Validation
500,121,7816,4,1,0,4,1,1,1,1,14,2,0,1,0,Session
302,869,3298,7,4,0,1,2,0,2,2,19,1,1,1,0,Configuration
400,631,4824,3,0,0,2,2,1,1,1,4,0,1,0,0,Information
500,346,7768,6,4,2,2,0,0,3,2,17,2,1,0,0,Information
302,575,9889,4,2,2,3,2,1,2,2,9,0,0,0,0,Configuration
301,165,1428,2,0,1,1,2,0,0,0,1,1,0,0,0,Header
302,1580,3657,4,3,2,4,2,0,1,2,10,3,1,0,0,Authorization
302,788,2575,3,2,0,4,3,1,1,1,7,3,1,0,0,Authentication
403,299,4645,6,1,0,2,1,1,2,2,6,1,1,0,0,Authentication
200,220,2933,1,0,1,3,3,0,0,0,4,1,0,0,0,Header
200,297,1249,1,0,0,2,3,0,0,0,4,0,0,0,0,Header
403,797,7837,9,0,0,2,1,1,1,1,12,2,1,0,0,Configuration
403,433,4084,4,3,2,0,2,1,3,1,2,2,1,0,0,Authentication
200,202,859,3,0,1,1,3,0,0,0,3,0,0,0,0,Header
400,263,5891,9,2,2,0,3,0,2,0,8,3,0,1,1,Authorization
200,1460,2248,6,2,0,4,3,1,3,2,5,2,0,1,1,Input Validation
302,702,2371,7,1,2,4,0,1,1,1,2,1,1,0,0,Authentication
403,1475,1833,9,3,0,1,2,0,5,1,13,3,1,0,0,Session
200,182,2024,6,2,1,0,2,1,3,2,1,2,1,0,0,Authentication
200,392,7073,6,2,1,3,3,1,4,1,4,3,1,0,0,Authentication
200,249,7096,9,1,0,4,2,1,4,0,8,1,1,1,0,Configuration
422,312,4855,4,1,0,3,2,0,2,3,12,4,1,1,0,Input Validation
200,103,827,2,0,0,3,2,0,0,0,2,0,0,0,0,Header
403,1129,5089,6,2,1,4,2,0,3,1,5,0,1,0,0,Authorization
500,905,7863,2,4,0,3,2,0,1,1,9,2,0,1,0,Information
400,1006,5196,4,3,1,0,1,0,5,2,10,1,0,1,1,Configuration
200,306,6595,5,3,1,2,3,1,2,1,7,3,1,0,0,Authentication
400,1473,4402,2,0,1,2,2,0,5,2,16,2,1,0,0,Authorization
400,1384,6354,9,1,0,3,3,1,1,2,8,0,0,1,0,Session
200,1681,702,5,3,0,2,1,0,2,1,6,2,0,0,0,Authorization
200,495,4441,5,1,1,4,1,1,4,2,6,2,1,0,0,Authentication
302,980,9119,2,0,2,3,0,0,0,2,16,3,1,0,1,Authorization
403,280,7930,4,2,1,0,2,1,1,2,9,3,1,0,0,Authentication
302,1718,9261,4,4,0,1,1,1,4,0,11,0,0,1,1,Configuration
400,1410,9847,3,4,2,0,3,1,5,0,12,1,0,0,1,Configuration
200,589,4563,3,1,2,0,2,1,3,1,3,1,1,0,0,Authentication
302,444,555,5,1,0,3,1,1,3,2,12,3,1,1,1,Information
200,1314,2729,5,2,0,0,0,1,6,3,3,1,0,0,1,Input Validation
200,80,657,2,1,1,3,3,0,0,0,3,1,0,0,0,Header
500,102,1207,3,2,0,0,3,0,2,1,9,1,1,0,1,Input Validation
422,444,2619,5,2,0,3,1,1,4,3,13,3,0,0,1,Input Validation
400,835,1686,5,2,0,1,3,0,5,3,9,3,0,1,0,Input Validation
200,56,13822,10,1,0,2,3,0,0,0,6,1,0,0,0,Safe
200,169,1693,1,0,0,4,0,0,0,0,2,0,0,0,0,Header
200,107,3996,5,3,0,1,1,1,4,1,4,2,1,0,0,Authentication
400,1680,1098,9,3,1,3,2,0,4,2,13,4,0,1,0,Information
200,864,1474,3,1,0,0,1,1,4,1,3,4,0,0,1,Input Validation
302,1551,5840,4,1,2,4,2,1,0,0,6,0,1,1,0,Information
403,1315,9856,4,2,0,4,2,0,1,2,19,0,1,0,0,Session
500,1707,9363,2,2,0,4,0,0,1,1,14,4,0,1,0,Session
302,353,6379,4,3,0,0,0,1,4,2,2,2,1,0,0,Authentication
200,292,2855,2,0,1,4,1,0,0,0,1,0,0,0,0,Header
500,489,3297,2,0,0,2,2,1,3,1,11,1,1,1,0,Input Validation
200,207,406,3,0,0,0,2,0,0,0,1,0,0,0,0,Header
500,248,1239,4,0,0,4,1,1,6,3,10,2,0,1,0,Input Validation
301,279,2057,3,0,1,0,3,0,0,0,4,0,0,0,0,Header
200,288,1705,1,0,0,0,0,0,0,0,4,0,0,0,0,Header
200,1907,6866,6,2,2,4,1,0,2,1,15,1,1,1,1,Information
403,472,4530,8,0,2,1,3,1,5,1,18,3,0,0,0,Information
200,550,1645,5,4,2,3,2,1,5,0,13,4,0,1,1,Configuration
200,93,7314,11,0,0,1,0,0,0,0,1,2,0,0,0,Safe
200,776,4580,5,0,2,4,0,0,5,1,17,3,0,0,0,Authorization
200,88,1894,4,1,1,1,3,0,0,0,2,1,0,0,0,Header
500,231,6100,8,0,1,0,0,0,5,1,1,2,0,1,0,Authorization
500,655,4749,5,4,1,4,0,0,5,0,6,1,0,1,1,Configuration
200,97,11874,14,0,0,2,2,0,0,0,3,1,0,0,0,Safe
200,794,2636,5,2,1,2,2,1,2,2,17,3,1,0,0,Configuration
403,1593,1058,2,2,0,1,0,0,3,1,14,4,0,1,0,Session
400,143,1380,9,4,1,1,1,1,5,0,8,1,1,1,0,Configuration
200,1954,6620,2,0,1,4,1,0,3,1,14,4,1,1,1,Authorization
200,340,9266,9,2,1,1,0,1,4,1,7,2,1,0,1,Information
302,1132,8825,6,4,1,3,2,0,0,1,6,2,0,1,0,Configuration
500,103,2171,4,0,2,0,2,1,0,2,7,0,0,1,1,Configuration
200,22,3621,12,1,0,2,0,0,0,0,3,2,0,0,0,Safe
200,224,3181,3,0,0,1,1,1,5,2,10,4,0,0,0,Input Validation
400,379,5322,8,1,2,0,0,0,2,2,5,3,1,0,1,Configuration
200,289,925,4,1,1,1,2,0,0,0,1,1,0,0,0,Header
200,906,4267,2,1,0,4,3,0,2,2,8,1,1,1,1,Input Validation
301,260,1285,1,1,0,4,1,0,0,0,1,0,0,0,0,Header
400,1168,1878,6,4,2,3,3,1,2,2,13,3,1,1,0,Authorization
200,1191,7518,8,1,1,4,1,0,2,0,16,3,0,0,0,Configuration
302,1310,3599,6,2,2,2,3,1,1,0,10,4,0,1,0,Session
302,808,1297,7,3,2,0,1,0,2,0,17,1,1,0,1,Session
200,166,2831,3,1,1,4,2,0,0,0,4,0,0,0,0,Header
403,1942,4014,6,2,1,2,1,1,0,2,19,3,1,0,0,Information
200,754,4085,4,2,0,1,2,1,1,1,5,1,1,0,0,Authentication
302,1295,4080,7,2,0,1,1,1,1,1,13,4,0,1,0,Authorization
400,750,6495,6,3,0,1,3,1,2,2,2,3,0,0,0,Configuration
302,1070,9073,8,0,2,3,0,1,1,2,4,3,1,1,1,Session
200,64,1648,3,1,0,4,2,0,0,0,3,1,0,0,0,Header
200,157,1946,4,0,0,3,3,0,0,0,2,1,0,0,0,Header
422,1484,1572,3,2,0,0,1,1,3,2,14,2,1,0,1,Input Validation
302,517,5680,7,3,2,2,3,1,3,1,2,2,1,0,0,Authentication
200,54,1914,2,1,0,2,1,0,0,0,3,0,0,0,0,Header
200,1763,3238,5,4,2,4,3,1,0,2,9,0,1,0,0,Session
302,1393,5590,9,0,0,1,2,0,2,2,5,1,1,0,1,Information
200,1432,3457,2,3,2,2,3,0,1,0,13,2,1,1,0,Session
401,355,2679,6,3,2,3,1,1,0,2,6,3,1,0,0,Authentication
422,552,4273,4,1,0,3,3,1,7,2,8,3,1,0,0,Input Validation
302,660,635,6,0,1,4,3,1,5,2,14,3,0,0,1,Authorization
200,230,346,1,1,0,4,0,0,0,0,1,0,0,0,0,Header
301,110,597,3,1,0,2,0,0,0,0,1,1,0,0,0,Header
301,164,1213,2,0,1,2,3,0,0,0,3,0,0,0,0,Header
400,757,1286,5,2,0,4,3,1,7,2,12,1,1,0,0,Input Validation
200,1680,1434,7,0,1,3,3,1,3,0,3,1,0,0,0,Authorization
200,55,2360,1,0,0,0,2,0,0,0,2,0,0,0,0,Header
400,1046,9576,5,1,2,3,2,1,1,0,9,1,1,1,0,Information
200,284,2635,2,1,1,4,1,0,0,0,2,1,0,0,0,Header
200,116,2747,1,1,0,2,0,0,0,0,3,0,0,0,0,Header
302,392,7341,8,3,0,1,1,0,3,1,6,4,1,1,1,Information
200,53,1983,1,1,0,4,0,0,0,0,3,0,0,0,0,Header
403,1125,9617,9,3,2,0,3,1,4,0,7,3,1,0,0,Authorization
200,448,4560,3,1,2,2,1,1,4,2,1,2,1,0,0,Authentication
422,546,2365,5,1,0,2,0,1,7,1,7,3,1,1,0,Input Validation
500,1737,761,6,3,1,3,2,1,1,0,4,0,0,1,0,Configuration
200,121,2477,4,1,0,0,2,0,0,0,3,1,0,0,0,Header
403,84,7718,6,4,0,1,3,0,1,2,19,0,0,0,0,Authorization
500,176,5465,9,1,2,0,2,0,0,1,12,4,1,1,1,Authorization
200,112,1305,7,3,0,3,2,1,4,2,1,3,1,0,0,Authentication
200,104,774,3,0,0,2,3,0,0,0,4,0,0,0,0,Header
400,1903,6468,7,3,0,0,3,0,2,0,6,2,0,0,1,Configuration
200,918,5490,8,0,2,2,3,1,1,1,6,2,0,0,1,Configuration
500,1204,1241,2,2,0,3,2,0,6,2,6,1,0,1,1,Input Validation
302,407,5504,6,2,2,2,3,1,3,1,18,1,1,1,1,Authorization
400,485,349,7,4,1,1,3,0,5,0,6,1,1,1,1,Configuration
403,128,2304,8,1,1,1,1,0,2,0,19,4,1,0,0,Configuration
302,913,3787,6,3,2,2,1,1,4,1,6,0,0,1,1,Configuration
400,1115,3782,7,1,1,3,0,0,4,0,6,4,0,0,0,Configuration
403,1734,4941,7,1,0,2,1,1,4,1,3,2,1,1,1,Configuration
301,72,448,3,0,0,1,3,0,0,0,2,0,0,0,0,Header
301,147,2399,2,1,0,0,0,0,0,0,4,1,0,0,0,Header
302,496,2900,3,3,0,1,2,1,4,2,4,1,1,0,0,Authentication
400,1356,358,5,0,0,3,0,1,7,1,5,2,1,1,1,Input Validation
200,242,9934,9,0,0,3,2,1,3,0,15,0,1,0,0,Session
400,1509,692,5,4,2,3,3,0,4,0,4,0,1,0,1,Configuration
200,165,12015,13,0,0,2,3,0,0,0,1,0,0,0,0,Safe
500,693,2373,5,0,0,0,1,1,7,3,10,1,1,0,0,Input Validation
400,1827,7598,6,3,1,4,2,0,0,0,8,2,1,0,0,Session
400,195,5201,9,2,0,1,3,0,4,1,17,1,1,0,1,Configuration
302,1513,1360,3,0,0,2,2,1,2,0,19,1,1,0,0,Configuration
200,90,9785,8,1,0,0,0,0,0,0,6,1,0,0,0,Safe
200,1452,5087,3,4,2,1,3,1,1,2,5,0,1,1,1,Session
401,510,2271,4,2,0,0,0,1,0,1,6,3,1,0,0,Authentication
500,1052,2463,4,2,0,3,0,0,7,1,6,4,0,0,0,Input Validation
403,623,6974,8,0,2,2,2,1,2,0,1,0,1,0,1,Authorization
200,236,440,4,0,0,1,2,0,0,0,2,0,0,0,0,Header
200,290,2725,2,1,1,1,0,0,0,0,4,0,0,0,0,Header
200,1426,2446,5,2,1,3,0,0,3,1,8,2,1,1,0,Authorization
403,1490,9790,9,4,0,3,0,1,4,2,4,2,1,0,0,Configuration
403,1443,3759,3,2,1,2,3,0,4,1,4,1,1,0,1,Session
200,37,1433,2,0,0,1,2,0,0,0,4,1,0,0,0,Header
200,135,1820,10,1,0,3,1,0,0,0,4,0,0,0,0,Safe
302,468,4049,6,3,0,2,0,1,2,1,9,3,1,0,0,Authentication
500,1631,7637,8,1,2,2,3,0,2,1,18,1,1,0,0,Authorization
422,1454,1923,4,2,0,2,2,0,4,2,4,1,0,1,1,Input Validation
400,1694,777,8,1,2,3,0,1,2,2,10,2,0,1,0,Session
500,111,6139,7,3,0,3,3,0,1,0,16,0,0,0,0,Information
400,982,8040,8,1,2,0,2,0,2,2,3,1,0,0,1,Authorization
500,166,1595,4,0,2,1,1,1,2,0,3,3,1,0,1,Information
302,143,7033,3,1,2,1,1,1,5,0,19,1,0,1,0,Configuration
403,448,6425,6,4,1,2,3,1,0,1,10,0,1,0,1,Session
403,156,4414,8,0,0,2,1,1,5,0,4,0,0,1,1,Authorization
302,1034,7956,9,4,1,1,2,0,5,2,15,0,0,0,0,Configuration
500,329,9258,7,4,0,3,1,1,4,1,9,2,1,1,1,Information
403,783,951,5,4,2,4,3,1,2,0,7,0,1,1,0,Configuration
500,1230,2064,3,3,1,2,3,0,3,1,3,4,0,1,0,Information
200,184,2646,2,1,1,0,0,0,0,0,3,1,0,0,0,Header
400,450,6811,3,0,1,1,1,0,1,1,19,1,1,1,0,Authorization
422,657,3878,5,1,0,1,3,0,6,1,6,4,0,0,1,Input Validation
500,285,1518,5,1,0,2,0,0,6,1,3,3,1,0,1,Input Validation
400,102,8766,7,3,2,3,1,1,0,2,15,0,0,0,1,Authorization
403,1075,7912,7,2,1,2,2,1,3,0,6,2,0,1,0,Authorization
302,576,8292,8,0,2,3,1,1,3,2,18,0,0,0,1,Configuration
500,421,7496,6,4,2,2,0,1,4,2,5,2,0,1,1,Information
500,1833,9735,6,2,0,0,2,1,3,1,6,2,1,0,0,Authorization
302,1178,3829,9,4,0,4,3,1,3,1,9,4,0,1,1,Authorization
302,1988,2646,7,3,2,3,2,1,0,1,19,4,1,0,0,Configuration
200,1183,4442,3,0,0,3,0,0,5,3,2,3,0,0,0,Input Validation
302,395,6138,7,2,0,3,3,1,1,2,2,1,1,0,0,Authentication
400,1356,2565,5,2,0,0,2,0,0,1,5,2,1,0,1,Configuration
403,1540,3443,8,1,1,0,2,1,4,0,9,0,0,0,0,Session
400,1091,2882,4,1,0,3,0,0,3,3,14,4,0,1,0,Input Validation
200,1218,608,3,2,0,2,3,1,3,3,3,2,0,1,0,Input Validation
200,778,1337,9,1,0,4,0,0,1,2,12,1,1,1,0,Configuration
302,204,9159,4,1,1,0,2,0,5,2,14,4,0,0,0,Configuration
403,793,4628,7,2,1,3,3,1,5,0,4,0,1,0,1,Information
403,1037,5449,9,0,2,3,0,1,4,0,6,4,1,1,0,Configuration
200,50,2898,7,2,1,2,0,1,2,1,4,1,1,0,0,Authentication
200,1887,2468,2,2,0,1,2,1,4,0,19,1,1,0,0,Session
200,409,4809,5,2,2,0,2,1,1,1,8,2,1,0,0,Authentication
422,1096,2948,4,0,0,2,0,0,4,2,4,2,0,0,1,Input Validation
200,763,1686,5,0,0,0,2,0,3,1,8,3,0,1,0,Input Validation
200,782,634,6,2,2,4,2,1,4,2,6,3,1,0,0,Authentication
500,813,4612,8,4,0,3,0,0,3,2,1,3,0,1,0,Session
200,1714,1882,4,3,0,2,0,1,2,2,11,0,0,1,0,Configuration
500,256,3400,6,3,0,1,3,1,0,2,11,3,0,0,1,Configuration
403,665,919,5,3,1,3,2,1,4,1,3,2,1,0,0,Authentication
500,536,2280,2,2,0,0,2,1,5,1,7,2,1,1,0,Authorization
500,280,6694,5,0,2,4,2,0,0,2,12,4,1,0,1,Configuration
200,200,1671,2,0,0,3,1,0,0,0,1,0,0,0,0,Header
302,1294,5737,5,2,1,1,0,1,3,1,7,0,1,0,1,Information
403,544,1693,5,1,2,3,1,1,1,2,3,2,1,0,0,Authentication
400,735,1186,5,2,0,1,0,1,4,1,4,3,0,1,0,Input Validation
200,256,1149,3,1,1,4,3,0,0,0,2,0,0,0,0,Header
401,227,1484,6,2,2,2,3,1,2,2,7,2,1,0,0,Authentication
500,1162,3506,4,1,0,0,3,0,2,1,18,4,1,0,1,Configuration
500,203,1246,5,2,0,4,1,1,4,3,11,4,1,1,1,Input Validation
302,1190,3434,4,3,0,2,1,0,4,2,5,2,1,0,0,Information
403,1719,7107,9,0,1,1,0,0,3,1,9,3,0,0,0,Authorization
200,342,7053,3,1,0,2,3,1,4,1,6,3,1,0,0,Authentication
200,223,2878,6,3,1,1,0,1,3,2,1,2,1,0,0,Authentication
302,669,2188,6,1,0,1,1,1,4,2,7,2,1,0,0,Authentication
200,1659,2440,4,4,2,2,0,0,4,0,18,0,0,0,0,Information
200,1007,3545,3,0,0,4,1,1,5,1,11,4,0,1,1,Input Validation
500,973,1368,2,0,0,2,1,1,0,2,3,1,0,0,1,Information
200,195,603,3,1,1,3,2,0,0,0,1,0,0,0,0,Header
500,1686,5379,7,0,1,2,2,1,3,1,4,2,1,1,1,Configuration
400,624,9310,6,4,2,3,2,0,2,0,11,4,0,0,0,Authorization
200,702,3581,7,2,2,3,0,0,0,2,18,2,0,0,1,Authorization
500,698,1023,6,1,0,1,2,0,2,3,14,3,0,1,0,Input Validation
200,73,2370,2,1,0,3,3,0,0,0,2,1,0,0,0,Header
403,1640,7617,9,4,2,2,1,0,0,0,14,0,0,1,0,Configuration
500,953,7742,4,0,2,4,2,1,0,0,12,0,1,1,1,Configuration
301,47,1518,3,0,1,0,1,0,0,0,1,0,0,0,0,Header
500,1322,678,4,2,0,1,3,0,2,3,10,1,1,1,0,Input Validation
200,242,2906,2,1,0,3,0,0,0,0,2,0,0,0,0,Header
400,1759,1647,8,3,1,0,1,0,3,2,2,3,1,1,1,Authorization
500,1177,2492,3,0,2,4,3,1,1,1,9,3,1,0,1,Configuration
400,408,359,5,2,0,0,3,1,7,2,3,3,1,0,0,Input Validation
200,282,6923,2,4,0,3,0,0,5,2,4,1,1,0,0,Authorization
400,731,9573,7,1,1,0,0,1,5,0,17,2,1,1,0,Configuration
200,788,4690,4,1,1,1,2,1,2,2,1,1,1,1,1,Authorization
500,718,4402,3,1,1,4,1,1,3,2,5,0,1,0,0,Configuration
200,119,699,3,1,0,0,0,0,0,0,2,1,0,0,0,Header
302,1994,4939,8,0,0,4,2,0,0,2,5,0,0,0,1,Configuration
400,115,4863,6,1,0,0,3,1,7,3,13,4,0,0,1,Input Validation
200,167,6029,8,0,0,1,1,0,0,0,5,1,0,0,0,Safe
200,57,1382,1,1,0,1,1,0,0,0,3,1,0,0,0,Header
200,76,2585,4,0,0,2,2,0,0,0,3,0,0,0,0,Header
200,268,1615,4,1,1,2,2,0,0,0,4,0,0,0,0,Header
200,155,19179,14,1,0,4,3,0,0,0,2,1,0,0,0,Safe
200,183,3686,6,2,0,2,3,0,3,2,12,1,0,1,0,Input Validation
403,1225,4291,8,4,1,2,3,0,1,0,7,4,0,0,1,Information
403,504,2109,6,3,1,0,1,1,0,1,5,3,1,0,0,Authentication
200,133,9731,9,4,2,4,0,1,1,2,13,3,0,1,0,Session
400,1786,2215,7,3,2,4,0,0,3,0,5,2,0,1,1,Information
200,95,2668,2,0,1,1,1,0,0,0,3,0,0,0,0,Header
200,577,3740,7,2,2,0,0,1,4,2,4,1,1,0,0,Authentication
200,199,2811,4,0,0,0,2,0,0,0,3,1,0,0,0,Header
200,1029,1372,2,1,0,3,1,0,7,2,7,2,1,0,1,Input Validation
403,122,8002,3,1,0,1,2,1,5,2,13,2,0,0,0,Authorization
200,134,11771,14,0,0,1,1,0,0,0,3,0,0,0,0,Safe
400,1018,5900,7,4,1,3,0,1,3,0,14,1,1,0,0,Configuration
400,493,3268,5,1,0,2,1,1,4,2,5,3,0,1,0,Input Validation
200,39,1848,1,0,0,1,0,0,0,0,3,1,0,0,0,Header
200,935,2736,2,1,0,2,2,1,6,2,8,4,0,0,1,Input Validation
400,313,764,5,2,0,2,0,1,6,3,12,2,0,0,0,Input Validation
200,116,15608,12,1,0,2,1,0,0,0,3,0,0,0,0,Safe
200,116,358,1,0,0,1,2,0,0,0,4,1,0,0,0,Header
200,225,161,1,1,1,1,0,0,0,0,3,1,0,0,0,Header
302,777,6633,3,2,0,3,0,1,1,1,8,1,1,0,0,Authentication
301,239,2063,3,1,0,0,3,0,0,0,2,0,0,0,0,Header
200,1321,2449,4,1,0,3,0,0,6,2,11,2,1,0,1,Input Validation
200,54,1701,3,0,0,4,1,0,0,0,4,1,0,0,0,Header
500,268,8265,6,0,1,0,2,0,5,2,6,0,1,0,1,Configuration
200,125,2018,3,0,0,1,3,0,0,0,3,1,0,0,0,Header
403,288,2858,2,3,0,1,0,0,1,1,14,3,0,1,0,Information
200,988,3306,3,1,0,0,2,1,7,3,6,1,0,0,1,Input Validation
302,1483,5872,6,0,0,1,1,0,0,1,6,4,1,1,0,Session
200,118,1168,4,1,1,1,1,0,0,0,3,1,0,0,0,Header
403,1591,8373,5,2,2,4,0,1,5,1,18,2,0,0,0,Configuration
302,673,967,6,0,2,1,3,1,1,0,6,1,1,1,1,Information
403,84,8662,4,3,0,0,2,0,2,0,19,0,0,1,0,Information
302,137,4658,9,2,0,3,2,1,4,0,11,2,0,0,1,Information
400,1523,8182,5,2,0,0,2,1,5,0,4,0,0,0,1,Information
200,229,1086,2,0,0,0,0,0,0,0,2,1,0,0,0,Header
200,386,4588,4,3,2,3,2,1,4,2,9,2,1,0,0,Authentication
200,322,4956,3,3,1,1,3,1,0,1,4,3,1,0,0,Authentication
500,309,4487,6,2,1,3,2,1,4,0,9,2,1,0,0,Configuration
302,523,2572,4,1,2,3,0,1,3,2,3,3,1,0,0,Authentication
302,1012,5550,6,2,0,0,3,0,3,2,16,4,0,0,1,Information
400,1722,358,8,1,0,4,0,1,0,1,16,4,1,1,0,Configuration
301,187,1483,3,0,0,0,1,0,0,0,3,0,0,0,0,Header
403,1936,1060,2,1,1,2,3,0,4,0,3,2,1,1,0,Information
200,1673,6141,3,0,2,2,0,0,4,0,14,4,1,1,1,Information
200,202,1288,4,0,1,3,3,0,0,0,1,1,0,0,0,Header
403,1144,9232,5,0,0,4,3,0,4,2,1,0,1,0,0,Configuration
403,1425,7169,8,2,0,2,1,1,2,2,2,1,1,1,1,Configuration
500,470,2040,3,2,0,2,3,1,5,2,14,4,0,1,0,Input Validation
400,70,5440,6,3,0,0,3,1,1,1,11,0,1,0,0,Configuration
200,272,265,2,0,1,3,3,0,0,0,4,0,0,0,0,Header
302,1306,7509,6,3,1,1,1,1,4,1,18,2,0,0,0,Authorization
304,38,14516,14,1,0,2,0,0,0,0,4,1,0,0,0,Safe
200,1677,6143,9,0,1,2,0,0,0,1,6,3,0,0,1,Information
302,897,8560,2,0,0,4,0,0,5,1,5,0,0,1,1,Configuration
302,1262,2868,3,2,0,4,1,1,2,0,7,0,1,0,1,Configuration
403,642,4611,2,2,1,0,0,0,2,1,13,1,1,1,1,Session
403,1856,833,2,2,1,2,3,0,3,2,5,3,1,1,1,Configuration
500,714,687,5,0,0,1,2,0,6,1,14,4,0,1,0,Input Validation
200,258,977,7,1,1,2,1,1,0,2,3,1,1,0,0,Authentication
200,344,5037,5,3,2,2,3,1,2,2,3,2,1,0,0,Authentication
200,284,2918,2,1,0,4,3,0,0,0,1,0,0,0,0,Header
302,351,6936,7,1,1,2,0,1,4,2,6,1,1,0,0,Authentication
422,573,3617,5,1,0,0,2,1,4,2,9,4,0,1,1,Input Validation
200,1038,9871,5,0,2,1,2,1,3,1,18,4,0,1,1,Information
301,91,1788,3,1,0,2,1,0,0,0,2,0,0,0,0,Header
500,1489,6346,9,0,1,4,3,1,4,2,6,4,0,0,0,Authorization
500,684,4350,4,1,0,0,1,1,2,3,4,2,1,0,0,Input Validation
200,87,2938,3,0,0,1,2,0,0,0,2,0,0,0,0,Header
200,349,341,4,2,0,0,3,1,4,2,2,1,1,0,1,Input Validation
403,351,1149,3,2,0,2,1,1,2,1,5,3,1,0,0,Authentication
200,221,903,6,3,0,0,2,1,1,1,2,2,1,0,0,Authentication
200,281,274,1,1,1,4,1,0,0,0,1,1,0,0,0,Header
200,142,2852,1,0,1,2,3,0,0,0,2,1,0,0,0,Header
200,138,1209,4,1,0,3,3,0,0,0,1,1,0,0,0,Header
200,1040,469,5,1,0,4,3,0,3,1,8,4,0,0,0,Input Validation
200,163,9500,11,1,0,4,0,0,0,0,6,0,0,0,0,Safe
200,315,3662,8,1,2,2,2,1,2,0,2,3,1,1,1,Information
200,205,2217,2,0,0,2,0,0,0,0,4,0,0,0,0,Header
302,1183,3595,2,1,0,2,1,0,4,0,18,3,1,1,1,Information
200,154,2134,2,0,0,2,1,0,2,2,6,2,1,0,1,Input Validation
302,722,6926,6,3,0,4,2,1,0,2,4,0,1,0,0,Configuration
200,41,9909,9,1,0,4,2,0,0,0,5,0,0,0,0,Safe
200,1619,4335,5,1,1,2,3,0,4,0,12,2,1,1,1,Information
200,64,15350,8,0,0,1,3,0,0,0,3,0,0,0,0,Safe
200,153,2184,1,1,0,0,3,0,0,0,3,1,0,0,0,Header
500,1405,477,6,0,0,3,3,0,4,3,3,2,0,1,0,Input Validation
400,822,4060,3,0,0,1,0,1,1,1,4,4,1,1,1,Configuration
200,271,1957,1,0,0,4,3,0,0,0,3,1,0,0,0,Header
500,1125,4148,2,1,0,4,2,0,0,2,19,3,1,1,1,Information
301,159,2242,1,0,0,3,1,0,0,0,3,1,0,0,0,Header
302,960,4456,4,1,0,0,1,0,3,0,19,4,0,1,1,Authorization
403,167,9832,2,2,2,2,0,1,4,1,5,4,0,0,1,Session
403,1253,5156,8,1,1,3,3,0,1,2,16,4,0,0,0,Information
200,772,598,6,2,0,2,3,0,4,1,8,1,1,0,1,Input Validation
302,451,2206,6,0,2,1,0,0,0,1,13,1,1,1,1,Session
200,385,1228,2,2,0,2,2,1,4,2,14,1,1,1,0,Input Validation
200,385,669,2,2,2,0,2,0,1,2,6,4,1,0,0,Authorization
200,138,2187,2,1,1,0,1,0,3,1,6,0,0,1,0,Configuration
403,1056,1432,3,4,1,0,1,0,2,1,16,1,1,0,0,Configuration
200,403,1135,5,0,0,0,0,0,2,1,7,4,0,1,1,Input Validation
500,1877,4697,7,1,1,3,3,0,0,1,11,0,1,1,1,Configuration
200,144,399,2,0,1,2,2,0,0,0,3,0,0,0,0,Header
200,168,1377,4,1,0,1,3,0,0,0,4,1,0,0,0,Header
301,34,944,4,0,0,3,2,0,0,0,2,0,0,0,0,Header
200,46,1343,3,0,1,0,0,0,0,0,1,0,0,0,0,Header
200,151,15391,8,0,0,3,2,0,0,0,4,1,0,0,0,Safe
302,1229,8457,9,2,1,1,2,0,3,0,17,3,0,0,0,Configuration
401,764,3090,3,1,0,2,2,1,0,2,3,2,1,0,0,Authentication
200,202,4997,6,3,2,0,2,1,1,2,3,3,1,0,0,Authentication
500,427,264,5,4,0,0,1,0,2,2,10,0,1,1,1,Configuration
500,1052,4523,3,2,2,2,0,0,4,0,7,1,0,0,0,Information
401,546,7245,4,3,2,4,3,1,0,1,7,3,1,0,0,Authentication
200,45,16515,14,1,0,1,0,0,0,0,2,0,0,0,0,Safe
500,1502,2299,4,2,2,1,1,0,5,1,9,1,1,0,1,Configuration
403,1143,5039,3,2,0,2,1,0,3,1,14,4,1,1,1,Session
200,715,7694,5,3,2,1,3,1,4,1,2,2,1,0,0,Authentication
400,1883,7792,6,0,1,1,0,1,1,0,12,2,0,0,0,Configuration
200,318,7546,4,2,2,3,2,1,0,2,6,3,1,0,0,Authentication
500,1809,5535,7,0,1,4,2,0,0,2,13,4,1,0,1,Authorization
302,1230,3658,2,4,0,0,0,0,5,0,18,2,0,1,1,Configuration
400,1306,4086,2,0,0,4,2,0,4,2,5,2,1,0,1,Input Validation
500,1651,1399,8,2,0,4,1,1,2,1,10,1,0,1,0,Session
302,1596,4915,9,3,1,2,1,1,0,0,14,1,0,0,1,Configuration
200,54,5046,6,1,0,1,0,1,4,1,16,1,0,0,0,Information
400,260,9202,4,0,1,0,3,0,0,2,6,3,0,1,1,Authorization
400,652,2233,7,0,1,1,0,0,5,1,15,0,0,1,0,Information
200,279,977,3,1,0,0,0,0,0,0,1,0,0,0,0,Header
200,1253,447,5,0,0,4,2,1,3,2,8,1,1,1,0,Input Validation
200,188,11856,10,0,0,4,1,0,0,0,2,2,0,0,0,Safe
200,620,1500,2,1,0,1,3,0,6,2,13,1,1,1,1,Input Validation
200,58,9587,9,0,0,4,2,0,0,0,5,0,0,0,0,Safe
200,604,2683,4,1,2,2,3,1,0,1,8,2,1,0,0,Authentication
403,293,8170,4,1,1,1,1,1,2,1,18,4,1,1,0,Information
200,425,4240,3,2,1,3,1,1,1,2,5,3,1,0,0,Authentication
403,103,1851,3,4,1,3,0,1,2,0,2,1,1,0,0,Configuration
200,102,824,3,0,1,2,3,0,0,0,3,1,0,0,0,Header
403,1838,2068,9,4,1,0,0,1,5,0,9,0,0,1,1,Session
200,60,304,1,1,0,4,3,0,0,0,1,0,0,0,0,Header
302,1155,6930,9,0,0,2,1,1,1,2,1,0,1,0,0,Authorization
500,497,1921,5,4,1,3,3,1,5,1,11,3,1,1,0,Session
302,1415,6816,8,2,0,1,0,0,1,0,10,3,0,0,0,Configuration
400,1333,4332,3,1,0,3,0,1,6,3,13,3,0,0,1,Input Validation
400,1227,8797,6,1,1,4,0,1,1,0,19,2,0,1,1,Configuration
200,227,1424,3,0,0,4,0,0,0,0,4,0,0,0,0,Header
403,1405,9268,7,1,2,0,1,1,2,1,12,3,0,0,1,Information
302,568,8051,9,3,1,0,1,0,0,2,5,4,1,1,0,Configuration
422,924,4455,3,0,0,2,1,1,2,3,4,4,1,0,1,Input Validation
403,1236,3147,3,4,1,1,2,0,5,1,7,3,0,1,0,Information
200,1334,3643,6,1,0,1,2,0,7,2,2,3,0,1,0,Input Validation
403,614,4662,6,3,1,0,2,1,1,1,10,1,1,1,1,Configuration
500,974,862,5,0,0,4,3,1,4,2,8,4,1,1,0,Input Validation
400,882,3499,3,2,0,2,0,0,1,2,3,4,0,1,0,Information
200,149,1854,1,1,0,3,1,0,0,0,2,0,0,0,0,Header
302,582,6653,9,3,0,0,2,1,4,0,18,1,0,1,1,Information
400,217,4997,3,0,0,0,3,1,7,3,14,3,0,0,0,Input Validation
500,1541,5512,7,0,0,3,0,1,0,1,12,3,0,0,1,Configuration
302,317,3598,9,0,1,2,3,1,2,0,5,1,0,0,0,Session
200,148,1122,4,1,0,0,1,0,0,0,3,0,0,0,0,Header
401,582,4751,3,2,0,0,0,1,4,1,1,1,1,0,0,Authentication
301,170,629,4,1,0,1,0,0,0,0,3,0,0,0,0,Header
301,88,2711,1,0,0,2,1,0,0,0,3,1,0,0,0,Header
200,1498,6409,2,3,2,1,1,1,0,2,16,1,0,0,1,Session
200,251,2468,9,2,2,0,0,0,0,1,6,2,0,1,0,Information
200,39,1842,3,0,0,1,0,0,0,0,3,0,0,0,0,Header
500,1212,2433,5,2,0,0,0,1,3,2,7,2,1,1,1,Input Validation
200,1761,8674,7,3,1,2,2,1,5,1,10,0,0,0,1,Authorization
200,675,2813,6,1,1,3,1,1,0,2,9,3,1,0,0,Authentication
200,121,6942,13,1,0,4,0,0,0,0,6,1,0,0,0,Safe
400,1108,1288,5,3,2,1,0,1,1,2,8,4,0,0,1,Configuration
301,194,1682,4,0,1,1,2,0,0,0,4,1,0,0,0,Header
500,1376,8319,2,4,1,0,2,1,1,1,4,1,0,1,1,Session
200,169,1494,3,0,0,3,3,0,0,0,4,0,0,0,0,Header
403,1007,3114,8,0,0,1,0,0,0,0,16,1,0,0,0,Session
500,76,411,7,1,2,4,3,1,2,0,15,1,0,1,1,Information
200,105,2869,2,0,1,0,0,0,0,0,2,0,0,0,0,Header
400,1734,2938,6,2,1,0,2,0,3,0,14,1,0,1,1,Configuration
302,192,4249,5,0,0,4,1,1,0,2,3,3,1,0,1,Session
200,457,378,6,4,0,0,3,0,5,2,4,2,0,1,0,Configuration
400,474,2205,8,3,2,3,3,1,3,0,4,1,0,1,0,Configuration
200,1191,434,4,0,0,2,2,1,2,3,9,1,1,1,0,Input Validation
200,80,2375,2,1,1,4,2,0,0,0,4,0,0,0,0,Header
200,77,5920,13,0,0,1,1,0,0,0,4,0,0,0,0,Safe
302,1616,2249,7,3,2,0,2,1,2,0,14,2,1,1,0,Configuration
500,816,3855,3,1,0,0,0,0,3,3,8,4,1,1,1,Input Validation
200,231,224,1,0,0,1,1,0,0,0,4,1,0,0,0,Header
403,911,2387,6,4,2,0,3,0,3,1,7,4,0,1,1,Information
400,749,210,4,1,0,3,1,0,2,3,14,2,0,1,0,Input Validation
301,129,2535,4,1,0,1,3,0,0,0,1,1,0,0,0,Header
500,1661,653,8,3,0,1,2,0,2,1,1,3,0,1,1,Session
200,112,4517,2,0,0,1,2,1,5,1,9,1,0,1,1,Input Validation
200,155,483,2,0,0,3,0,0,0,0,3,1,0,0,0,Header
500,277,9388,8,3,1,3,3,0,3,0,11,4,0,1,1,Authorization
500,319,1396,5,0,0,3,1,1,6,2,9,4,1,0,0,Input Validation
200,294,5543,7,2,1,2,1,1,2,2,1,3,1,0,0,Authentication
403,1178,5681,8,2,1,0,0,1,1,2,14,1,1,0,0,Configuration
302,232,5685,5,2,0,3,0,1,3,1,6,3,1,0,0,Authentication
400,1494,7375,5,2,1,3,2,1,5,1,14,3,1,1,0,Session
500,499,1384,8,4,2,1,3,1,1,0,2,2,1,0,1,Information
302,545,6136,4,3,0,3,0,1,2,1,4,1,1,0,0,Authentication
500,571,4813,6,0,0,1,0,1,5,1,9,3,0,1,0,Input Validation
403,1976,5138,4,4,0,0,1,0,3,1,5,2,1,1,1,Information
500,1090,1491,6,3,0,3,2,1,0,0,5,1,0,0,1,Information
200,163,274,1,0,0,2,2,0,0,0,3,0,0,0,0,Header
302,113,3522,5,2,2,3,1,1,2,2,4,2,1,0,0,Authentication
400,1086,1823,3,2,0,2,1,1,4,3,5,2,0,1,1,Input Validation
200,80,1876,2,0,0,4,0,0,0,0,1,0,0,0,0,Header
200,990,2879,9,4,0,4,3,0,0,1,16,2,1,1,0,Information
200,434,4898,6,1,0,2,3,1,3,2,7,2,1,0,0,Authentication
200,102,7950,9,1,0,3,0,0,0,0,3,2,0,0,0,Safe
200,201,2931,2,3,1,0,3,1,0,0,2,1,0,0,0,Configuration
200,122,1349,4,1,0,3,1,0,0,0,4,1,0,0,0,Header
200,522,6143,7,1,0,3,3,1,1,1,9,1,1,0,0,Authentication
403,1021,3094,3,1,2,3,2,1,3,1,15,2,1,1,0,Configuration
200,359,3435,5,3,0,2,3,1,3,1,5,1,1,0,0,Authentication
200,65,325,2,0,0,2,2,0,0,0,1,0,0,0,0,Header
200,530,7765,5,3,0,0,0,1,4,2,2,3,1,0,0,Authentication
200,88,2099,3,1,1,1,1,0,0,0,1,1,0,0,0,Header
500,238,6968,8,3,2,1,1,0,1,1,11,0,1,0,0,Configuration
302,1097,9990,6,0,0,2,2,0,5,0,16,4,0,1,0,Session
302,1443,2798,9,3,2,2,2,0,1,0,3,2,0,1,1,Authorization
200,1197,4052,8,0,2,3,2,1,4,0,18,2,0,1,1,Configuration
400,1003,4991,2,1,2,3,0,1,3,0,7,0,0,1,1,Session
200,96,10736,11,1,0,0,0,0,0,0,7,1,0,0,0,Safe
200,105,2952,2,2,0,0,2,0,4,1,3,4,1,0,0,Input Validation
200,215,7016,7,1,2,4,3,1,0,2,6,2,1,0,0,Authentication
500,1105,6126,3,4,0,3,3,0,3,2,7,1,0,0,0,Configuration
500,381,4298,5,0,2,2,2,0,3,1,14,1,1,1,1,Authorization
200,256,2662,6,1,1,3,3,1,2,1,5,3,1,0,0,Authentication
200,155,1967,1,0,1,4,3,0,0,0,2,0,0,0,0,Header
200,162,2014,4,1,1,4,3,0,0,0,4,0,0,0,0,Header
200,207,2141,2,1,0,2,2,0,0,0,1,1,0,0,0,Header
200,75,2178,4,0,1,3,3,0,0,0,4,1,0,0,0,Header
200,116,1066,1,1,1,2,3,0,0,0,4,1,0,0,0,Header
400,670,1668,4,1,0,3,3,0,5,1,8,2,0,1,1,Input Validation
200,192,11502,8,0,0,1,3,0,0,0,7,2,0,0,0,Safe
200,170,15391,14,0,0,4,3,0,0,0,5,2,0,0,0,Safe
200,93,364,2,0,0,2,3,0,0,0,1,1,0,0,0,Header
400,1058,386,6,1,0,1,0,0,7,2,5,2,1,0,1,Input Validation
302,274,6138,4,0,1,4,0,0,0,2,17,2,1,1,1,Configuration
403,1267,3764,7,3,2,4,3,0,4,2,9,4,1,0,1,Configuration
403,309,930,7,3,2,1,0,1,2,0,16,2,1,0,0,Configuration
200,853,4509,6,1,0,4,3,0,7,1,14,1,1,1,0,Input Validation
400,1165,5036,8,1,2,1,1,0,3,2,8,2,1,1,1,Information
200,271,601,1,0,0,3,2,0,0,0,1,0,0,0,0,Header
200,164,2889,8,1,0,2,3,0,0,0,3,1,0,0,0,Safe
200,139,1438,14,1,0,2,0,0,0,0,1,0,0,0,0,Safe
302,1603,7204,6,4,0,3,3,1,2,1,12,3,0,1,1,Configuration
400,831,1568,2,2,0,3,3,1,3,3,11,4,0,0,0,Input Validation
301,191,689,2,0,1,1,0,0,0,0,3,1,0,0,0,Header
500,1954,8162,3,1,1,4,1,1,3,0,14,2,0,1,0,Configuration
400,1337,3779,5,0,0,4,1,1,3,3,2,2,0,0,0,Input Validation
500,1438,4790,3,2,0,2,1,0,7,3,3,2,0,1,1,Input Validation
200,25,4054,11,0,0,3,0,0,0,0,4,2,0,0,0,Safe
403,349,5425,7,0,2,2,3,0,1,0,6,0,0,0,0,Configuration
200,126,2219,9,1,0,4,3,0,0,0,5,0,0,0,0,Safe
200,1272,5175,3,2,2,2,2,0,2,0,6,0,0,1,0,Configuration
200,135,454,2,1,0,3,1,0,7,2,7,2,0,0,1,Input Validation
302,435,3089,6,1,1,0,2,0,2,1,19,0,1,0,0,Authorization
301,117,1019,3,0,1,3,2,0,0,0,4,0,0,0,0,Header
301,213,1676,2,1,1,0,3,0,0,0,2,1,0,0,0,Header
400,1304,9201,3,3,0,1,1,0,1,2,11,3,1,0,1,Session
403,1667,5229,4,1,1,0,2,1,3,2,7,1,0,1,0,Configuration
200,1282,1924,6,0,0,3,2,1,5,1,12,3,1,0,1,Input Validation
403,1587,5953,6,2,1,4,0,1,0,1,13,3,1,1,0,Authorization
500,174,7347,9,2,1,0,2,1,0,0,14,3,0,1,0,Authorization
200,159,536,4,0,1,3,2,0,0,0,2,1,0,0,0,Header
302,457,5679,6,1,2,0,1,1,0,1,10,1,0,0,0,Configuration
200,905,2192,3,0,0,0,1,1,2,3,5,3,1,0,1,Input Validation
200,1154,7968,5,3,2,4,1,0,0,2,4,3,1,0,0,Session
302,1590,8741,5,0,0,0,3,1,0,1,2,1,0,0,0,Information
400,486,3981,2,0,0,4,3,0,2,1,10,2,0,1,1,Input Validation
200,264,5020,7,1,0,4,0,1,3,1,4,1,1,0,0,Authentication
403,487,6616,3,0,2,1,1,0,0,2,3,3,0,0,1,Session
200,775,4960,3,3,0,3,2,1,3,1,5,1,1,0,0,Authentication
400,1911,3907,2,2,1,4,3,1,3,1,14,3,0,0,0,Information
200,486,2181,6,0,0,0,1,0,5,2,14,2,1,0,1,Input Validation
200,624,7258,7,3,2,4,1,1,1,1,3,1,1,0,0,Authentication
302,932,3324,2,1,1,2,0,1,1,2,11,2,1,1,0,Session
200,415,3132,5,0,0,3,3,1,5,1,11,1,1,1,1,Input Validation
200,736,4209,5,2,1,3,1,1,4,2,9,2,1,0,0,Authentication
200,114,9342,13,0,0,2,3,0,0,0,3,0,0,0,0,Safe
403,428,3651,7,3,0,4,0,1,4,2,5,1,1,0,0,Authentication
200,1387,467,4,1,0,0,1,0,2,2,12,1,0,1,1,Input Validation
401,375,6186,7,1,0,1,2,1,3,2,8,1,1,0,0,Authentication
200,104,2721,2,0,0,0,3,0,0,0,1,0,0,0,0,Header
500,982,734,3,2,0,4,3,1,4,2,9,2,0,0,1,Input Validation
302,385,8502,9,4,2,3,1,0,1,0,11,3,1,0,0,Configuration
500,1017,7413,6,3,1,4,0,1,3,2,12,1,1,1,1,Authorization
200,216,2086,3,0,1,4,2,0,0,0,2,1,0,0,0,Header
302,883,2961,8,1,0,2,3,1,1,2,13,0,1,1,1,Configuration
302,670,4724,7,2,2,2,2,1,1,1,7,1,1,0,0,Authentication
200,271,2500,4,1,1,3,3,0,0,0,2,1,0,0,0,Header
302,1415,8807,3,4,2,4,2,0,3,2,11,4,0,1,1,Authorization
302,409,8290,9,3,2,4,2,0,0,1,14,0,1,0,0,Configuration
400,296,3244,5,1,0,3,3,0,7,3,12,2,1,0,1,Input Validation
200,66,2969,1,0,1,2,1,0,0,0,1,0,0,0,0,Header
400,1031,1742,2,0,0,2,3,1,7,2,10,2,0,0,0,Input Validation
400,846,2874,6,2,0,4,3,0,4,1,6,4,1,0,0,Input Validation
400,614,920,4,0,0,1,1,0,4,0,11,1,1,1,0,Information
200,1664,6744,3,0,0,4,1,0,2,2,7,1,1,0,1,Configuration
200,67,758,12,1,0,0,0,0,0,0,5,0,0,0,0,Safe
200,205,2605,3,0,1,2,1,0,0,0,1,0,0,0,0,Header
403,542,5978,8,2,1,0,0,0,5,0,15,3,1,0,1,Configuration
500,1514,6382,4,3,2,4,1,0,5,0,15,4,1,0,1,Information
200,1472,9333,7,0,1,2,3,0,3,2,1,4,1,1,1,Session
200,1254,229,4,1,0,0,1,0,3,3,6,2,0,1,1,Input Validation
200,111,11158,9,1,0,3,1,0,0,0,3,0,0,0,0,Safe
500,313,7784,6,4,0,4,0,1,4,1,14,4,0,0,1,Configuration
400,339,2704,9,0,2,4,3,0,2,2,15,1,0,1,0,Configuration
302,1393,5773,4,4,0,4,3,1,4,0,17,1,0,1,0,Authorization
200,267,1665,4,0,0,1,2,0,0,0,3,1,0,0,0,Header
403,1792,1216,7,3,2,1,0,1,0,1,8,2,1,1,0,Authorization
200,133,5592,10,0,0,4,1,0,0,0,3,0,0,0,0,Safe
400,1342,2143,4,2,0,1,1,0,7,3,14,3,1,0,1,Input Validation
200,115,843,3,0,0,2,2,0,0,0,2,0,0,0,0,Header
400,585,1537,3,0,0,4,2,1,7,1,6,2,1,0,0,Input Validation
500,556,3701,6,1,0,0,2,1,2,1,9,4,0,0,0,Input Validation
200,57,1777,2,0,0,4,3,0,0,0,3,0,0,0,0,Header
500,498,7761,2,1,1,2,3,1,1,2,2,3,0,1,0,Session
500,1459,1243,5,2,0,3,3,0,7,2,4,2,1,0,0,Input Validation
200,1257,3449,5,2,0,4,2,1,4,1,4,1,0,1,0,Input Validation
200,72,12056,14,1,0,2,3,0,0,0,6,0,0,0,0,Safe
200,1688,2818,7,2,1,3,2,1,3,2,2,1,0,1,1,Information
200,727,9391,4,1,0,0,2,1,4,1,5,0,1,0,1,Session
200,634,5267,6,1,2,2,2,1,4,2,8,3,1,0,0,Authentication
200,135,1876,3,0,1,1,3,0,0,0,1,0,0,0,0,Header
400,802,7002,9,4,1,2,1,0,2,0,18,1,0,0,1,Information
200,181,8543,10,0,0,0,1,0,0,0,1,1,0,0,0,Safe
500,562,7602,8,3,1,4,0,0,5,0,8,3,0,0,0,Configuration
500,1306,3001,4,3,2,3,3,0,3,2,17,3,1,0,1,Information
200,253,1077,3,0,0,1,2,0,0,0,2,0,0,0,0,Header
200,243,1169,1,0,1,3,0,0,0,0,3,1,0,0,0,Header
200,110,2874,4,1,1,4,2,0,0,0,1,0,0,0,0,Header
200,142,11409,9,1,0,3,2,0,0,0,4,2,0,0,0,Safe
200,181,7240,14,0,0,1,1,0,0,0,2,0,0,0,0,Safe
422,666,3461,6,0,0,3,0,1,2,2,7,3,0,1,1,Input Validation
302,1637,3021,8,2,1,2,2,0,2,1,7,2,0,1,1,Session
500,1497,331,2,2,0,0,2,0,6,1,12,4,1,0,0,Input Validation
200,814,1909,4,1,0,1,0,0,2,2,4,2,1,0,0,Input Validation
200,48,15600,13,1,0,2,0,0,0,0,4,1,0,0,0,Safe
200,703,8649,3,0,2,0,3,1,4,2,10,0,1,0,0,Authorization
200,189,19078,13,0,0,2,1,0,0,0,3,1,0,0,0,Safe
500,1244,546,6,0,0,4,3,0,6,1,11,1,1,0,0,Input Validation
200,33,16007,13,1,0,0,0,0,0,0,2,2,0,0,0,Safe
422,1042,2501,4,0,0,2,2,0,2,3,12,2,1,1,0,Input Validation
400,53,2660,7,1,2,0,0,0,2,0,5,0,0,1,1,Session
400,1896,4696,6,3,2,2,0,0,5,0,6,4,0,0,1,Configuration
200,326,2299,3,0,0,2,2,0,2,1,7,4,1,0,1,Input Validation
302,1146,3198,2,0,0,2,3,1,1,2,16,0,0,0,0,Information
400,229,4633,6,2,1,1,0,1,5,1,11,2,1,1,1,Authorization
200,128,5278,9,1,0,4,2,0,0,0,4,2,0,0,0,Safe
500,662,4112,4,0,2,0,2,1,2,0,19,4,1,1,1,Information
403,840,6017,7,4,1,2,3,1,3,2,3,2,0,0,1,Session
200,718,2253,3,1,2,3,0,0,4,1,15,3,1,0,1,Configuration
403,1365,1791,2,4,1,1,2,1,5,1,12,1,0,0,1,Information
304,146,1777,14,1,0,2,3,0,0,0,5,1,0,0,0,Safe
200,313,2997,5,2,1,3,2,1,2,2,5,2,1,0,0,Authentication
200,48,501,4,0,0,3,0,0,0,0,1,1,0,0,0,Header
500,437,6091,9,2,0,0,0,1,4,1,5,4,0,0,1,Configuration
302,1643,9555,8,4,2,4,1,1,0,2,5,4,1,0,0,Information
302,1458,5015,3,1,0,3,1,1,2,1,5,0,1,1,1,Information
200,340,3591,6,1,0,2,0,1,5,3,7,2,1,0,0,Input Validation
